feature	metadata	value	coef	stderr	N	N.not.0	pval	qval
UNINTEGRATED.g__Escherichia.s__Escherichia_coli	study_condition	T2D	2.39932529161877	0.227579453911206	952	361	1.19568666353271e-24	1.03546465061932e-20
GLYOXYLATE.BYPASS..glyoxylate.cycle	study_condition	T2D	1.74875839672407	0.17183444090245	952	433	3.71015049284761e-23	1.60649516340301e-19
GLYCOLYSIS.TCA.GLYOX.BYPASS..superpathway.of.glycolysis..pyruvate.dehydrogenase..TCA..and.glyoxylate.bypass	study_condition	T2D	1.43826157628473	0.152291812655889	952	361	2.70629621088053e-20	6.93268907802522e-17
TCA.GLYOX.BYPASS..superpathway.of.glyoxylate.bypass.and.TCA	study_condition	T2D	1.54229282053342	0.163641644227937	952	365	3.20216585590079e-20	6.93268907802522e-17
PWY.6803..phosphatidylcholine.acyl.editing	study_condition	T2D	1.55418604346395	0.166786675525648	952	360	8.05736822167579e-20	1.39553617599425e-16
PWY.5675..nitrate.reduction.V..assimilatory.	study_condition	T2D	1.7215723264162	0.186729623872774	952	331	1.88363944089542e-19	2.71871959302573e-16
PWY.4702..phytate.degradation.I	study_condition	T2D	1.68376780695481	0.186451415684587	952	314	9.36547225349084e-19	1.15864271021758e-15
PWY.5173..superpathway.of.acetyl.CoA.biosynthesis	study_condition	T2D	1.47886272889469	0.164193526231747	952	332	1.1436635392449e-18	1.23801578123261e-15
PWY.5913..TCA.cycle.VI..obligate.autotrophs.	study_condition	T2D	1.65131765869834	0.183767714162549	952	611	1.36315367236468e-18	1.31165675585313e-15
FAO.PWY..fatty.acid..beta..oxidation.I	study_condition	T2D	1.73759988272159	0.194106100154933	952	589	1.81310616491814e-18	1.4274090352901e-15
PWY.5136..fatty.acid..beta..oxidation.II..peroxisome.	study_condition	T2D	1.67792269308297	0.187231600399237	952	586	1.66850271694246e-18	1.4274090352901e-15
PWY0.1586..peptidoglycan.maturation..meso.diaminopimelate.containing..g__Escherichia.s__Escherichia_coli	study_condition	T2D	1.98929843612886	0.22269092904018	952	261	2.12119969958749e-18	1.53079911653564e-15
VALSYN.PWY..L.valine.biosynthesis.g__Escherichia.s__Escherichia_coli	study_condition	T2D	2.33488304243924	0.26466898538228	952	242	5.33222643376345e-18	3.55208314741473e-15
PWY.7111..pyruvate.fermentation.to.isobutanol..engineered..g__Escherichia.s__Escherichia_coli	study_condition	T2D	2.23533539958938	0.254687807729047	952	248	7.73306618772631e-18	4.78345379897927e-15
PWY.7117..C4.photosynthetic.carbon.assimilation.cycle..PEPCK.type	study_condition	T2D	1.57050139730818	0.181889885550405	952	605	2.47337422689843e-17	1.37895373477575e-14
SULFATE.CYS.PWY..superpathway.of.sulfate.assimilation.and.cysteine.biosynthesis	study_condition	T2D	1.39128615381844	0.161202014327261	952	598	2.54772052614457e-17	1.37895373477575e-14
P441.PWY..superpathway.of.N.acetylneuraminate.degradation	study_condition	T2D	1.24719765869195	0.146368940102449	952	543	6.17416616484014e-17	2.70629768869359e-14
PWY.241..C4.photosynthetic.carbon.assimilation.cycle..NADP.ME.type	study_condition	T2D	1.57288878132595	0.184333053042037	952	606	5.60976781499169e-17	2.70629768869359e-14
SO4ASSIM.PWY..sulfate.reduction.I..assimilatory.	study_condition	T2D	1.53597635704909	0.180419674264372	952	601	6.56019413403545e-17	2.70629768869359e-14
PWY.5913..TCA.cycle.VI..obligate.autotrophs..unclassified	study_condition	T2D	1.38638205618122	0.162574289852617	952	399	5.84796165510468e-17	2.70629768869359e-14
PWY0.1415..superpathway.of.heme.biosynthesis.from.uroporphyrinogen.III	study_condition	T2D	1.29991458097813	0.152692085924521	952	320	6.56261564232857e-17	2.70629768869359e-14
PWY.5918..superpathay.of.heme.biosynthesis.from.glutamate	study_condition	T2D	1.12279793156128	0.133041024623988	952	334	1.18326267468671e-16	4.65775216490313e-14
GLUCARDEG.PWY..D.glucarate.degradation.I	study_condition	T2D	1.42222784007127	0.169093817673702	952	406	1.48520445833649e-16	5.59211765617132e-14
PWY.5656..mannosylglycerate.biosynthesis.I	study_condition	T2D	1.246284354849	0.148646412643676	952	245	1.83451556478771e-16	6.61954366294233e-14
PWY.821..superpathway.of.sulfur.amino.acid.biosynthesis..Saccharomyces.cerevisiae.	study_condition	T2D	1.32613760926366	0.158335073740287	952	340	1.96530324172388e-16	6.80781042933153e-14
PWY.5723..Rubisco.shunt	study_condition	T2D	1.51801136490552	0.182149006367582	952	364	2.72908801107702e-16	9.08996237535653e-14
FERMENTATION.PWY..mixed.acid.fermentation	study_condition	T2D	1.34650415839216	0.162421676894415	952	569	3.84759114286047e-16	1.23407923322858e-13
PWY0.781..aspartate.superpathway	study_condition	T2D	1.14355609814318	0.138483536040941	952	422	4.96071569064482e-16	1.53427849574943e-13
P4.PWY..superpathway.of.L.lysine..L.threonine.and.L.methionine.biosynthesis.I	study_condition	T2D	1.15599417609038	0.14132541424383	952	430	9.10523541781577e-16	2.71901167994085e-13
PWY.5345..superpathway.of.L.methionine.biosynthesis..by.sulfhydrylation.	study_condition	T2D	1.30010454117634	0.159579295804116	952	592	1.17165060839672e-15	3.38216475623852e-13
PWY.5971..palmitate.biosynthesis.II..bacteria.and.plants.	study_condition	T2D	0.922552081034392	0.113523525488525	952	225	1.37296020912557e-15	3.83543077775078e-13
P461.PWY..hexitol.fermentation.to.lactate..formate..ethanol.and.acetate	study_condition	T2D	1.33044952105071	0.164564901243533	952	489	1.89473900080615e-15	5.12763742093164e-13
P105.PWY..TCA.cycle.IV..2.oxoglutarate.decarboxylase.	study_condition	T2D	1.01857565234394	0.127065173987354	952	302	3.19886673486214e-15	8.39460179512308e-13
P161.PWY..acetylene.degradation	study_condition	T2D	1.43875270463208	0.18054781718031	952	357	4.58456777250015e-15	1.16771637970151e-12
PWY.5675..nitrate.reduction.V..assimilatory..unclassified	study_condition	T2D	1.05049803011898	0.131983580049886	952	278	4.92714986462531e-15	1.21911765221872e-12
PWY.6113..superpathway.of.mycolate.biosynthesis	study_condition	T2D	0.865013989239497	0.108847680550937	952	220	5.40771196419914e-15	1.23238909499907e-12
PWY.561..superpathway.of.glyoxylate.cycle.and.fatty.acid.degradation	study_condition	T2D	1.11939747546749	0.140828952160455	952	293	5.3419155832136e-15	1.23238909499907e-12
PWY.5173..superpathway.of.acetyl.CoA.biosynthesis.unclassified	study_condition	T2D	1.24146875565732	0.156152263718229	952	265	5.27199204134598e-15	1.23238909499907e-12
PWY4LZ.257..superpathway.of.fermentation..Chlamydomonas.reinhardtii.	study_condition	T2D	1.36707881927625	0.172253949550561	952	350	5.85884884725046e-15	1.30096489787664e-12
KETOGLUCONMET.PWY..ketogluconate.metabolism	study_condition	T2D	1.42400928825888	0.179703666087137	952	271	6.4245405034235e-15	1.39091301899119e-12
PWY.7254..TCA.cycle.VII..acetate.producers.	study_condition	T2D	1.09346244772131	0.139384929716772	952	360	1.1657710958314e-14	2.46233602192681e-12
PWY.6629..superpathway.of.L.tryptophan.biosynthesis	study_condition	T2D	1.24543768469065	0.158934811367905	952	288	1.24467588189414e-14	2.56640312790553e-12
PWY.6628..superpathway.of.L.phenylalanine.biosynthesis	study_condition	T2D	1.2171827120585	0.156560116678692	952	418	1.96975907508071e-14	3.96700316051138e-12
PWY.5695..urate.biosynthesis.inosine.5..phosphate.degradation.g__Escherichia.s__Escherichia_coli	study_condition	T2D	1.9695783915056	0.256935189064208	952	227	4.39958725707076e-14	8.65918764687108e-12
PYRIDNUCSAL.PWY..NAD.salvage.pathway.I	study_condition	T2D	1.15360861481823	0.150834213201506	952	429	5.00069730901909e-14	9.53685308995424e-12
PWY.5845..superpathway.of.menaquinol.9.biosynthesis	study_condition	T2D	0.792069303033356	0.103586898465699	952	288	5.06576492076091e-14	9.53685308995424e-12
PWY.5862..superpathway.of.demethylmenaquinol.9.biosynthesis	study_condition	T2D	0.815204267115717	0.106708548040135	952	288	5.3274687362988e-14	9.81614452262715e-12
PWY.5863..superpathway.of.phylloquinol.biosynthesis	study_condition	T2D	1.29649037910946	0.169822875998576	952	362	5.53283674302206e-14	9.98215962386896e-12
PWY.6284..superpathway.of.unsaturated.fatty.acids.biosynthesis..E..coli.	study_condition	T2D	1.01515871407351	0.133603942058011	952	225	7.20005762005089e-14	1.27249997938042e-11
PWY.5897..superpathway.of.menaquinol.11.biosynthesis	study_condition	T2D	1.25203184023117	0.165592612816321	952	368	9.44518867054639e-14	1.5308949553624e-11
PWY.5898..superpathway.of.menaquinol.12.biosynthesis	study_condition	T2D	1.25203184023117	0.165592612816321	952	368	9.44518867054639e-14	1.5308949553624e-11
PWY.5899..superpathway.of.menaquinol.13.biosynthesis	study_condition	T2D	1.25203184023117	0.165592612816321	952	368	9.44518867054639e-14	1.5308949553624e-11
PWY.5791..1.4.dihydroxy.2.naphthoate.biosynthesis.II..plants.	study_condition	T2D	1.32446147985381	0.175206022842229	952	368	9.5459962574561e-14	1.5308949553624e-11
PWY.5837..1.4.dihydroxy.2.naphthoate.biosynthesis.I	study_condition	T2D	1.32446147985381	0.175206022842229	952	368	9.5459962574561e-14	1.5308949553624e-11
PWY.5861..superpathway.of.demethylmenaquinol.8.biosynthesis	study_condition	T2D	1.25543914799498	0.16795016621709	952	366	1.75482288130884e-13	2.76304839129719e-11
PWY.5838..superpathway.of.menaquinol.8.biosynthesis.I	study_condition	T2D	1.22157438855285	0.163620110187225	952	366	1.87393867378666e-13	2.89791230624866e-11
PWY.7663..gondoate.biosynthesis..anaerobic..g__Escherichia.s__Escherichia_coli	study_condition	T2D	1.37638786174048	0.184538973107009	952	214	1.97600895465397e-13	3.00214693812339e-11
GLYOXYLATE.BYPASS..glyoxylate.cycle.unclassified	study_condition	T2D	0.98084634189158	0.132033352629498	952	317	2.44461870198434e-13	3.65006861365248e-11
GALACTARDEG.PWY..D.galactarate.degradation.I	study_condition	T2D	1.32302507806048	0.181172030974665	952	522	5.98108001559394e-13	8.63269215584058e-11
GLUCARGALACTSUPER.PWY..superpathway.of.D.glucarate.and.D.galactarate.degradation	study_condition	T2D	1.32302507806048	0.181172030974665	952	522	5.98108001559394e-13	8.63269215584058e-11
HEME.BIOSYNTHESIS.II..heme.biosynthesis.I..aerobic.	study_condition	T2D	1.14098241068651	0.156655327650886	952	521	6.84526873180394e-13	9.71803724875772e-11
PWY.5367..petroselinate.biosynthesis	study_condition	T2D	1.04198362875725	0.143998335895443	952	233	9.53408894318001e-13	1.33169693948289e-10
NONOXIPENT.PWY..pentose.phosphate.pathway..non.oxidative.branch..g__Escherichia.s__Escherichia_coli	study_condition	T2D	1.13032428200292	0.156342425328912	952	235	9.96148925423907e-13	1.36930947526524e-10
FERMENTATION.PWY..mixed.acid.fermentation.unclassified	study_condition	T2D	0.930530929510367	0.130146419718457	952	334	1.73527882809369e-12	2.34804916426427e-10
GLUCOSE1PMETAB.PWY..glucose.and.glucose.1.phosphate.degradation	study_condition	T2D	1.3761333111024	0.192542362177328	952	554	1.76802794027309e-12	2.35555722504076e-10
HOMOSER.METSYN.PWY..L.methionine.biosynthesis.I.unclassified	study_condition	T2D	0.960325830854118	0.135280950675223	952	453	2.46805326690063e-12	3.23838504414537e-10
PWY.5747..2.methylcitrate.cycle.II	study_condition	T2D	1.26246679222478	0.178184452888953	952	218	2.70919881561813e-12	3.50174055869447e-10
DAPLYSINESYN.PWY..L.lysine.biosynthesis.I	study_condition	T2D	1.11931710199118	0.160020566747333	952	635	5.01637063530241e-12	6.38849554437043e-10
PWY.6803..phosphatidylcholine.acyl.editing.g__Escherichia.s__Escherichia_coli	study_condition	T2D	1.27650138307973	0.183421405421943	952	219	6.37596634714033e-12	8.00229979220801e-10
SO4ASSIM.PWY..sulfate.reduction.I..assimilatory..unclassified	study_condition	T2D	0.937877773664583	0.134966385907478	952	313	6.84033785978453e-12	8.46247512367629e-10
PWY.7115..C4.photosynthetic.carbon.assimilation.cycle..NAD.ME.type	study_condition	T2D	1.3482387879825	0.194670723226097	952	524	7.99870387604739e-12	9.75616557275639e-10
PWY.5083..NAD.NADH.phosphorylation.and.dephosphorylation.unclassified	study_condition	T2D	1.16774085846511	0.170155746381295	952	285	1.21942757903171e-11	1.4667003936687e-09
PWY.5083..NAD.NADH.phosphorylation.and.dephosphorylation	study_condition	T2D	1.16150162963921	0.169898843135712	952	667	1.45330336478665e-11	1.70075772149356e-09
FASYN.INITIAL.PWY..superpathway.of.fatty.acid.biosynthesis.initiation..E..coli..unclassified	study_condition	T2D	1.00205380065808	0.146539183977057	952	431	1.43698482032512e-11	1.70075772149356e-09
GLUCOSE1PMETAB.PWY..glucose.and.glucose.1.phosphate.degradation.unclassified	study_condition	T2D	0.893770028199108	0.131556148363952	952	336	1.92767057597107e-11	2.22581695838793e-09
PWY.5189..tetrapyrrole.biosynthesis.II..from.glycine.	study_condition	T2D	1.14852478226179	0.170763834320791	952	346	3.01668649975427e-11	3.43743487998316e-09
PYRIDOXSYN.PWY..pyridoxal.5..phosphate.biosynthesis.I.unclassified	study_condition	T2D	0.895298885349877	0.133474273160402	952	287	3.3974996038722e-11	3.82108397006925e-09
PWY.7388..octanoyl..acyl.carrier.protein..biosynthesis..mitochondria..yeast..unclassified	study_condition	T2D	0.998938261843974	0.150103723761781	952	425	4.78879549576011e-11	5.31679089657468e-09
PWY.4041...gamma..glutamyl.cycle.unclassified	study_condition	T2D	0.925027666807579	0.139945465546556	952	383	6.41191612632832e-11	7.02875869038016e-09
MET.SAM.PWY..superpathway.of.S.adenosyl.L.methionine.biosynthesis.unclassified	study_condition	T2D	0.81357034190219	0.1232793417272	952	447	6.86181294629227e-11	7.42791251436138e-09
HEXITOLDEGSUPER.PWY..superpathway.of.hexitol.degradation..bacteria.	study_condition	T2D	0.806806117968069	0.122417441710473	952	655	7.26176682331402e-11	7.76381489998758e-09
POLYAMSYN.PWY..superpathway.of.polyamine.biosynthesis.I.unclassified	study_condition	T2D	0.747561773736189	0.113884305847068	952	392	8.60468494645791e-11	9.08738678491774e-09
PWY.5384..sucrose.degradation.IV..sucrose.phosphorylase.	study_condition	T2D	1.00747632653602	0.153532078481254	952	672	8.72863578138866e-11	9.10722721287058e-09
PWY.5384..sucrose.degradation.IV..sucrose.phosphorylase..unclassified	study_condition	T2D	0.97351786705757	0.148686545521025	952	292	9.58133162689112e-11	9.84567177305529e-09
METHGLYUT.PWY..superpathway.of.methylglyoxal.degradation	study_condition	T2D	1.302166398929	0.198956076888931	952	439	9.73322479632347e-11	9.84567177305529e-09
METSYN.PWY..L.homoserine.and.L.methionine.biosynthesis.unclassified	study_condition	T2D	0.822857890352444	0.12573684702241	952	448	9.77745695707569e-11	9.84567177305529e-09
PWY.5840..superpathway.of.menaquinol.7.biosynthesis	study_condition	T2D	0.927919431925797	0.142026596792371	952	277	1.04811716329185e-10	1.04329823380545e-08
PWY.5347..superpathway.of.L.methionine.biosynthesis..transsulfuration..unclassified	study_condition	T2D	0.798377952356685	0.123769949601401	952	433	1.77546600447433e-10	1.74721995440314e-08
PWY.6630..superpathway.of.L.tyrosine.biosynthesis	study_condition	T2D	0.959316821444421	0.148775939252647	952	288	1.80299758468885e-10	1.75437742510173e-08
PWY.7117..C4.photosynthetic.carbon.assimilation.cycle..PEPCK.type.unclassified	study_condition	T2D	0.772417223751359	0.120964762747636	952	301	2.67319139368525e-10	2.57220416325714e-08
PHOSLIPSYN.PWY..superpathway.of.phospholipid.biosynthesis.I..bacteria..unclassified	study_condition	T2D	0.857964204927011	0.135302584202377	952	465	3.52743591507747e-10	3.35687857412867e-08
PWY.4981..L.proline.biosynthesis.II..from.arginine..unclassified	BMI	BMI	-0.0507912317298537	0.00805115784811853	952	773	4.31713880555442e-10	4.0637415278371e-08
PWY.5345..superpathway.of.L.methionine.biosynthesis..by.sulfhydrylation..unclassified	study_condition	T2D	0.779768372266538	0.123800962946697	952	261	4.59297225894642e-10	4.27689674865333e-08
GLYCOLYSIS.E.D..superpathway.of.glycolysis.and.Entner.Doudoroff.unclassified	study_condition	T2D	0.548721031866244	0.0878322044508437	952	221	6.29824641979338e-10	5.80242702078836e-08
PWY.5177..glutaryl.CoA.degradation.unclassified	study_condition	T2D	0.864422950373641	0.138765322880943	952	395	7.03371573396812e-10	6.41178718485936e-08
PWY.7328..superpathway.of.UDP.glucose.derived.O.antigen.building.blocks.biosynthesis.unclassified	study_condition	T2D	0.769165647922714	0.123652885088579	952	264	7.43365579089711e-10	6.7057769947051e-08
FOLSYN.PWY..superpathway.of.tetrahydrofolate.biosynthesis.and.salvage	study_condition	T2D	0.896118925392602	0.144852734605721	952	244	9.14669399100022e-10	8.16601752186206e-08
PWY.6612..superpathway.of.tetrahydrofolate.biosynthesis	study_condition	T2D	0.906442786110982	0.146642285409453	952	244	9.43499702621749e-10	8.33745655582076e-08
SALVADEHYPOX.PWY..adenosine.nucleotides.degradation.II	study_condition	T2D	0.915023593220888	0.150011849037655	952	835	1.54672298361036e-09	1.35299202404705e-07
HOMOSER.METSYN.PWY..L.methionine.biosynthesis.I	study_condition	T2D	0.954667041828082	0.156694379210843	952	787	1.61454737435448e-09	1.39819802619098e-07
PWY.5347..superpathway.of.L.methionine.biosynthesis..transsulfuration.	study_condition	T2D	0.900120176595502	0.147965785249011	952	787	1.70674875179194e-09	1.46341031589289e-07
PWY.5022..4.aminobutanoate.degradation.V	study_condition	T2D	1.11943320295622	0.184262969513857	952	500	1.79182825861481e-09	1.5212973254514e-07
METSYN.PWY..L.homoserine.and.L.methionine.biosynthesis	study_condition	T2D	0.910947953251817	0.150419751471279	952	787	2.00965011175804e-09	1.68966698716744e-07
PWY.6549..L.glutamine.biosynthesis.III	study_condition	T2D	1.0391775354745	0.172789365788689	952	647	2.58022467421171e-09	2.14551822107551e-07
SULFATE.CYS.PWY..superpathway.of.sulfate.assimilation.and.cysteine.biosynthesis.unclassified	study_condition	T2D	0.656345359483446	0.109181365208621	952	261	2.6206346525361e-09	2.14551822107551e-07
FAO.PWY..fatty.acid..beta..oxidation.I.unclassified	study_condition	T2D	0.733660824574571	0.12204978223334	952	238	2.62615394265593e-09	2.14551822107551e-07
PWY.7046..4.coumarate.degradation..anaerobic.	study_condition	T2D	0.866276130882466	0.144252033008336	952	245	2.71924736776676e-09	2.20081142101497e-07
PWY.7328..superpathway.of.UDP.glucose.derived.O.antigen.building.blocks.biosynthesis	study_condition	T2D	0.96200569705127	0.160745589213958	952	524	3.07333747981558e-09	2.46142561646774e-07
PWY.241..C4.photosynthetic.carbon.assimilation.cycle..NADP.ME.type.unclassified	study_condition	T2D	0.697570974978051	0.116586488615977	952	276	3.09809921703215e-09	2.46142561646774e-07
MET.SAM.PWY..superpathway.of.S.adenosyl.L.methionine.biosynthesis	study_condition	T2D	0.880341823313431	0.147221944399188	952	787	3.16479849753587e-09	2.4915595444237e-07
PWY.7383..anaerobic.energy.metabolism..invertebrates..cytosol.	BMI	BMI	-0.0507535958002312	0.00849371642951793	952	764	3.24559081914065e-09	2.53214563006829e-07
PWY.6531..mannitol.cycle	study_condition	T2D	0.950419061614214	0.159195066610382	952	521	3.34834126073321e-09	2.5889852962455e-07
HEMESYN2.PWY..heme.biosynthesis.II..anaerobic.	study_condition	T2D	1.04014700707073	0.175497033276968	952	623	4.32043006748705e-09	3.31105525525999e-07
ARG.POLYAMINE.SYN..superpathway.of.arginine.and.polyamine.biosynthesis.unclassified	study_condition	T2D	0.58842072130656	0.0993538081597344	952	317	4.43305253104704e-09	3.36756446656731e-07
GLUDEG.I.PWY..GABA.shunt	study_condition	T2D	1.3139972461305	0.222595523737983	952	615	4.9666689824944e-09	3.74011768594796e-07
PWY0.1061..superpathway.of.L.alanine.biosynthesis.unclassified	study_condition	T2D	0.946924731958399	0.161804695180476	952	316	6.67743278008672e-09	4.98504895478888e-07
ARG.POLYAMINE.SYN..superpathway.of.arginine.and.polyamine.biosynthesis	study_condition	T2D	0.734794719287525	0.125811244243394	952	800	7.15103113604727e-09	5.29298543915978e-07
ASPASN.PWY..superpathway.of.L.aspartate.and.L.asparagine.biosynthesis	BMI	BMI	0.0105806753329284	0.00181614198179289	952	946	7.77910402546683e-09	5.66563921480771e-07
PWY.5136..fatty.acid..beta..oxidation.II..peroxisome..unclassified	study_condition	T2D	0.722474004277406	0.124013504133379	952	229	7.785347188939e-09	5.66563921480771e-07
GLYCOCAT.PWY..glycogen.degradation.I..bacterial..unclassified	study_condition	T2D	0.724631252949133	0.125922729917598	952	272	1.17239104049676e-08	8.46075534225161e-07
TCA..TCA.cycle.I..prokaryotic.	study_condition	T2D	0.711884924665952	0.123866266394402	952	802	1.22279660447475e-08	8.751585615497e-07
PWY0.1298..superpathway.of.pyrimidine.deoxyribonucleosides.degradation	study_condition	T2D	0.874618618223948	0.152337480567467	952	625	1.26457089682679e-08	8.97638030042626e-07
PWY.6353..purine.nucleotides.degradation.II..aerobic..unclassified	study_condition	T2D	0.761995582856118	0.132933788918134	952	443	1.33253411057787e-08	9.38190682732063e-07
UNINTEGRATED.g__Faecalibacterium.s__Faecalibacterium_prausnitzii	study_condition	T2D	-0.898199626265555	0.156846515633541	952	845	1.37517098599592e-08	9.60401672477797e-07
HSERMETANA.PWY..L.methionine.biosynthesis.III.g__Eubacterium.s__Eubacterium_eligens_CAG_72	BMI	BMI	-0.0518266771684654	0.00905628010086824	952	349	1.40589657855581e-08	9.74005149623465e-07
PWY66.399..gluconeogenesis.III	BMI	BMI	-0.0424533529813048	0.00746577582860791	952	729	1.7278857190631e-08	1.18757859738781e-06
SALVADEHYPOX.PWY..adenosine.nucleotides.degradation.II.unclassified	study_condition	T2D	0.88862584916211	0.156320882073576	952	653	1.74526559755683e-08	1.19007874605056e-06
PWY66.389..phytol.degradation	study_condition	T2D	1.55856586592759	0.274385335243621	952	336	1.7894270696306e-08	1.21065925179695e-06
DAPLYSINESYN.PWY..L.lysine.biosynthesis.I.unclassified	study_condition	T2D	0.858388225934134	0.152513622545999	952	355	2.3973122496557e-08	1.60935845597041e-06
PWY.6892..thiazole.biosynthesis.I..E..coli..g__Eubacterium.s__Eubacterium_eligens	BMI	BMI	-0.0492873306688825	0.00876922479335061	952	334	2.50421187572099e-08	1.66819037259567e-06
HSERMETANA.PWY..L.methionine.biosynthesis.III.g__Eubacterium.s__Eubacterium_eligens	BMI	BMI	-0.0549918502719126	0.00978809195833056	952	335	2.53595088844287e-08	1.67643776289429e-06
PWY.5097..L.lysine.biosynthesis.VI.g__Eubacterium.s__Eubacterium_eligens_CAG_72	BMI	BMI	-0.0561049918527537	0.00999086429265218	952	343	2.57328580140552e-08	1.68823144243726e-06
PWY.6122..5.aminoimidazole.ribonucleotide.biosynthesis.II.g__Eubacterium.s__Eubacterium_eligens	BMI	BMI	-0.0523469358471117	0.00935853251651641	952	431	2.91200133452705e-08	1.88193519082121e-06
PWY.6277..superpathway.of.5.aminoimidazole.ribonucleotide.biosynthesis.g__Eubacterium.s__Eubacterium_eligens	BMI	BMI	-0.0523469358471117	0.00935853251651641	952	431	2.91200133452705e-08	1.88193519082121e-06
TCA..TCA.cycle.I..prokaryotic..unclassified	study_condition	T2D	0.707557166746928	0.126575517908464	952	343	2.96936159546924e-08	1.90479047531583e-06
PWY0.862...5Z..dodec.5.enoate.biosynthesis.unclassified	study_condition	T2D	0.82725612129898	0.148030997297059	952	384	2.99599901608471e-08	1.907746432301e-06
PWY0.1296..purine.ribonucleosides.degradation.unclassified	BMI	BMI	-0.0386994790670864	0.00695994797953001	952	881	3.50245596015329e-08	2.21396121276843e-06
POLYAMSYN.PWY..superpathway.of.polyamine.biosynthesis.I	study_condition	T2D	0.731246594381831	0.132136023507411	952	813	4.05077428286633e-08	2.54200762968279e-06
PWY.5138..unsaturated..even.numbered.fatty.acid..beta..oxidation	study_condition	T2D	1.13486985526015	0.205965049194018	952	345	4.62485507755342e-08	2.88138453033184e-06
UNINTEGRATED.g__Eubacterium.s__Eubacterium_eligens	BMI	BMI	-0.0560965510849562	0.0102452244036232	952	484	5.5929910657786e-08	3.4596644735459e-06
PWY0.1297..superpathway.of.purine.deoxyribonucleosides.degradation	study_condition	T2D	0.880040848337087	0.161132665379608	952	553	6.03112879228663e-08	3.70422520150371e-06
PWY.5989..stearate.biosynthesis.II..bacteria.and.plants..unclassified	study_condition	T2D	0.754989440001306	0.138746745362556	952	340	6.72970039034533e-08	4.10416939298525e-06
PWY0.1296..purine.ribonucleosides.degradation.g__Eubacterium.s__Eubacterium_eligens	BMI	BMI	-0.0550468207895833	0.0101406535251371	952	319	7.22906617144735e-08	4.37788203110028e-06
PWY0.1586..peptidoglycan.maturation..meso.diaminopimelate.containing..unclassified	study_condition	T2D	0.73643798200274	0.135735741125347	952	789	7.33997226601547e-08	4.39582726968287e-06
TRPSYN.PWY..L.tryptophan.biosynthesis.g__Eubacterium.s__Eubacterium_eligens_CAG_72	BMI	BMI	-0.0456758512340241	0.00841948059301778	952	283	7.36021886956138e-08	4.39582726968287e-06
PWY.2723..trehalose.degradation.V	study_condition	T2D	0.917799884595041	0.169484620967353	952	492	7.76129143180757e-08	4.6036153287297e-06
GLYCOGENSYNTH.PWY..glycogen.biosynthesis.I..from.ADP.D.Glucose..g__Eubacterium.s__Eubacterium_eligens	BMI	BMI	-0.0342705880161163	0.00633319440764858	952	235	7.93032253661048e-08	4.67187708619366e-06
PWY.6936..seleno.amino.acid.biosynthesis.g__Eubacterium.s__Eubacterium_eligens	BMI	BMI	-0.0441956797756098	0.00817831384345661	952	340	8.2480397272795e-08	4.82621784042165e-06
THISYNARA.PWY..superpathway.of.thiamin.diphosphate.biosynthesis.III..eukaryotes.	BMI	BMI	0.0109657048986819	0.00203200295614884	952	946	8.58982017511377e-08	4.99247266553592e-06
PWY.2723..trehalose.degradation.V.unclassified	study_condition	T2D	0.660846789256814	0.123058200651197	952	234	9.89890919634238e-08	5.71497024268834e-06
UNINTEGRATED.g__Eubacterium.s__Eubacterium_eligens_CAG_72	BMI	BMI	-0.0712654444952617	0.0133105703506132	952	491	1.0796310788806e-07	6.19179148550069e-06
PWY.6122..5.aminoimidazole.ribonucleotide.biosynthesis.II.g__Eubacterium.s__Eubacterium_eligens_CAG_72	BMI	BMI	-0.0657541023806517	0.0123068442970356	952	450	1.14620680456091e-07	6.48768034476961e-06
PWY.6277..superpathway.of.5.aminoimidazole.ribonucleotide.biosynthesis.g__Eubacterium.s__Eubacterium_eligens_CAG_72	BMI	BMI	-0.0657541023806517	0.0123068442970356	952	450	1.14620680456091e-07	6.48768034476961e-06
PWY.5177..glutaryl.CoA.degradation.g__Faecalibacterium.s__Faecalibacterium_prausnitzii	study_condition	T2D	-0.797336459081045	0.149421254308595	952	780	1.18822245517257e-07	6.68182237778862e-06
ARGSYNBSUB.PWY..L.arginine.biosynthesis.II..acetyl.cycle..g__Eubacterium.s__Eubacterium_eligens_CAG_72	BMI	BMI	-0.0578731821647218	0.0108557082754889	952	359	1.22066319038477e-07	6.81996337337553e-06
PWY.5989..stearate.biosynthesis.II..bacteria.and.plants.	study_condition	T2D	0.970353087081318	0.182256529180519	952	808	1.26734211502147e-07	6.99056223954521e-06
PWY.6606..guanosine.nucleotides.degradation.II	study_condition	T2D	0.821724732366	0.154306078842602	952	747	1.25934848008379e-07	6.99056223954521e-06
FASYN.INITIAL.PWY..superpathway.of.fatty.acid.biosynthesis.initiation..E..coli.	study_condition	T2D	0.908972533089222	0.170841206300977	952	803	1.29149715495471e-07	7.07871225437199e-06
VALSYN.PWY..L.valine.biosynthesis.g__Faecalibacterium.s__Faecalibacterium_prausnitzii	study_condition	T2D	-0.752968517881833	0.141942053549585	952	777	1.40504872849882e-07	7.65265533886781e-06
TRNA.CHARGING.PWY..tRNA.charging.unclassified	BMI	BMI	-0.0331231187863927	0.00624588709290261	952	870	1.41684727772662e-07	7.66868589069532e-06
PWY.6282..palmitoleate.biosynthesis.I..from..5Z..dodec.5.enoate.	study_condition	T2D	0.985121485648707	0.185924472994323	952	801	1.45260562626465e-07	7.71752437021589e-06
DTDPRHAMSYN.PWY..dTDP.L.rhamnose.biosynthesis.I.g__Eubacterium.s__Eubacterium_eligens_CAG_72	BMI	BMI	-0.057447641796007	0.0108417727239494	952	422	1.4508466752934e-07	7.71752437021589e-06
PWY.6151..S.adenosyl.L.methionine.cycle.I.g__Eubacterium.s__Eubacterium_eligens	BMI	BMI	-0.0666192624766779	0.0125696451866018	952	388	1.44100365777471e-07	7.71752437021589e-06
PWY.6353..purine.nucleotides.degradation.II..aerobic.	study_condition	T2D	0.795634918403622	0.150221391675019	952	747	1.46882162841064e-07	7.75609469636349e-06
PWY.5686..UMP.biosynthesis.g__Eubacterium.s__Eubacterium_eligens_CAG_72	BMI	BMI	-0.0534782755352972	0.0101012259789195	952	339	1.48593477435216e-07	7.79890614902408e-06
PWY.6282..palmitoleate.biosynthesis.I..from..5Z..dodec.5.enoate..unclassified	study_condition	T2D	0.782221402175704	0.147822830898248	952	375	1.50677778194554e-07	7.86065999496891e-06
COA.PWY..coenzyme.A.biosynthesis.I.g__Eubacterium.s__Eubacterium_eligens_CAG_72	BMI	BMI	-0.0551000731640901	0.0104170419154025	952	345	1.52446758943169e-07	7.90532294878947e-06
PWY.7388..octanoyl..acyl.carrier.protein..biosynthesis..mitochondria..yeast.	study_condition	T2D	0.945520794406643	0.17898767290367	952	801	1.58059744016703e-07	8.1476034713372e-06
PWY.6703..preQ0.biosynthesis.g__Eubacterium.s__Eubacterium_eligens	BMI	BMI	-0.0553094382848908	0.0104784485803014	952	349	1.61621677347954e-07	8.28191553747504e-06
PWY.7664..oleate.biosynthesis.IV..anaerobic..unclassified	study_condition	T2D	0.75937466662554	0.144414298804543	952	375	1.79750719821113e-07	9.15671313912258e-06
PWY.7664..oleate.biosynthesis.IV..anaerobic.	study_condition	T2D	0.965138810015751	0.183599681297155	952	801	1.8122842841667e-07	9.17800111162787e-06
PWY.5097..L.lysine.biosynthesis.VI.g__Eubacterium.s__Eubacterium_eligens	BMI	BMI	-0.0392370784938852	0.00748381333896289	952	342	1.94943550979969e-07	9.8151811132938e-06
PWY.5686..UMP.biosynthesis.g__Eubacterium.s__Eubacterium_eligens	BMI	BMI	-0.0445258656699923	0.0085150109720019	952	322	2.09653050077435e-07	1.04490763214436e-05
PWY.6121..5.aminoimidazole.ribonucleotide.biosynthesis.I.g__Eubacterium.s__Eubacterium_eligens	BMI	BMI	-0.0475014580887812	0.00908451832368345	952	399	2.09946799068267e-07	1.04490763214436e-05
NAGLIPASYN.PWY..lipid.IVA.biosynthesis.unclassified	study_condition	T2D	0.692361345140893	0.132766136078475	952	372	2.25890011273057e-07	1.11783285578553e-05
FASYN.ELONG.PWY..fatty.acid.elongation....saturated.unclassified	study_condition	T2D	0.661462400745498	0.126931039080342	952	379	2.30312975724097e-07	1.1332445282788e-05
ARGSYNBSUB.PWY..L.arginine.biosynthesis.II..acetyl.cycle..g__Eubacterium.s__Eubacterium_eligens	BMI	BMI	-0.0505282521512782	0.00970427533061249	952	354	2.35673062183682e-07	1.15306707260491e-05
PWY.6121..5.aminoimidazole.ribonucleotide.biosynthesis.I.g__Eubacterium.s__Eubacterium_eligens_CAG_72	BMI	BMI	-0.061849262290959	0.0118973873243167	952	414	2.46063571698122e-07	1.19045281056186e-05
PWY.6703..preQ0.biosynthesis.g__Eubacterium.s__Eubacterium_eligens_CAG_72	BMI	BMI	-0.0433883185400956	0.00834483727334925	952	336	2.44956564741216e-07	1.19045281056186e-05
PWY.7111..pyruvate.fermentation.to.isobutanol..engineered..g__Faecalibacterium.s__Faecalibacterium_prausnitzii	study_condition	T2D	-0.878367991714648	0.169034541836102	952	815	2.48879860245021e-07	1.1973886609566e-05
GLYCOCAT.PWY..glycogen.degradation.I..bacterial.	study_condition	T2D	0.855089467710968	0.164671374182621	952	495	2.53711025966629e-07	1.2138881131884e-05
VALSYN.PWY..L.valine.biosynthesis.g__Eubacterium.s__Eubacterium_eligens_CAG_72	BMI	BMI	-0.0671913165142468	0.0129670763600026	952	415	2.68726352826708e-07	1.27866495356005e-05
NONOXIPENT.PWY..pentose.phosphate.pathway..non.oxidative.branch..g__Eubacterium.s__Eubacterium_eligens_CAG_72	BMI	BMI	-0.0448778851079747	0.00866467869722999	952	282	2.71939989839068e-07	1.2868854163969e-05
PWY.7383..anaerobic.energy.metabolism..invertebrates..cytosol..unclassified	BMI	BMI	-0.0421202238072514	0.00814427848458408	952	468	2.82993830553445e-07	1.33191661553958e-05
FASYN.ELONG.PWY..fatty.acid.elongation....saturated	study_condition	T2D	0.837706734983806	0.162172198246199	952	801	2.92298195849591e-07	1.36827155462565e-05
UNINTEGRATED.g__Akkermansia.s__Akkermansia_muciniphila	BMI	BMI	-0.0552812518332843	0.0107241474640805	952	279	3.09006176989282e-07	1.43870617888558e-05
PWY.6608..guanosine.nucleotides.degradation.III	study_condition	T2D	0.621565652263857	0.120679910731034	952	891	3.15990215805866e-07	1.46335575875872e-05
PWY66.389..phytol.degradation.unclassified	study_condition	T2D	0.920838397254744	0.179340124080648	952	225	3.431845491348e-07	1.5761556327611e-05
SER.GLYSYN.PWY..superpathway.of.L.serine.and.glycine.biosynthesis.I.g__Eubacterium.s__Eubacterium_eligens_CAG_72	BMI	BMI	-0.0396303667998879	0.00771898805722256	952	246	3.43987776664952e-07	1.5761556327611e-05
PWY.7219..adenosine.ribonucleotides.de.novo.biosynthesis.g__Faecalibacterium.s__Faecalibacterium_prausnitzii	study_condition	T2D	-0.701869015756429	0.136919976326997	952	793	3.58535899491159e-07	1.6341688892597e-05
SER.GLYSYN.PWY..superpathway.of.L.serine.and.glycine.biosynthesis.I.g__Eubacterium.s__Eubacterium_eligens	BMI	BMI	-0.0429338889447392	0.00839336471674927	952	341	3.79295153712396e-07	1.71973614196301e-05
PWY.6519..8.amino.7.oxononanoate.biosynthesis.I.unclassified	study_condition	T2D	0.597714830429626	0.116953520994139	952	232	3.88221284668847e-07	1.75103975272511e-05
DTDPRHAMSYN.PWY..dTDP.L.rhamnose.biosynthesis.I.g__Eubacterium.s__Eubacterium_eligens	BMI	BMI	-0.0630347663635086	0.0123717084723955	952	423	4.20726359015792e-07	1.88781879226775e-05
PWY.7013..L.1.2.propanediol.degradation	study_condition	T2D	0.742508171262403	0.146074885240516	952	308	4.47470350035002e-07	1.99747073778511e-05
PWYG.321..mycolate.biosynthesis.unclassified	study_condition	T2D	0.659123959331515	0.12972154885315	952	261	4.52075745433512e-07	2.00767997715601e-05
PWY0.862...5Z..dodec.5.enoate.biosynthesis	study_condition	T2D	0.93506361915224	0.184118022445631	952	806	4.578045521952e-07	2.0227486846992e-05
PWY.6519..8.amino.7.oxononanoate.biosynthesis.I	study_condition	T2D	0.921785319273496	0.182273838605776	952	797	5.10910283821937e-07	2.24524468465271e-05
PWY.6892..thiazole.biosynthesis.I..E..coli..g__Eubacterium.s__Eubacterium_eligens_CAG_72	BMI	BMI	-0.0375097925531699	0.0074185544503855	952	326	5.13346937137688e-07	2.24524468465271e-05
PWY.6936..seleno.amino.acid.biosynthesis.g__Eubacterium.s__Eubacterium_eligens_CAG_72	BMI	BMI	-0.0460865425607626	0.00914132731679343	952	309	5.53151995739143e-07	2.40718406185979e-05
PWY.6731..starch.degradation.III	study_condition	T2D	0.85318450486495	0.16931684032219	952	487	5.60454042966534e-07	2.42676600604509e-05
FUCCAT.PWY..fucose.degradation.unclassified	study_condition	T2D	0.59900181185144	0.119072432470925	952	263	5.84951124723008e-07	2.52023718412997e-05
PWY.7221..guanosine.ribonucleotides.de.novo.biosynthesis.g__Eubacterium.s__Eubacterium_eligens	BMI	BMI	-0.0503673075952569	0.0100416273336779	952	409	6.30294333241902e-07	2.70215293360142e-05
PWY.6609..adenine.and.adenosine.salvage.III.g__Eubacterium.s__Eubacterium_eligens	BMI	BMI	-0.0383745245220023	0.00766002669795386	952	324	6.50198961627486e-07	2.77375517620395e-05
PWY0.1586..peptidoglycan.maturation..meso.diaminopimelate.containing.	BMI	BMI	0.0100888814619278	0.00201688495785746	952	948	6.7534502739238e-07	2.86690585157746e-05
PWY.2942..L.lysine.biosynthesis.III.g__Eubacterium.s__Eubacterium_eligens	BMI	BMI	-0.0327595558548366	0.00656212751736472	952	275	7.1030638866875e-07	3.00061137847384e-05
PWY.6700..queuosine.biosynthesis.g__Eubacterium.s__Eubacterium_eligens_CAG_72	BMI	BMI	-0.0453492149554761	0.00909371748203309	952	345	7.29705910211008e-07	3.06759863224628e-05
COLANSYN.PWY..colanic.acid.building.blocks.biosynthesis.unclassified	study_condition	T2D	0.58485815046264	0.117450897932977	952	334	7.56949778179149e-07	3.16675607682678e-05
RIBOSYN2.PWY..flavin.biosynthesis.I..bacteria.and.plants.	BMI	BMI	0.00772320032611002	0.00155461991422529	952	947	8.02806045133487e-07	3.34245209175769e-05
DTDPRHAMSYN.PWY..dTDP.L.rhamnose.biosynthesis.I.g__Faecalibacterium.s__Faecalibacterium_prausnitzii	study_condition	T2D	-0.728600246457407	0.146991899705167	952	803	8.49080257380579e-07	3.51819857842862e-05
PWY.6387..UDP.N.acetylmuramoyl.pentapeptide.biosynthesis.I..meso.diaminopimelate.containing..g__Bacteroides.s__Bacteroides_fragilis	study_condition	T2D	0.811625448719106	0.164241200498932	952	223	9.1563256058206e-07	3.7758942736384e-05
PWY.6151..S.adenosyl.L.methionine.cycle.I.g__Eubacterium.s__Eubacterium_eligens_CAG_72	BMI	BMI	-0.0616731250856892	0.0124879579633242	952	390	9.29748340452677e-07	3.81593394707118e-05
PWY.7221..guanosine.ribonucleotides.de.novo.biosynthesis.g__Parabacteroides.s__Parabacteroides_distasonis	study_condition	T2D	1.07424422880285	0.217652639926883	952	522	9.43873031691439e-07	3.8556322898339e-05
PWY.6168..flavin.biosynthesis.III..fungi..g__Eubacterium.s__Eubacterium_eligens_CAG_72	BMI	BMI	-0.0324450271788205	0.00657880639501549	952	222	9.6214882319525e-07	3.91183512153562e-05
PWY.1042..glycolysis.IV..plant.cytosol..g__Eubacterium.s__Eubacterium_eligens	BMI	BMI	-0.0458739957339272	0.00933665022962463	952	297	1.05468178914981e-06	4.26801135235392e-05
ARGSYNBSUB.PWY..L.arginine.biosynthesis.II..acetyl.cycle..unclassified	BMI	BMI	-0.0278258808263559	0.00567634749944488	952	875	1.11533742755235e-06	4.49247540586201e-05
PWY.6608..guanosine.nucleotides.degradation.III.unclassified	study_condition	T2D	0.707921761886651	0.144748794413261	952	725	1.18012621426722e-06	4.73143195164543e-05
PWY.6121..5.aminoimidazole.ribonucleotide.biosynthesis.I.g__Faecalibacterium.s__Faecalibacterium_prausnitzii	study_condition	T2D	-0.664038964762896	0.135805592584071	952	746	1.18635795535478e-06	4.73449764671537e-05
BIOTIN.BIOSYNTHESIS.PWY..biotin.biosynthesis.I	study_condition	T2D	0.86277664950355	0.17688722748213	952	796	1.2594274005233e-06	5.00304646262926e-05
ARGSYNBSUB.PWY..L.arginine.biosynthesis.II..acetyl.cycle..g__Faecalibacterium.s__Faecalibacterium_prausnitzii	study_condition	T2D	-0.661607655022963	0.135974079247747	952	763	1.33540912311131e-06	5.28065890691503e-05
PWY.1042..glycolysis.IV..plant.cytosol..g__Bacteroides.s__Bacteroides_fragilis_CAG_47	study_condition	T2D	0.723173587656652	0.14892542853923	952	203	1.40111547849538e-06	5.51530001989545e-05
PWYG.321..mycolate.biosynthesis	study_condition	T2D	0.912075179264819	0.187902315790376	952	789	1.41469100685956e-06	5.54354032552208e-05
PWY.6122..5.aminoimidazole.ribonucleotide.biosynthesis.II.g__Parabacteroides.s__Parabacteroides_distasonis	study_condition	T2D	0.793006860433133	0.163439246882561	952	492	1.42860120605394e-06	5.54784145490004e-05
PWY.6277..superpathway.of.5.aminoimidazole.ribonucleotide.biosynthesis.g__Parabacteroides.s__Parabacteroides_distasonis	study_condition	T2D	0.793006860433133	0.163439246882561	952	492	1.42860120605394e-06	5.54784145490004e-05
PWY.5103..L.isoleucine.biosynthesis.III.g__Parabacteroides.s__Parabacteroides_distasonis	study_condition	T2D	0.886161895650393	0.182676039604519	952	537	1.43561541613772e-06	5.55019174274673e-05
PWY.6703..preQ0.biosynthesis.g__Parabacteroides.s__Parabacteroides_distasonis	study_condition	T2D	0.923302598166002	0.190594019808779	952	415	1.48340849439479e-06	5.70947447175951e-05
PWY.7539..6.hydroxymethyl.dihydropterin.diphosphate.biosynthesis.III..Chlamydia.	BMI	BMI	0.0139869326615258	0.00288976579789356	952	941	1.51418579821004e-06	5.8019573330774e-05
PWY0.1479..tRNA.processing.unclassified	study_condition	T2D	0.70225024605687	0.145114951764003	952	453	1.52083639100297e-06	5.8019573330774e-05
PWY.2942..L.lysine.biosynthesis.III.g__Eubacterium.s__Eubacterium_eligens_CAG_72	BMI	BMI	-0.0345337302496335	0.00715093530569056	952	285	1.59735587500982e-06	6.06714994630924e-05
CALVIN.PWY..Calvin.Benson.Bassham.cycle.g__Eubacterium.s__Eubacterium_eligens	BMI	BMI	-0.0418488601086838	0.0086823204826377	952	247	1.67138126282622e-06	6.32059464457428e-05
PWY.7111..pyruvate.fermentation.to.isobutanol..engineered..g__Eubacterium.s__Eubacterium_eligens_CAG_72	BMI	BMI	-0.0584399331275139	0.0121314171009718	952	407	1.69417828133704e-06	6.37894952886034e-05
BRANCHED.CHAIN.AA.SYN.PWY..superpathway.of.branched.amino.acid.biosynthesis.g__Parabacteroides.s__Parabacteroides_distasonis	study_condition	T2D	0.868399119845985	0.180345333028771	952	537	1.71113653134472e-06	6.41491011317979e-05
COA.PWY.1..coenzyme.A.biosynthesis.II..mammalian..g__Eubacterium.s__Eubacterium_eligens_CAG_72	BMI	BMI	-0.0399658447945761	0.0083030271356799	952	324	1.72621336822363e-06	6.4435378313865e-05
ILEUSYN.PWY..L.isoleucine.biosynthesis.I..from.threonine..g__Parabacteroides.s__Parabacteroides_distasonis	study_condition	T2D	0.803917014483464	0.167325415608984	952	537	1.80282488122843e-06	6.70062809932971e-05
PWY0.1296..purine.ribonucleosides.degradation.g__Eubacterium.s__Eubacterium_eligens_CAG_72	BMI	BMI	-0.0485982458303155	0.0101270981425595	952	353	1.85345108526757e-06	6.85935316171672e-05
TRPSYN.PWY..L.tryptophan.biosynthesis.g__Eubacterium.s__Eubacterium_eligens	BMI	BMI	-0.0360950024521341	0.00752611205404577	952	272	1.87948524146215e-06	6.89675516570432e-05
GLUTORN.PWY..L.ornithine.biosynthesis.g__Eubacterium.s__Eubacterium_eligens_CAG_72	BMI	BMI	-0.0371011714208044	0.00773497740004053	952	330	1.87421721971478e-06	6.89675516570432e-05
ARGININE.SYN4.PWY..L.ornithine.de.novo..biosynthesis.g__Parabacteroides.s__Parabacteroides_distasonis	study_condition	T2D	0.740333940551929	0.15441081398371	952	416	1.89230840107489e-06	6.91451086637492e-05
PWY.7199..pyrimidine.deoxyribonucleosides.salvage.unclassified	BMI	BMI	-0.0380349997498547	0.00793950883145559	952	851	1.92927524670523e-06	6.99059566379384e-05
PWY.6387..UDP.N.acetylmuramoyl.pentapeptide.biosynthesis.I..meso.diaminopimelate.containing..g__Eubacterium.s__Eubacterium_eligens	BMI	BMI	-0.043822497115398	0.00914622320296564	952	313	1.92249890473533e-06	6.99059566379384e-05
PWY.6737..starch.degradation.V.unclassified	BMI	BMI	-0.0275517798721747	0.00576223249769857	952	906	2.01710377847889e-06	7.21823087670545e-05
VALSYN.PWY..L.valine.biosynthesis.g__Akkermansia.s__Akkermansia_muciniphila	BMI	BMI	-0.0422159139946967	0.00882878029546654	952	249	2.0153132447456e-06	7.21823087670545e-05
COA.PWY.1..coenzyme.A.biosynthesis.II..mammalian..g__Eubacterium.s__Eubacterium_eligens	BMI	BMI	-0.0430089559241421	0.00899206107598077	952	332	2.00197014847473e-06	7.21823087670545e-05
RIBOSYN2.PWY..flavin.biosynthesis.I..bacteria.and.plants..g__Faecalibacterium.s__Faecalibacterium_prausnitzii	study_condition	T2D	-0.7817162502382	0.163686961600459	952	724	2.07434720934352e-06	7.33218238078157e-05
PWY.6507..4.deoxy.L.threo.hex.4.enopyranuronate.degradation.g__Faecalibacterium.s__Faecalibacterium_prausnitzii	study_condition	T2D	-0.901011672170455	0.188606027023262	952	614	2.05892605412679e-06	7.33218238078157e-05
UNINTEGRATED.g__Lachnospira.s__Lachnospira_pectinoschiza	study_condition	T2D	-1.01417705463477	0.212361038339659	952	381	2.07391693609809e-06	7.33218238078157e-05
PWY.6122..5.aminoimidazole.ribonucleotide.biosynthesis.II.g__Faecalibacterium.s__Faecalibacterium_prausnitzii	study_condition	T2D	-0.629801718006807	0.132121511599381	952	773	2.16520236725386e-06	7.59135728761879e-05
PWY.6277..superpathway.of.5.aminoimidazole.ribonucleotide.biosynthesis.g__Faecalibacterium.s__Faecalibacterium_prausnitzii	study_condition	T2D	-0.629801718006807	0.132121511599381	952	773	2.16520236725386e-06	7.59135728761879e-05
PWY.6703..preQ0.biosynthesis	BMI	BMI	0.00975453026013627	0.00204711390920044	952	944	2.18438744140469e-06	7.61221950658283e-05
FUC.RHAMCAT.PWY..superpathway.of.fucose.and.rhamnose.degradation	study_condition	T2D	0.740474763713083	0.15541793241027	952	698	2.19080518365548e-06	7.61221950658283e-05
ILEUSYN.PWY..L.isoleucine.biosynthesis.I..from.threonine..g__Eubacterium.s__Eubacterium_eligens	BMI	BMI	-0.0469593900975621	0.00985759456046079	952	290	2.19752295224678e-06	7.61221950658283e-05
PWY.5695..urate.biosynthesis.inosine.5..phosphate.degradation.g__Eubacterium.s__Eubacterium_eligens	BMI	BMI	-0.040989714704238	0.00861849703900599	952	282	2.28161444310272e-06	7.87202433357352e-05
PWY.7228..superpathway.of.guanosine.nucleotides.de.novo.biosynthesis.I	BMI	BMI	0.0107296331784579	0.00226059855922467	952	944	2.39047324767957e-06	8.21488028766073e-05
GLUCONEO.PWY..gluconeogenesis.I	study_condition	T2D	0.397072703724406	0.0836783811812194	952	890	2.40370397547426e-06	8.22769819273006e-05
PEPTIDOGLYCANSYN.PWY..peptidoglycan.biosynthesis.I..meso.diaminopimelate.containing..g__Eubacterium.s__Eubacterium_eligens	BMI	BMI	-0.0424204847624807	0.00894675312017385	952	290	2.44799772326384e-06	8.346322946246e-05
GLYCOGENSYNTH.PWY..glycogen.biosynthesis.I..from.ADP.D.Glucose..g__Faecalibacterium.s__Faecalibacterium_prausnitzii	study_condition	T2D	-0.959445956664662	0.202822236526739	952	762	2.58073573712637e-06	8.76438097392722e-05
GLUTORN.PWY..L.ornithine.biosynthesis.unclassified	BMI	BMI	-0.0292219679943473	0.00617964607402745	952	856	2.60233860917336e-06	8.80322357634427e-05
ARGSYN.PWY..L.arginine.biosynthesis.I..via.L.ornithine..unclassified	BMI	BMI	-0.0294183217844674	0.00622342511426801	952	850	2.62387938356897e-06	8.8415546543608e-05
PWY.7221..guanosine.ribonucleotides.de.novo.biosynthesis.g__Eubacterium.s__Eubacterium_eligens_CAG_72	BMI	BMI	-0.0538291218561534	0.0113950320912888	952	398	2.66352565502903e-06	8.94036130719046e-05
PWY.7400..L.arginine.biosynthesis.IV..archaebacteria..unclassified	BMI	BMI	-0.030033751231714	0.00637073037737253	952	839	2.78888208186336e-06	9.32498796484042e-05
GALACTUROCAT.PWY..D.galacturonate.degradation.I.g__Faecalibacterium.s__Faecalibacterium_prausnitzii	study_condition	T2D	-0.824049260901786	0.174994417734648	952	617	2.86109468979441e-06	9.4931341048351e-05
RIBOSYN2.PWY..flavin.biosynthesis.I..bacteria.and.plants..g__Eubacterium.s__Eubacterium_eligens_CAG_72	BMI	BMI	-0.0316854971877183	0.00672826288256002	952	252	2.85684577351161e-06	9.4931341048351e-05
PWY.7221..guanosine.ribonucleotides.de.novo.biosynthesis.g__Faecalibacterium.s__Faecalibacterium_prausnitzii	study_condition	T2D	-0.622828639008814	0.132369538856817	952	724	2.9133390393524e-06	9.62958629037856e-05
PWY.6700..queuosine.biosynthesis.g__Faecalibacterium.s__Faecalibacterium_prausnitzii	study_condition	T2D	-0.718546254825038	0.152850145286092	952	664	2.97310053693145e-06	9.77707356807533e-05
PWY.6124..inosine.5..phosphate.biosynthesis.II.g__Faecalibacterium.s__Faecalibacterium_prausnitzii	study_condition	T2D	-0.697450817610838	0.148379177709879	952	708	2.98053974823544e-06	9.77707356807533e-05
PWY.6147..6.hydroxymethyl.dihydropterin.diphosphate.biosynthesis.I	BMI	BMI	0.0136735992291811	0.00291116436347254	952	941	3.03102099350321e-06	9.9051478504671e-05
PENTOSE.P.PWY..pentose.phosphate.pathway.unclassified	study_condition	T2D	0.478249041566081	0.102017743403205	952	233	3.16498306657435e-06	0.000103040426152383
PWY66.400..glycolysis.VI..metazoan.	study_condition	T2D	0.450509246510233	0.0964344469832428	952	889	3.41968342464547e-06	0.000110501710662052
GLUTORN.PWY..L.ornithine.biosynthesis.g__Eubacterium.s__Eubacterium_eligens	BMI	BMI	-0.0387383584893775	0.00829218494058106	952	324	3.41955746858302e-06	0.000110501710662052
PWY.7242..D.fructuronate.degradation.g__Faecalibacterium.s__Faecalibacterium_prausnitzii	study_condition	T2D	-0.710673684724722	0.152676262024053	952	601	3.70542367947324e-06	0.000119289847822447
PWY.5973..cis.vaccenate.biosynthesis.g__Parabacteroides.s__Parabacteroides_distasonis	study_condition	T2D	0.847914062929738	0.182288524954219	952	518	3.7635324319715e-06	0.000120711818003234
PWY.6737..starch.degradation.V.g__Faecalibacterium.s__Faecalibacterium_prausnitzii	study_condition	T2D	-0.733966241852576	0.157825222249668	952	770	3.78131294952827e-06	0.000120834576173118
PEPTIDOGLYCANSYN.PWY..peptidoglycan.biosynthesis.I..meso.diaminopimelate.containing..g__Eubacterium.s__Eubacterium_eligens_CAG_72	BMI	BMI	-0.0397958139346108	0.00856192760287581	952	329	3.82644168721636e-06	0.000121827150776815
PWY.5686..UMP.biosynthesis.g__Faecalibacterium.s__Faecalibacterium_prausnitzii	study_condition	T2D	-0.692852283554828	0.149118056234175	952	710	3.8567090482598e-06	0.000122069000778586
PWY.5188..tetrapyrrole.biosynthesis.I..from.glutamate..g__Eubacterium.s__Eubacterium_eligens	BMI	BMI	-0.0398020737341246	0.00856689625062929	952	286	3.86222935488828e-06	0.000122069000778586
BRANCHED.CHAIN.AA.SYN.PWY..superpathway.of.branched.amino.acid.biosynthesis.g__Eubacterium.s__Eubacterium_eligens	BMI	BMI	-0.0444031203784031	0.00957085762121069	952	290	3.98523355413883e-06	0.000125498627559427
HEXITOLDEGSUPER.PWY..superpathway.of.hexitol.degradation..bacteria..unclassified	study_condition	T2D	0.585433816318871	0.126226425897598	952	282	4.01253010925488e-06	0.000125900401254157
PWY66.400..glycolysis.VI..metazoan..unclassified	BMI	BMI	-0.0383173723650008	0.00827950608188984	952	608	4.20641645855064e-06	0.000131507460400897
PWY.724..superpathway.of.L.lysine..L.threonine.and.L.methionine.biosynthesis.II.unclassified	BMI	BMI	-0.0282650811473187	0.00611395872974813	952	833	4.30555137314589e-06	0.000134122571551955
PWY.6609..adenine.and.adenosine.salvage.III.g__Parabacteroides.s__Parabacteroides_distasonis	study_condition	T2D	0.740157626945317	0.160719959861374	952	398	4.68143162829662e-06	0.000145308953050354
SER.GLYSYN.PWY..superpathway.of.L.serine.and.glycine.biosynthesis.I.g__Alistipes.s__Alistipes_finegoldii	BMI	BMI	-0.0470006267664252	0.0102301840630829	952	398	4.92848596449177e-06	0.000152431030187496
PWY.5103..L.isoleucine.biosynthesis.III.g__Eubacterium.s__Eubacterium_eligens	BMI	BMI	-0.0435055468868053	0.00948127775029625	952	290	5.06277068835127e-06	0.00015602702548442
PWY0.1241..ADP.L.glycero..beta..D.manno.heptose.biosynthesis	study_condition	T2D	0.51759644113839	0.113306870294694	952	877	5.57156099164233e-06	0.00017109829144547
PWY.6901..superpathway.of.glucose.and.xylose.degradation	study_condition	T2D	0.469238654195078	0.102955659460478	952	850	5.84881115454701e-06	0.000178977754764583
RIBOSYN2.PWY..flavin.biosynthesis.I..bacteria.and.plants..g__Eubacterium.s__Eubacterium_eligens	BMI	BMI	-0.0352050625485437	0.00772688906798552	952	316	5.88985250812069e-06	0.000179599023663117
PWY0.1261..anhydromuropeptides.recycling.unclassified	study_condition	T2D	0.584781773499325	0.128631359652439	952	348	6.17005490017849e-06	0.000187483071703669
PWY.6588..pyruvate.fermentation.to.acetone	study_condition	T2D	0.911636211762088	0.200752452939035	952	358	6.31758257559876e-06	0.000191294633233165
HISDEG.PWY..L.histidine.degradation.I.g__Parabacteroides.s__Parabacteroides_distasonis	study_condition	T2D	0.798368868165066	0.175844323200526	952	465	6.34384190435944e-06	0.000191420456068825
VALSYN.PWY..L.valine.biosynthesis.g__Parabacteroides.s__Parabacteroides_distasonis	study_condition	T2D	0.875721190767619	0.193457210461852	952	672	6.7538585809829e-06	0.0002030847753865
NAD.BIOSYNTHESIS.II..NAD.salvage.pathway.II	study_condition	T2D	0.840345433393366	0.185830260727844	952	651	6.89849010075551e-06	0.000206716000943054
ARGSYN.PWY..L.arginine.biosynthesis.I..via.L.ornithine..g__Eubacterium.s__Eubacterium_eligens_CAG_72	BMI	BMI	-0.0365280689266412	0.00808316296287937	952	314	6.99748415034769e-06	0.000208959354282797
PWY.7400..L.arginine.biosynthesis.IV..archaebacteria..g__Eubacterium.s__Eubacterium_eligens_CAG_72	BMI	BMI	-0.0364365398243531	0.00806505327595595	952	314	7.0364547046266e-06	0.000209401023168613
ARGSYN.PWY..L.arginine.biosynthesis.I..via.L.ornithine..g__Eubacterium.s__Eubacterium_eligens	BMI	BMI	-0.0297989648309034	0.00659712706924739	952	303	7.06477305500365e-06	0.000209523748823053
PWY.7400..L.arginine.biosynthesis.IV..archaebacteria..g__Eubacterium.s__Eubacterium_eligens	BMI	BMI	-0.0297021773689692	0.00657726602683189	952	303	7.09997597882413e-06	0.000209849119374119
PWY.6387..UDP.N.acetylmuramoyl.pentapeptide.biosynthesis.I..meso.diaminopimelate.containing..g__Parabacteroides.s__Parabacteroides_distasonis	study_condition	T2D	0.762742648778478	0.169331440739125	952	432	7.48517209401485e-06	0.000220481599776084
TRNA.CHARGING.PWY..tRNA.charging.g__Faecalibacterium.s__Faecalibacterium_prausnitzii	study_condition	T2D	-0.572459137274462	0.127182454434623	952	729	7.60162465502544e-06	0.000223152778008543
PWY.6305..putrescine.biosynthesis.IV.g__Faecalibacterium.s__Faecalibacterium_prausnitzii	study_condition	T2D	-0.649242930245877	0.144280395270276	952	740	7.6443339442347e-06	0.000223648418773894
P461.PWY..hexitol.fermentation.to.lactate..formate..ethanol.and.acetate.unclassified	study_condition	T2D	0.705201032156909	0.15709700351668	952	226	8.03804573528288e-06	0.00023437534029478
PWY.6125..superpathway.of.guanosine.nucleotides.de.novo.biosynthesis.II	BMI	BMI	0.0100901464237752	0.0022511564958195	952	942	8.29101407852032e-06	0.000240940207785188
PWY.2942..L.lysine.biosynthesis.III.g__Parabacteroides.s__Parabacteroides_distasonis	study_condition	T2D	0.811312660634285	0.181529569282695	952	547	8.79570503120812e-06	0.000254751858094523
PWY.5686..UMP.biosynthesis.g__Parabacteroides.s__Parabacteroides_distasonis	study_condition	T2D	0.666236370788318	0.149097280712282	952	425	8.82985208088206e-06	0.000254888396734795
PWY.7220..adenosine.deoxyribonucleotides.de.novo.biosynthesis.II.g__Akkermansia.s__Akkermansia_muciniphila	BMI	BMI	-0.0326879895913271	0.00732282850712274	952	240	9.01847936889562e-06	0.000258609375280252
PWY.7222..guanosine.deoxyribonucleotides.de.novo.biosynthesis.II.g__Akkermansia.s__Akkermansia_muciniphila	BMI	BMI	-0.0326879895913271	0.00732282850712274	952	240	9.01847936889562e-06	0.000258609375280252
ILEUSYN.PWY..L.isoleucine.biosynthesis.I..from.threonine..g__Eubacterium.s__Eubacterium_eligens_CAG_72	BMI	BMI	-0.0330772320349906	0.0074115849201116	952	331	9.05724664779842e-06	0.000258863881088892
PWY.5695..urate.biosynthesis.inosine.5..phosphate.degradation.g__Parabacteroides.s__Parabacteroides_distasonis	study_condition	T2D	0.969104067434186	0.217598229594544	952	418	9.44901091471401e-06	0.000269172481978366
PWY.7111..pyruvate.fermentation.to.isobutanol..engineered..g__Akkermansia.s__Akkermansia_muciniphila	BMI	BMI	-0.0315240891227241	0.00708612180215068	952	223	9.66396534087956e-06	0.000274393245416449
COA.PWY..coenzyme.A.biosynthesis.I.g__Faecalibacterium.s__Faecalibacterium_prausnitzii	study_condition	T2D	-0.675914416229918	0.152110171499945	952	698	9.89226713994342e-06	0.000279957625594477
PWY.5686..UMP.biosynthesis.g__Akkermansia.s__Akkermansia_muciniphila	BMI	BMI	-0.0313281143547164	0.00705944834696109	952	225	1.01582161441567e-05	0.000283478346855633
PANTO.PWY..phosphopantothenate.biosynthesis.I.g__Parabacteroides.s__Parabacteroides_distasonis	study_condition	T2D	0.881368616755267	0.198621169037603	952	495	1.01730741681755e-05	0.000283478346855633
PWY.7220..adenosine.deoxyribonucleotides.de.novo.biosynthesis.II.g__Parabacteroides.s__Parabacteroides_distasonis	study_condition	T2D	0.822576365889775	0.185408065919389	952	442	1.02130766996487e-05	0.000283478346855633
PWY.7222..guanosine.deoxyribonucleotides.de.novo.biosynthesis.II.g__Parabacteroides.s__Parabacteroides_distasonis	study_condition	T2D	0.822576365889775	0.185408065919389	952	442	1.02130766996487e-05	0.000283478346855633
PYRIDOXSYN.PWY..pyridoxal.5..phosphate.biosynthesis.I	study_condition	T2D	0.562705974698891	0.126813206087311	952	893	1.01801716713002e-05	0.000283478346855633
PWY66.422..D.galactose.degradation.V..Leloir.pathway..g__Faecalibacterium.s__Faecalibacterium_prausnitzii	study_condition	T2D	-0.772436345031242	0.173992177974488	952	719	1.00784634614989e-05	0.000283478346855633
PWY.6507..4.deoxy.L.threo.hex.4.enopyranuronate.degradation.g__Faecalibacterium.s__Faecalibacterium_prausnitzii	BMI	BMI	-0.0422618924953752	0.00953230699334658	952	614	1.03547526921098e-05	0.000285580122018061
PWY.5188..tetrapyrrole.biosynthesis.I..from.glutamate..g__Eubacterium.s__Eubacterium_eligens_CAG_72	BMI	BMI	-0.035918486080694	0.0081008845352821	952	300	1.03381094778999e-05	0.000285580122018061
PWY.6387..UDP.N.acetylmuramoyl.pentapeptide.biosynthesis.I..meso.diaminopimelate.containing..g__Eubacterium.s__Eubacterium_eligens_CAG_72	BMI	BMI	-0.0438075832212141	0.00989878576784778	952	338	1.07375343894997e-05	0.00029519697718434
NONOXIPENT.PWY..pentose.phosphate.pathway..non.oxidative.branch..g__Parabacteroides.s__Parabacteroides_distasonis	study_condition	T2D	0.833699457079052	0.188487175203267	952	457	1.08571476561963e-05	0.000297540818679303
PWY0.845..superpathway.of.pyridoxal.5..phosphate.biosynthesis.and.salvage	study_condition	T2D	0.542206548879093	0.122944041530195	952	889	1.15116384996288e-05	0.000314481985510363
PWY.7221..guanosine.ribonucleotides.de.novo.biosynthesis.g__Alistipes.s__Alistipes_finegoldii	BMI	BMI	-0.0315651026976883	0.00718109552608163	952	313	1.22969804795742e-05	0.000333830253771512
GALACTUROCAT.PWY..D.galacturonate.degradation.I.g__Faecalibacterium.s__Faecalibacterium_prausnitzii	BMI	BMI	-0.0388785337037016	0.00884436482914125	952	617	1.22819818480802e-05	0.000333830253771512
PWY.6386..UDP.N.acetylmuramoyl.pentapeptide.biosynthesis.II..lysine.containing..g__Eubacterium.s__Eubacterium_eligens_CAG_72	BMI	BMI	-0.0353704677729799	0.00805517819337691	952	268	1.25525139250627e-05	0.00033970240809701
PWY.6122..5.aminoimidazole.ribonucleotide.biosynthesis.II.g__Akkermansia.s__Akkermansia_muciniphila	BMI	BMI	-0.0306665649826621	0.00698705730234923	952	217	1.26644157631942e-05	0.000340601989159198
PWY.6277..superpathway.of.5.aminoimidazole.ribonucleotide.biosynthesis.g__Akkermansia.s__Akkermansia_muciniphila	BMI	BMI	-0.0306665649826621	0.00698705730234923	952	217	1.26644157631942e-05	0.000340601989159198
PWY.7111..pyruvate.fermentation.to.isobutanol..engineered..g__Eubacterium.s__Eubacterium_eligens	BMI	BMI	-0.0505101292532284	0.0115618374874181	952	387	1.3878524486473e-05	0.000372099139482526
PWY.2942..L.lysine.biosynthesis.III.g__Akkermansia.s__Akkermansia_muciniphila	BMI	BMI	-0.0287359873119368	0.00657942510115278	952	217	1.39497594337502e-05	0.000372854681161348
PWY.5484..glycolysis.II..from.fructose.6.phosphate.	study_condition	T2D	0.241593655836177	0.055375375525389	952	935	1.42479974507251e-05	0.00037965433207163
UNINTEGRATED.g__Alistipes.s__Alistipes_putredinis	BMI	BMI	-0.0603804368188593	0.0138472549849321	952	494	1.44003123268869e-05	0.000382535904143681
FUCCAT.PWY..fucose.degradation	study_condition	T2D	0.727628086015176	0.166939341540316	952	726	1.45185096158426e-05	0.000384496309703966
PWY.7111..pyruvate.fermentation.to.isobutanol..engineered..g__Parabacteroides.s__Parabacteroides_distasonis	study_condition	T2D	0.84681533598311	0.194366023671029	952	658	1.4637971231117e-05	0.000386092295704006
PWY.7663..gondoate.biosynthesis..anaerobic..g__Parabacteroides.s__Parabacteroides_distasonis	study_condition	T2D	0.791980212701605	0.181799009357463	952	525	1.46679405642746e-05	0.000386092295704006
VALSYN.PWY..L.valine.biosynthesis.g__Eubacterium.s__Eubacterium_eligens	BMI	BMI	-0.0532279121574755	0.0122258520688058	952	415	1.48417655605396e-05	0.000389483908346282
PWY.6527..stachyose.degradation.unclassified	BMI	BMI	-0.0349922812116004	0.00804599887270486	952	785	1.51562704096233e-05	0.000396535654825794
GLYCOLYSIS.E.D..superpathway.of.glycolysis.and.Entner.Doudoroff	study_condition	T2D	0.460453072765946	0.10602315966478	952	853	1.55736022372669e-05	0.000406227094502203
PWY.6609..adenine.and.adenosine.salvage.III.unclassified	BMI	BMI	-0.0278891049134684	0.00642353508593029	952	918	1.56601386060528e-05	0.000407257658643895
CALVIN.PWY..Calvin.Benson.Bassham.cycle.g__Eubacterium.s__Eubacterium_eligens_CAG_72	BMI	BMI	-0.0321430633293029	0.00740597672252851	952	268	1.57691710675283e-05	0.00040886533366705
PWY.6305..putrescine.biosynthesis.IV.unclassified	study_condition	T2D	0.575692677099248	0.132699961424622	952	472	1.58997442285719e-05	0.000411020253789351
COA.PWY.1..coenzyme.A.biosynthesis.II..mammalian..g__Parabacteroides.s__Parabacteroides_distasonis	study_condition	T2D	0.706236340007345	0.162934673065529	952	434	1.6173414865875e-05	0.000416189085574383
PWY.7199..pyrimidine.deoxyribonucleosides.salvage.g__Parabacteroides.s__Parabacteroides_distasonis	study_condition	T2D	0.814187011848595	0.187853259705026	952	368	1.61958108358622e-05	0.000416189085574383
PWY.1042..glycolysis.IV..plant.cytosol..g__Eubacterium.s__Eubacterium_eligens_CAG_72	BMI	BMI	-0.0294580483253231	0.00679795497711506	952	266	1.62533442322133e-05	0.000416431837428898
PWY.7219..adenosine.ribonucleotides.de.novo.biosynthesis.g__Akkermansia.s__Akkermansia_muciniphila	BMI	BMI	-0.0289287145070209	0.00668581522937015	952	221	1.67298874472261e-05	0.000427377065760997
PWY.6168..flavin.biosynthesis.III..fungi..g__Faecalibacterium.s__Faecalibacterium_prausnitzii	study_condition	T2D	-0.623437621480499	0.144373530052214	952	675	1.73859957952358e-05	0.000442831539961006
PWY.7242..D.fructuronate.degradation.g__Faecalibacterium.s__Faecalibacterium_prausnitzii	BMI	BMI	-0.0333006552077604	0.00771638649718441	952	601	1.75918256348298e-05	0.000446760146620604
PWY0.1296..purine.ribonucleosides.degradation.g__Faecalibacterium.s__Faecalibacterium_prausnitzii	study_condition	T2D	-0.711190065032177	0.164824172048625	952	748	1.76493625209502e-05	0.000446910758571428
PWY.6700..queuosine.biosynthesis.unclassified	BMI	BMI	-0.0270248220595669	0.00626783162913603	952	906	1.78994489758702e-05	0.000450608221311151
PWY.6385..peptidoglycan.biosynthesis.III..mycobacteria..g__Parabacteroides.s__Parabacteroides_distasonis	study_condition	T2D	0.739590849835866	0.171520374202067	952	418	1.7875583169934e-05	0.000450608221311151
PWY.6123..inosine.5..phosphate.biosynthesis.I.g__Bacteroides.s__Bacteroides_cellulosilyticus	BMI	BMI	-0.0330074319491392	0.00768182411149375	952	267	1.91162277008964e-05	0.000477079342621796
PWY.5676..acetyl.CoA.fermentation.to.butanoate.II	study_condition	T2D	0.686968070048751	0.159859042722673	952	644	1.90728035088301e-05	0.000477079342621796
PWY.6737..starch.degradation.V.g__Eubacterium.s__Eubacterium_eligens	BMI	BMI	-0.0346287649404915	0.00805888841867284	952	296	1.91041171067317e-05	0.000477079342621796
PWY.5695..urate.biosynthesis.inosine.5..phosphate.degradation.g__Eubacterium.s__Eubacterium_eligens_CAG_72	BMI	BMI	-0.0405812243455702	0.00945215087569303	952	292	1.94134649735983e-05	0.000483105191584372
HISDEG.PWY..L.histidine.degradation.I.unclassified	BMI	BMI	-0.0415637395272961	0.00971622754230968	952	581	2.07938657100605e-05	0.000515973859739611
PWY.5667..CDP.diacylglycerol.biosynthesis.I.unclassified	BMI	BMI	-0.0275457193589464	0.00647087633835907	952	876	2.27938145308376e-05	0.000557793880529752
PWY0.1319..CDP.diacylglycerol.biosynthesis.II.unclassified	BMI	BMI	-0.0275452900220621	0.00647088886704396	952	876	2.28012741001769e-05	0.000557793880529752
PWY.7228..superpathway.of.guanosine.nucleotides.de.novo.biosynthesis.I.g__Parabacteroides.s__Parabacteroides_distasonis	study_condition	T2D	0.731912810743185	0.17192398626646	952	431	2.27626097272664e-05	0.000557793880529752
GLYCOLYSIS..glycolysis.I..from.glucose.6.phosphate.	study_condition	T2D	0.224994947610799	0.052840746684983	952	935	2.26834994160701e-05	0.000557793880529752
PWY.6609..adenine.and.adenosine.salvage.III.g__Eubacterium.s__Eubacterium_eligens_CAG_72	BMI	BMI	-0.0433362716861225	0.0101765272214803	952	332	2.2636580012886e-05	0.000557793880529752
PWY.6609..adenine.and.adenosine.salvage.III	study_condition	T2D	-0.114256211300703	0.0268495181407757	952	950	2.29389835183781e-05	0.000559581964138463
GLYCOGENSYNTH.PWY..glycogen.biosynthesis.I..from.ADP.D.Glucose..g__Eubacterium.s__Eubacterium_eligens_CAG_72	BMI	BMI	-0.0321704474875939	0.00756324741727177	952	301	2.31314538898644e-05	0.000562692108669173
PWY.6122..5.aminoimidazole.ribonucleotide.biosynthesis.II.g__Lachnospira.s__Lachnospira_pectinoschiza	study_condition	T2D	-0.933672675671784	0.219885084965117	952	351	2.38871033307507e-05	0.000577827695095813
PWY.6277..superpathway.of.5.aminoimidazole.ribonucleotide.biosynthesis.g__Lachnospira.s__Lachnospira_pectinoschiza	study_condition	T2D	-0.933672675671784	0.219885084965117	952	351	2.38871033307507e-05	0.000577827695095813
PWY.7111..pyruvate.fermentation.to.isobutanol..engineered..g__Ruminococcaceae_unclassified.s__Eubacterium_siraeum	BMI	BMI	-0.0343826000923643	0.00811184461694925	952	173	2.46963196402356e-05	0.000595738518341059
COA.PWY..coenzyme.A.biosynthesis.I.g__Eubacterium.s__Eubacterium_eligens	BMI	BMI	-0.0409476664088626	0.00967782507298177	952	352	2.55169849566155e-05	0.00061382524923414
PWY.7219..adenosine.ribonucleotides.de.novo.biosynthesis.unclassified	BMI	BMI	-0.0238242969766987	0.00563784069264989	952	925	2.6113364688839e-05	0.000626431407771041
PWY.6737..starch.degradation.V.g__Eubacterium.s__Eubacterium_eligens_CAG_72	BMI	BMI	-0.0375468175629049	0.00889761172661628	952	318	2.6794139209419e-05	0.000640986866170078
PANTO.PWY..phosphopantothenate.biosynthesis.I.unclassified	BMI	BMI	-0.029507819674986	0.00699438247072496	952	847	2.69212807056376e-05	0.000642254244933393
ANAGLYCOLYSIS.PWY..glycolysis.III..from.glucose..g__Parabacteroides.s__Parabacteroides_distasonis	study_condition	T2D	0.729360159255443	0.173468209650026	952	451	2.86366471449115e-05	0.000681300451304763
PWY.1042..glycolysis.IV..plant.cytosol..g__Faecalibacterium.s__Faecalibacterium_prausnitzii	study_condition	T2D	-0.610346605719843	0.145258316398937	952	744	2.89833473863884e-05	0.000687659694153763
PWY.6151..S.adenosyl.L.methionine.cycle.I.g__Faecalibacterium.s__Faecalibacterium_prausnitzii	study_condition	T2D	-0.72381900703513	0.172465669589266	952	720	2.96073632848967e-05	0.000697575016247868
PWY.5973..cis.vaccenate.biosynthesis.g__Bacteroides.s__Bacteroides_cellulosilyticus	BMI	BMI	-0.0362517165164239	0.00863833238346595	952	271	2.96429106211565e-05	0.000697575016247868
BRANCHED.CHAIN.AA.SYN.PWY..superpathway.of.branched.amino.acid.biosynthesis.g__Eubacterium.s__Eubacterium_eligens_CAG_72	BMI	BMI	-0.0309729531642483	0.00737829141003594	952	331	2.94842635964583e-05	0.000697575016247868
RIBOSYN2.PWY..flavin.biosynthesis.I..bacteria.and.plants..g__Parabacteroides.s__Parabacteroides_distasonis	study_condition	T2D	0.729466114277482	0.174119068630558	952	445	3.05739469579431e-05	0.000717534906926254
PEPTIDOGLYCANSYN.PWY..peptidoglycan.biosynthesis.I..meso.diaminopimelate.containing..g__Parabacteroides.s__Parabacteroides_distasonis	study_condition	T2D	0.706330989523141	0.168628447779169	952	422	3.06779221175335e-05	0.000718029204156325
PWY.6122..5.aminoimidazole.ribonucleotide.biosynthesis.II	BMI	BMI	0.00543293762958654	0.00129747663047514	952	950	3.08604468135212e-05	0.000718417928508315
PWY.6277..superpathway.of.5.aminoimidazole.ribonucleotide.biosynthesis	BMI	BMI	0.00543293762958654	0.00129747663047514	952	950	3.08604468135212e-05	0.000718417928508315
NAGLIPASYN.PWY..lipid.IVA.biosynthesis	study_condition	T2D	0.479555636035345	0.114585167592264	952	875	3.11506070122903e-05	0.000723228570312156
PWY.3841..folate.transformations.II.g__Akkermansia.s__Akkermansia_muciniphila	BMI	BMI	-0.0267175385363874	0.00638494159227248	952	203	3.12429508650107e-05	0.000723433033398376
PWY.1269..CMP.3.deoxy.D.manno.octulosonate.biosynthesis.I	study_condition	T2D	0.287654100501344	0.0687824500412389	952	944	3.1565213931863e-05	0.000728946007066489
PWY.7219..adenosine.ribonucleotides.de.novo.biosynthesis.g__Parabacteroides.s__Parabacteroides_distasonis	study_condition	T2D	0.820938116213243	0.196389875268121	952	507	3.18308953591683e-05	0.000733126472899994
UNINTEGRATED.g__Eubacterium.s__Eubacterium_eligens	study_condition	T2D	-0.84686178093173	0.202711796008863	952	484	3.21735759952667e-05	0.000739053496336895
PWY.6606..guanosine.nucleotides.degradation.II.unclassified	study_condition	T2D	0.583273273016384	0.139641580508881	952	481	3.22754785225723e-05	0.000739432920649407
TRPSYN.PWY..L.tryptophan.biosynthesis.g__Eubacterium.s__Eubacterium_eligens_CAG_72	study_condition	T2D	-0.695532009356535	0.166587667115308	952	283	3.25214772684081e-05	0.000743102884286052
PWY.5667..CDP.diacylglycerol.biosynthesis.I.g__Eubacterium.s__Eubacterium_eligens	BMI	BMI	-0.0407965805816238	0.00977443613360625	952	297	3.27137745084714e-05	0.000743572932397277
PWY0.1319..CDP.diacylglycerol.biosynthesis.II.g__Eubacterium.s__Eubacterium_eligens	BMI	BMI	-0.0407965805816238	0.00977443613360625	952	297	3.27137745084714e-05	0.000743572932397277
PWY.6124..inosine.5..phosphate.biosynthesis.II.g__Akkermansia.s__Akkermansia_muciniphila	BMI	BMI	-0.0268531272778866	0.00644081437828515	952	214	3.33674986808163e-05	0.000756446436062485
RHAMCAT.PWY..L.rhamnose.degradation.I.g__Bacteroides.s__Bacteroides_cellulosilyticus	BMI	BMI	-0.0409410225020605	0.00983540362953708	952	188	3.43284632794446e-05	0.000774178364583308
LACTOSECAT.PWY..lactose.and.galactose.degradation.I	BMI	BMI	0.0337265382696284	0.00810193369651168	952	464	3.43049962136425e-05	0.000774178364583308
SER.GLYSYN.PWY..superpathway.of.L.serine.and.glycine.biosynthesis.I.g__Parabacteroides.s__Parabacteroides_distasonis	study_condition	T2D	0.590049762292392	0.142128398603416	952	408	3.60040572571385e-05	0.000807759419292278
PWY.6549..L.glutamine.biosynthesis.III.unclassified	study_condition	T2D	0.530193927987261	0.127710545060853	952	293	3.6003740757341e-05	0.000807759419292278
PWY.5667..CDP.diacylglycerol.biosynthesis.I.g__Faecalibacterium.s__Faecalibacterium_prausnitzii	study_condition	T2D	-0.641639061610957	0.154613267718011	952	656	3.62466485852416e-05	0.00080901024935101
PWY0.1319..CDP.diacylglycerol.biosynthesis.II.g__Faecalibacterium.s__Faecalibacterium_prausnitzii	study_condition	T2D	-0.641639061610957	0.154613267718011	952	656	3.62466485852416e-05	0.00080901024935101
PWY.3841..folate.transformations.II.g__Parabacteroides.s__Parabacteroides_distasonis	study_condition	T2D	0.744938192989838	0.179623222939002	952	471	3.66743037314792e-05	0.000816451080500282
BRANCHED.CHAIN.AA.SYN.PWY..superpathway.of.branched.amino.acid.biosynthesis.g__Akkermansia.s__Akkermansia_muciniphila	BMI	BMI	-0.0295458963435012	0.00713066790260958	952	214	3.72653780212957e-05	0.000827482496575439
PWY.5103..L.isoleucine.biosynthesis.III.g__Akkermansia.s__Akkermansia_muciniphila	BMI	BMI	-0.0297768239017373	0.00719103484443803	952	214	3.76940676247939e-05	0.000833670995233973
ASPASN.PWY..superpathway.of.L.aspartate.and.L.asparagine.biosynthesis.g__Parabacteroides.s__Parabacteroides_distasonis	study_condition	T2D	0.616778392908562	0.148960046716152	952	448	3.77366085602445e-05	0.000833670995233973
PWY.6892..thiazole.biosynthesis.I..E..coli..g__Eubacterium.s__Eubacterium_eligens	study_condition	T2D	-0.717420849630605	0.173507698556305	952	334	3.86775892415159e-05	0.000852284790919918
UNINTEGRATED.g__Gemmiger.s__Gemmiger_formicilis	study_condition	T2D	-0.755769643801479	0.182867276721706	952	566	3.89965604889917e-05	0.000857132522423015
ILEUSYN.PWY..L.isoleucine.biosynthesis.I..from.threonine..g__Akkermansia.s__Akkermansia_muciniphila	BMI	BMI	-0.0289306795106805	0.00701068400942964	952	214	4.00484857110737e-05	0.000878025028501009
PWY.6124..inosine.5..phosphate.biosynthesis.II.g__Bacteroides.s__Bacteroides_cellulosilyticus	BMI	BMI	-0.0327098077480965	0.00792821193791364	952	296	4.02039111877304e-05	0.000879206744660973
HISTSYN.PWY..L.histidine.biosynthesis.g__Bacteroides.s__Bacteroides_cellulosilyticus	BMI	BMI	-0.0332262478012659	0.0080678387350788	952	237	4.14913920968909e-05	0.000905076714254598
PWY.3841..folate.transformations.II.g__Alistipes.s__Alistipes_finegoldii	BMI	BMI	-0.0338600619788168	0.0082257215683758	952	309	4.1845457461309e-05	0.000910506687474714
RIBOSYN2.PWY..flavin.biosynthesis.I..bacteria.and.plants..g__Eubacterium.s__Eubacterium_eligens	age_category	senior	0.734172969292014	0.17871956367379	952	316	4.33691443011146e-05	0.000941295212149504
PWY.5667..CDP.diacylglycerol.biosynthesis.I.g__Eubacterium.s__Eubacterium_eligens_CAG_72	BMI	BMI	-0.0364182748569183	0.0088692461412085	952	267	4.37081102065667e-05	0.000943920784012139
PWY0.1319..CDP.diacylglycerol.biosynthesis.II.g__Eubacterium.s__Eubacterium_eligens_CAG_72	BMI	BMI	-0.0364182748569183	0.0088692461412085	952	267	4.37081102065667e-05	0.000943920784012139
PWY.6385..peptidoglycan.biosynthesis.III..mycobacteria..g__Eubacterium.s__Eubacterium_eligens_CAG_72	BMI	BMI	-0.0325670095236077	0.00793346635799772	952	263	4.39154187523371e-05	0.000946038622873731
PWY.5103..L.isoleucine.biosynthesis.III.g__Eubacterium.s__Eubacterium_eligens_CAG_72	BMI	BMI	-0.0329214122439174	0.00802797914386033	952	331	4.47025600248867e-05	0.00096060588043553
PWY.1042..glycolysis.IV..plant.cytosol..g__Bacteroides.s__Bacteroides_fragilis	study_condition	T2D	0.465793216560419	0.113826306318262	952	211	4.6382014446332e-05	0.000994228329468404
PWY.5097..L.lysine.biosynthesis.VI.g__Parabacteroides.s__Parabacteroides_distasonis	study_condition	T2D	0.723322045235941	0.176885011099348	952	470	4.69591051779467e-05	0.00100411321195313
TRNA.CHARGING.PWY..tRNA.charging.g__Alistipes.s__Alistipes_finegoldii	BMI	BMI	-0.0246741948385853	0.00603841897617242	952	283	4.75635648582163e-05	0.0010145331814585
PWY.5695..urate.biosynthesis.inosine.5..phosphate.degradation.g__Eubacterium.s__Eubacterium_eligens_CAG_72	age_category	senior	0.893191777311729	0.218624114494127	952	292	4.77022038213495e-05	0.0010149903810636
HSERMETANA.PWY..L.methionine.biosynthesis.III.g__Bacteroides.s__Bacteroides_fragilis	study_condition	T2D	0.611778759331144	0.149781535852553	952	212	4.79125492640596e-05	0.00101696734467342
PWY.6609..adenine.and.adenosine.salvage.III.g__Faecalibacterium.s__Faecalibacterium_prausnitzii	study_condition	T2D	-0.674260425237106	0.165139383617209	952	732	4.82167643398483e-05	0.00102092219849165
PWY.7221..guanosine.ribonucleotides.de.novo.biosynthesis.unclassified	study_condition	T2D	-0.474289279637531	0.116247774757889	952	907	4.88306429257675e-05	0.00103139845789548
PWY.2942..L.lysine.biosynthesis.III.g__Bacteroides.s__Bacteroides_fragilis	study_condition	T2D	0.5030572691914	0.123412559328441	952	226	4.96129991239587e-05	0.00104537365550726
PWY.7234..inosine.5..phosphate.biosynthesis.III.unclassified	BMI	BMI	-0.0310425505455458	0.0076260060339146	952	555	5.08013268081718e-05	0.00106781429650186
GLUTORN.PWY..L.ornithine.biosynthesis.g__Faecalibacterium.s__Faecalibacterium_prausnitzii	study_condition	T2D	-0.635981637826027	0.156334025658699	952	731	5.13446419882006e-05	0.00107537393995835
PENTOSE.P.PWY..pentose.phosphate.pathway	study_condition	T2D	0.399207935754823	0.0981458849779795	952	905	5.14745659210997e-05	0.00107537393995835
PWY.5723..Rubisco.shunt.unclassified	study_condition	T2D	0.485890170176027	0.119464818559898	952	255	5.15335086700593e-05	0.00107537393995835
HISTSYN.PWY..L.histidine.biosynthesis.g__Faecalibacterium.s__Faecalibacterium_prausnitzii	study_condition	T2D	-0.62120405537717	0.153036601620876	952	644	5.33080894207617e-05	0.00110213332080323
PWY.6317..galactose.degradation.I..Leloir.pathway..g__Faecalibacterium.s__Faecalibacterium_prausnitzii	BMI	BMI	-0.0411888687104251	0.010144880786382	952	479	5.31114194923371e-05	0.00110213332080323
PWY.7220..adenosine.deoxyribonucleotides.de.novo.biosynthesis.II.g__Alistipes.s__Alistipes_putredinis_CAG_67	BMI	BMI	-0.0373878207493806	0.00921083942172381	952	455	5.33249262605718e-05	0.00110213332080323
PWY.7222..guanosine.deoxyribonucleotides.de.novo.biosynthesis.II.g__Alistipes.s__Alistipes_putredinis_CAG_67	BMI	BMI	-0.0373878207493806	0.00921083942172381	952	455	5.33249262605718e-05	0.00110213332080323
PANTO.PWY..phosphopantothenate.biosynthesis.I.g__Akkermansia.s__Akkermansia_muciniphila	BMI	BMI	-0.0282447413958732	0.00696244388669824	952	225	5.38622701821654e-05	0.00111058871375608
PEPTIDOGLYCANSYN.PWY..peptidoglycan.biosynthesis.I..meso.diaminopimelate.containing..g__Bacteroides.s__Bacteroides_caccae	study_condition	T2D	0.660190543246302	0.162884249751203	952	260	5.46840157474445e-05	0.00112485410064815
PWY.6478..GDP.D.glycero..alpha..D.manno.heptose.biosynthesis	study_condition	T2D	0.462222323466983	0.11408390714431	952	214	5.50361067432974e-05	0.00112941394406862
PWY.7663..gondoate.biosynthesis..anaerobic..g__Bacteroides.s__Bacteroides_cellulosilyticus	BMI	BMI	-0.0364159635006415	0.00899158339643244	952	281	5.54058896105666e-05	0.00113431443032508
PWY0.862...5Z..dodec.5.enoate.biosynthesis.g__Bacteroides.s__Bacteroides_cellulosilyticus	BMI	BMI	-0.0300085024125296	0.0074118779350392	952	194	5.57095066311067e-05	0.00113784039487119
PWY.7221..guanosine.ribonucleotides.de.novo.biosynthesis.g__Akkermansia.s__Akkermansia_muciniphila	BMI	BMI	-0.0306754971584433	0.00757818532203133	952	214	5.59053725559412e-05	0.00113899789126507
PWY66.399..gluconeogenesis.III.unclassified	BMI	BMI	-0.0260347940057398	0.00643256700164483	952	325	5.60292265218154e-05	0.00113899789126507
UDPNAGSYN.PWY..UDP.N.acetyl.D.glucosamine.biosynthesis.I.g__Phascolarctobacterium.s__Phascolarctobacterium_succinatutens	gender	male	0.781870119187035	0.193351004492501	952	192	5.68713263110963e-05	0.00115340910036088
PWY.5695..urate.biosynthesis.inosine.5..phosphate.degradation.g__Eubacterium.s__Eubacterium_eligens	age_category	senior	0.805459279850185	0.199342065970227	952	282	5.76389803151445e-05	0.00116624665777839
PWY.7664..oleate.biosynthesis.IV..anaerobic..g__Bacteroides.s__Bacteroides_cellulosilyticus	BMI	BMI	-0.0288867894771627	0.00715725447707028	952	194	5.87539803933516e-05	0.00118603606108724
HISTSYN.PWY..L.histidine.biosynthesis.g__Bacteroides.s__Bacteroides_fragilis	study_condition	T2D	0.516038977446071	0.127877762743276	952	214	5.89035496925363e-05	0.00118629009380782
PWY.6609..adenine.and.adenosine.salvage.III.g__Alistipes.s__Alistipes_putredinis_CAG_67	BMI	BMI	-0.0393045947734351	0.00974438366747351	952	425	5.93600720072921e-05	0.00119271049555255
PWY.6282..palmitoleate.biosynthesis.I..from..5Z..dodec.5.enoate..g__Bacteroides.s__Bacteroides_cellulosilyticus	BMI	BMI	-0.0285388513086378	0.00708001169746616	952	194	6.00242810433338e-05	0.00120326452276683
PWY.3841..folate.transformations.II.g__Bacteroides.s__Bacteroides_fragilis	study_condition	T2D	0.516398652199853	0.128331486049807	952	218	6.17963773330108e-05	0.00123592754666022
FASYN.ELONG.PWY..fatty.acid.elongation....saturated.g__Bacteroides.s__Bacteroides_cellulosilyticus	BMI	BMI	-0.0278248750170787	0.00691595689018114	952	194	6.19662134699881e-05	0.00123646868352557
HEXITOLDEGSUPER.PWY..superpathway.of.hexitol.degradation..bacteria..unclassified	age_category	senior	0.592386847335014	0.147557115658736	952	282	6.42457446662265e-05	0.00127900723864258
PWY.6936..seleno.amino.acid.biosynthesis.g__Parabacteroides.s__Parabacteroides_distasonis	study_condition	T2D	0.466783311649767	0.116405810735242	952	336	6.55056786692204e-05	0.00130109903044828
COA.PWY..coenzyme.A.biosynthesis.I.g__Akkermansia.s__Akkermansia_muciniphila	BMI	BMI	-0.0245137004472979	0.00611625932271215	952	188	6.60559477891007e-05	0.00130902633376113
PWY.3841..folate.transformations.II.unclassified	BMI	BMI	-0.0267369798672384	0.00667448957578661	952	889	6.66384853086131e-05	0.00131755544012007
GLUCUROCAT.PWY..superpathway.of..beta..D.glucuronide.and.D.glucuronate.degradation.g__Faecalibacterium.s__Faecalibacterium_prausnitzii	BMI	BMI	-0.0279049905586354	0.00697639011807002	952	418	6.83013112823007e-05	0.0013473561633365
PANTO.PWY..phosphopantothenate.biosynthesis.I.g__Phascolarctobacterium.s__Phascolarctobacterium_succinatutens	gender	male	0.734086760941158	0.183649901233938	952	193	6.90747300615454e-05	0.00135951627802951
PWY.7219..adenosine.ribonucleotides.de.novo.biosynthesis.g__Alistipes.s__Alistipes_putredinis	BMI	BMI	-0.0374885008149554	0.00938041083307193	952	440	6.92874839294223e-05	0.00136061136242358
TRNA.CHARGING.PWY..tRNA.charging.g__Parabacteroides.s__Parabacteroides_distasonis	study_condition	T2D	0.60647868953799	0.151849897825226	952	380	7.00193271140943e-05	0.00137187188418112
PWY.6700..queuosine.biosynthesis.g__Akkermansia.s__Akkermansia_muciniphila	BMI	BMI	-0.0262975842536481	0.00660238162069907	952	220	7.32521411207785e-05	0.0014309386481237
PWY.6387..UDP.N.acetylmuramoyl.pentapeptide.biosynthesis.I..meso.diaminopimelate.containing..g__Bacteroides.s__Bacteroides_caccae	study_condition	T2D	0.623242396899686	0.156488395580105	952	261	7.33645219130396e-05	0.0014309386481237
PWY.6124..inosine.5..phosphate.biosynthesis.II.g__Alistipes.s__Alistipes_putredinis_CAG_67	BMI	BMI	-0.043994126908644	0.011049771438411	952	427	7.37369843739418e-05	0.00143497142624345
HISTSYN.PWY..L.histidine.biosynthesis	BMI	BMI	0.00515641153309217	0.00129579034863894	952	947	7.43788832104504e-05	0.00144421777713565
PWY.6124..inosine.5..phosphate.biosynthesis.II.g__Alistipes.s__Alistipes_finegoldii	BMI	BMI	-0.0416775256024361	0.0104930103031117	952	389	7.66965103516183e-05	0.00148257093670762
ARGSYNBSUB.PWY..L.arginine.biosynthesis.II..acetyl.cycle..g__Akkermansia.s__Akkermansia_muciniphila	BMI	BMI	-0.0275223255741623	0.0069287288265479	952	195	7.66104160641767e-05	0.00148257093670762
PWY.6891..thiazole.biosynthesis.II..Bacillus.	study_condition	T2D	0.670072733069726	0.168736900377284	952	614	7.69574614238848e-05	0.00148430203993506
VALSYN.PWY..L.valine.biosynthesis.g__Gemmiger.s__Gemmiger_formicilis	study_condition	T2D	-0.649415002164428	0.163629173883118	952	552	7.76877506193914e-05	0.00149174261721492
COA.PWY..coenzyme.A.biosynthesis.I.g__Eubacterium.s__Eubacterium_eligens_CAG_72	study_condition	T2D	-0.818026110682871	0.20611137370735	952	345	7.76771185033512e-05	0.00149174261721492
PWY.6700..queuosine.biosynthesis.unclassified	study_condition	T2D	-0.491805048723921	0.124015185667773	952	906	7.8699854185683e-05	0.00150450493873734
PWY.6317..galactose.degradation.I..Leloir.pathway..unclassified	BMI	BMI	-0.0280776587017934	0.00707920580112194	952	804	7.85274242603637e-05	0.00150450493873734
UNINTEGRATED.g__Barnesiella.s__Barnesiella_intestinihominis	BMI	BMI	-0.0382783921332671	0.00965547290736624	952	367	7.91097160528291e-05	0.00150900912118392
PWY.7111..pyruvate.fermentation.to.isobutanol..engineered..g__Bacteroides.s__Bacteroides_fragilis_CAG_47	study_condition	T2D	0.53934577775014	0.136208454340623	952	215	8.06620831766741e-05	0.00153523876991208
COA.PWY.1..coenzyme.A.biosynthesis.II..mammalian..g__Akkermansia.s__Akkermansia_muciniphila	BMI	BMI	-0.0245832026393268	0.00621562383007898	952	194	8.22184434396912e-05	0.00155853341301192
HSERMETANA.PWY..L.methionine.biosynthesis.III.g__Akkermansia.s__Akkermansia_muciniphila	BMI	BMI	-0.0257505600234624	0.00651091254591101	952	220	8.22459318413911e-05	0.00155853341301192
PWY.6703..preQ0.biosynthesis.g__Eubacterium.s__Eubacterium_eligens_CAG_72	study_condition	T2D	-0.652107680736321	0.16511077595178	952	336	8.41162925769438e-05	0.00159049583780859
THRESYN.PWY..superpathway.of.L.threonine.biosynthesis.unclassified	BMI	BMI	-0.0244327445430203	0.00619242883210419	952	850	8.54861759128931e-05	0.00160937018131664
PWY.3001..superpathway.of.L.isoleucine.biosynthesis.I.unclassified	BMI	BMI	-0.0253193757508326	0.00641630629883401	952	797	8.53056162753829e-05	0.00160937018131664
PWY.6737..starch.degradation.V.g__Alistipes.s__Alistipes_finegoldii	BMI	BMI	-0.0426091469469247	0.0108117288723081	952	307	8.71052644790759e-05	0.00163275236014891
VALSYN.PWY..L.valine.biosynthesis.g__Alistipes.s__Alistipes_finegoldii	BMI	BMI	-0.0309534554976233	0.00785317217956353	952	333	8.69228147987809e-05	0.00163275236014891
PYRIDNUCSYN.PWY..NAD.biosynthesis.I..from.aspartate..g__Parabacteroides.s__Parabacteroides_distasonis	study_condition	T2D	0.534933943631404	0.13589456415673	952	357	8.87714755270273e-05	0.00166039088134785
ILEUSYN.PWY..L.isoleucine.biosynthesis.I..from.threonine..g__Gemmiger.s__Gemmiger_formicilis	study_condition	T2D	-0.513204444199487	0.130414830215601	952	415	8.92163711531413e-05	0.00166511589264268
PWY.5695..urate.biosynthesis.inosine.5..phosphate.degradation.g__Alistipes.s__Alistipes_finegoldii	BMI	BMI	-0.0328725437530501	0.00836287245330636	952	295	9.08373038327797e-05	0.00168809238453191
PWY.7221..guanosine.ribonucleotides.de.novo.biosynthesis.g__Bacteroides.s__Bacteroides_fragilis_CAG_47	study_condition	T2D	0.522180746270063	0.132842258635216	952	229	9.08145454061364e-05	0.00168809238453191
PWY.5667..CDP.diacylglycerol.biosynthesis.I.g__Bacteroides.s__Bacteroides_cellulosilyticus	BMI	BMI	-0.0292220178222065	0.00744651748406908	952	220	9.32915651521353e-05	0.00172583327199271
PWY0.1319..CDP.diacylglycerol.biosynthesis.II.g__Bacteroides.s__Bacteroides_cellulosilyticus	BMI	BMI	-0.0292220178222065	0.00744651748406908	952	220	9.32915651521353e-05	0.00172583327199271
PWY.6936..seleno.amino.acid.biosynthesis.g__Eubacterium.s__Eubacterium_eligens	study_condition	T2D	-0.634932714843748	0.161815946846899	952	340	9.34660282407138e-05	0.00172583327199271
PWY.6122..5.aminoimidazole.ribonucleotide.biosynthesis.II.g__Alistipes.s__Alistipes_finegoldii	BMI	BMI	-0.038400418219037	0.00979717025192789	952	360	9.51041049229469e-05	0.0017458632183789
PWY.6277..superpathway.of.5.aminoimidazole.ribonucleotide.biosynthesis.g__Alistipes.s__Alistipes_finegoldii	BMI	BMI	-0.038400418219037	0.00979717025192789	952	360	9.51041049229469e-05	0.0017458632183789
RIBOSYN2.PWY..flavin.biosynthesis.I..bacteria.and.plants..g__Akkermansia.s__Akkermansia_muciniphila	BMI	BMI	-0.0295366051147697	0.00753598401284224	952	201	9.5155593426656e-05	0.0017458632183789
PWY0.1241..ADP.L.glycero..beta..D.manno.heptose.biosynthesis.unclassified	study_condition	T2D	0.67776604397498	0.173124129793726	952	220	9.69170599935258e-05	0.0017744222823339
GLUCUROCAT.PWY..superpathway.of..beta..D.glucuronide.and.D.glucuronate.degradation.g__Faecalibacterium.s__Faecalibacterium_prausnitzii	study_condition	T2D	-0.540240150272619	0.138034709126755	952	418	9.73584991325115e-05	0.00177702760094575
PWY.6969..TCA.cycle.V..2.oxoglutarate.ferredoxin.oxidoreductase..unclassified	study_condition	T2D	0.487986421682537	0.124692482466542	952	230	9.74697587123823e-05	0.00177702760094575
UNINTEGRATED.g__Alistipes.s__Alistipes_putredinis_CAG_67	BMI	BMI	-0.0548042097385893	0.0140109985514553	952	484	9.82698625789407e-05	0.00178779733221203
PWY.6123..inosine.5..phosphate.biosynthesis.I.g__Alistipes.s__Alistipes_putredinis	BMI	BMI	-0.0419046251652041	0.0107171464445442	952	442	9.88558281782399e-05	0.00178779733221203
PWY.6609..adenine.and.adenosine.salvage.III.g__Bacteroides.s__Bacteroides_fragilis_CAG_47	study_condition	T2D	0.470890914512901	0.120416308594791	952	212	9.86667004014731e-05	0.00178779733221203
PWY.6703..preQ0.biosynthesis.g__Eubacterium.s__Eubacterium_eligens	study_condition	T2D	-0.810641696608856	0.207326364696144	952	349	9.88862496685406e-05	0.00178779733221203
PWY.5097..L.lysine.biosynthesis.VI.g__Akkermansia.s__Akkermansia_muciniphila	BMI	BMI	-0.0245827131674472	0.00629416075851184	952	185	0.000100649596812236	0.00181588647582075
PWY0.1586..peptidoglycan.maturation..meso.diaminopimelate.containing.	study_condition	T2D	0.155787460696928	0.0399060436398014	952	948	0.000101381902575327	0.00182529579272833
COA.PWY.1..coenzyme.A.biosynthesis.II..mammalian..g__Faecalibacterium.s__Faecalibacterium_prausnitzii	study_condition	T2D	-0.580665781956009	0.14880232839857	952	719	0.000102041176244164	0.00183335391343249
PWY.7208..superpathway.of.pyrimidine.nucleobases.salvage	BMI	BMI	0.00914071320463835	0.00234585541891848	952	943	0.000104443409213347	0.00187262924179624
PWY.7220..adenosine.deoxyribonucleotides.de.novo.biosynthesis.II.g__Bacteroides.s__Bacteroides_cellulosilyticus	BMI	BMI	-0.0422777336519966	0.0108565808976949	952	299	0.000105437941827731	0.00188266510562505
PWY.7222..guanosine.deoxyribonucleotides.de.novo.biosynthesis.II.g__Bacteroides.s__Bacteroides_cellulosilyticus	BMI	BMI	-0.0422777336519966	0.0108565808976949	952	299	0.000105437941827731	0.00188266510562505
COA.PWY.1..coenzyme.A.biosynthesis.II..mammalian..g__Bacteroides.s__Bacteroides_caccae	study_condition	T2D	0.593549318976997	0.152647844365021	952	296	0.000107968549764491	0.00192388403489813
PWY.6121..5.aminoimidazole.ribonucleotide.biosynthesis.I.g__Phascolarctobacterium.s__Phascolarctobacterium_succinatutens	gender	male	0.380750504883429	0.0979673845850034	952	195	0.000108783123120286	0.00193441857540385
PWY.6125..superpathway.of.guanosine.nucleotides.de.novo.biosynthesis.II.g__Parabacteroides.s__Parabacteroides_distasonis	study_condition	T2D	0.686114597079658	0.176642379252852	952	369	0.000109802069070602	0.00194455197985974
PWY.7400..L.arginine.biosynthesis.IV..archaebacteria..g__Faecalibacterium.s__Faecalibacterium_prausnitzii	study_condition	T2D	-0.823112267782334	0.211906423109381	952	723	0.000109749573410582	0.00194455197985974
PWY.6168..flavin.biosynthesis.III..fungi..g__Eubacterium.s__Eubacterium_eligens	BMI	BMI	-0.0272427799164689	0.00701668422283886	952	272	0.000110529164865546	0.00195343381170536
UNINTEGRATED.g__Phascolarctobacterium.s__Phascolarctobacterium_succinatutens	gender	male	0.689960351997971	0.177762041230499	952	206	0.000111067968826062	0.00195895847257372
ARGSYN.PWY..L.arginine.biosynthesis.I..via.L.ornithine..g__Faecalibacterium.s__Faecalibacterium_prausnitzii	study_condition	T2D	-0.825325561554489	0.212693833152622	952	723	0.000111529717246446	0.00196310437267118
PWY.6703..preQ0.biosynthesis.g__Akkermansia.s__Akkermansia_muciniphila	BMI	BMI	-0.0265568002912675	0.00684536795148369	952	198	0.000111899041337947	0.00196560993506414
PWY.6700..queuosine.biosynthesis.g__Bacteroides.s__Bacteroides_cellulosilyticus	BMI	BMI	-0.0312936122968657	0.00807102415541101	952	232	0.000112921953855053	0.00197956299673028
UNINTEGRATED.unclassified	BMI	BMI	-0.0118096153631107	0.00304688135199082	952	950	0.000113522035114587	0.00198606227089358
PWY.6700..queuosine.biosynthesis.g__Eubacterium.s__Eubacterium_eligens	BMI	BMI	-0.0333554969372582	0.0086147729544501	952	346	0.000115406101629069	0.00201495330666882
PWY.6317..galactose.degradation.I..Leloir.pathway..g__Faecalibacterium.s__Faecalibacterium_prausnitzii	study_condition	T2D	-0.776965201957455	0.200726399294489	952	479	0.000115932910674146	0.00202007848377888
PWY.6609..adenine.and.adenosine.salvage.III.g__Alistipes.s__Alistipes_putredinis	BMI	BMI	-0.0379570981050955	0.00981755248406715	952	416	0.000118066826852974	0.00205312996093727
NONOXIPENT.PWY..pentose.phosphate.pathway..non.oxidative.branch..g__Eubacterium.s__Eubacterium_eligens_CAG_72	study_condition	T2D	-0.662053087620879	0.171439151682619	952	282	0.000120233784372954	0.0020866223901198
PWY.7220..adenosine.deoxyribonucleotides.de.novo.biosynthesis.II.g__Faecalibacterium.s__Faecalibacterium_prausnitzii	study_condition	T2D	-0.739706377355741	0.191810299071309	952	802	0.000122823230699955	0.0021216092654562
PWY.7222..guanosine.deoxyribonucleotides.de.novo.biosynthesis.II.g__Faecalibacterium.s__Faecalibacterium_prausnitzii	study_condition	T2D	-0.739706377355741	0.191810299071309	952	802	0.000122823230699955	0.0021216092654562
PWY4FS.7..phosphatidylglycerol.biosynthesis.I..plastidic..unclassified	study_condition	T2D	0.55629290168206	0.144280742710761	952	573	0.000123228998638495	0.0021216092654562
PWY4FS.8..phosphatidylglycerol.biosynthesis.II..non.plastidic..unclassified	study_condition	T2D	0.556292656114272	0.144280734192312	952	573	0.00012322972985271	0.0021216092654562
DTDPRHAMSYN.PWY..dTDP.L.rhamnose.biosynthesis.I.g__Eubacterium.s__Eubacterium_eligens_CAG_72	study_condition	T2D	-0.826736191228403	0.214515088611866	952	422	0.000124050547467466	0.0021315034545005
PWY.7282..4.amino.2.methyl.5.phosphomethylpyrimidine.biosynthesis..yeast.	study_condition	T2D	0.375781604974839	0.0975712209163756	952	889	0.000125364570411778	0.00214981619755644
PWY.2942..L.lysine.biosynthesis.III.g__Bacteroides.s__Bacteroides_caccae	study_condition	T2D	0.694182957735331	0.180348003145891	952	339	0.000126491730755322	0.00216485847498238
PWY.6123..inosine.5..phosphate.biosynthesis.I.g__Alistipes.s__Alistipes_putredinis_CAG_67	BMI	BMI	-0.041937014391953	0.0109001620873363	952	427	0.000127386819473407	0.00217587742926964
PWY.5188..tetrapyrrole.biosynthesis.I..from.glutamate..g__Akkermansia.s__Akkermansia_muciniphila	BMI	BMI	-0.0282256753651504	0.00733878377797769	952	198	0.000128042476867067	0.00218277135761575
LACTOSECAT.PWY..lactose.and.galactose.degradation.I	study_condition	T2D	0.616422233525197	0.160304690855166	952	464	0.000128444620487781	0.00218532497725772
PRPP.PWY..superpathway.of.histidine..purine..and.pyrimidine.biosynthesis	study_condition	T2D	0.522293186803746	0.1360514054594	952	644	0.000131773138402995	0.0022375595658234
PWY.6121..5.aminoimidazole.ribonucleotide.biosynthesis.I.g__Lachnospira.s__Lachnospira_pectinoschiza	study_condition	T2D	-0.809505105130319	0.210898178977849	952	322	0.000132074984651585	0.00223829621738302
PWY.7228..superpathway.of.guanosine.nucleotides.de.novo.biosynthesis.I.g__Bacteroides.s__Bacteroides_cellulosilyticus	BMI	BMI	-0.0383016979675438	0.00998113865261234	952	288	0.000132585111185772	0.0022425528571656
PWY.6895..superpathway.of.thiamin.diphosphate.biosynthesis.II	study_condition	T2D	0.534187932964776	0.139246700143655	952	613	0.000133191010778922	0.00224840965564418
X1CMET2.PWY..N10.formyl.tetrahydrofolate.biosynthesis.g__Akkermansia.s__Akkermansia_muciniphila	BMI	BMI	-0.0242818689528011	0.00634289503406088	952	177	0.000137564536433497	0.00231772156714802
PWY.4242..pantothenate.and.coenzyme.A.biosynthesis.III.g__Eubacterium.s__Eubacterium_eligens	age_category	senior	0.742956135456628	0.194138761560935	952	230	0.000138262900077454	0.00232496449450632
PWY.7228..superpathway.of.guanosine.nucleotides.de.novo.biosynthesis.I.g__Bacteroides.s__Bacteroides_fragilis_CAG_47	study_condition	T2D	0.519116879086533	0.135710352128015	952	201	0.000139234127665661	0.00233393403378578
PWY.6168..flavin.biosynthesis.III..fungi..g__Eubacterium.s__Eubacterium_eligens	age_category	senior	0.620770235412214	0.162292836316008	952	272	0.000139335322802223	0.00233393403378578
PWY.2942..L.lysine.biosynthesis.III.g__Alistipes.s__Alistipes_finegoldii	BMI	BMI	-0.0263973156078948	0.00690521223876357	952	247	0.000140560382935434	0.00234990910467347
PWY.5686..UMP.biosynthesis.g__Alistipes.s__Alistipes_putredinis	BMI	BMI	-0.0327949030250346	0.00858052295012552	952	436	0.000141006543371827	0.00235282594527942
PWY.7111..pyruvate.fermentation.to.isobutanol..engineered..g__Gemmiger.s__Gemmiger_formicilis	study_condition	T2D	-0.475756831803278	0.124512159163792	952	435	0.000141599072288399	0.00235364292901639
FAO.PWY..fatty.acid..beta..oxidation.I	BMI	BMI	0.0374850831868119	0.00981028530827329	952	589	0.000141581303787344	0.00235364292901639
PWY.5177..glutaryl.CoA.degradation.g__Faecalibacterium.s__Faecalibacterium_prausnitzii	BMI	BMI	-0.0287988750769261	0.00755187567375444	952	780	0.000145896670639778	0.00241580338000091
PWY.6609..adenine.and.adenosine.salvage.III.g__Eubacterium.s__Eubacterium_eligens	age_category	senior	0.675665658522585	0.177173066306853	952	324	0.000145827983826904	0.00241580338000091
PWY.4242..pantothenate.and.coenzyme.A.biosynthesis.III.g__Eubacterium.s__Eubacterium_eligens	BMI	BMI	-0.0319939901088405	0.0083935336654889	952	230	0.00014690644724839	0.00242788136101346
UNINTEGRATED.g__Ruminococcaceae_unclassified.s__Eubacterium_siraeum	BMI	BMI	-0.0336689442824642	0.00884190909521027	952	187	0.000149183128198304	0.00245775162419737
PWY.7199..pyrimidine.deoxyribonucleosides.salvage.unclassified	study_condition	T2D	-0.598157788144539	0.157090955868514	952	851	0.000149281449691434	0.00245775162419737
TRPSYN.PWY..L.tryptophan.biosynthesis.g__Eubacterium.s__Eubacterium_eligens_CAG_72	age_category	senior	0.741386767165837	0.19473890264305	952	283	0.000149659488817764	0.00245930013882701
PWY.7220..adenosine.deoxyribonucleotides.de.novo.biosynthesis.II.g__Alistipes.s__Alistipes_putredinis	BMI	BMI	-0.0301953899359076	0.00793379836171654	952	454	0.000150353538561647	0.00246136416624549
PWY.7222..guanosine.deoxyribonucleotides.de.novo.biosynthesis.II.g__Alistipes.s__Alistipes_putredinis	BMI	BMI	-0.0301953899359076	0.00793379836171654	952	454	0.000150353538561647	0.00246136416624549
UNINTEGRATED.g__Alistipes.s__Alistipes_finegoldii	BMI	BMI	-0.0376166231001126	0.00989040629340022	952	489	0.000151901125856708	0.00247528720045732
PANTOSYN.PWY..pantothenate.and.coenzyme.A.biosynthesis.I.g__Bacteroides.s__Bacteroides_caccae	study_condition	T2D	0.551463318833156	0.145004425937175	952	259	0.000152061523168972	0.00247528720045732
HSERMETANA.PWY..L.methionine.biosynthesis.III.g__Parabacteroides.s__Parabacteroides_distasonis	study_condition	T2D	0.437048563291798	0.114903851041426	952	368	0.000151745433106002	0.00247528720045732
PWY.6124..inosine.5..phosphate.biosynthesis.II.g__Alistipes.s__Alistipes_putredinis	BMI	BMI	-0.0504864437282608	0.0132821603808941	952	442	0.000153280189147956	0.00249044359853903
BRANCHED.CHAIN.AA.SYN.PWY..superpathway.of.branched.amino.acid.biosynthesis.g__Gemmiger.s__Gemmiger_formicilis	study_condition	T2D	-0.526584337086162	0.138574866115273	952	415	0.000153935195515942	0.00249640223439712
PWY.7388..octanoyl..acyl.carrier.protein..biosynthesis..mitochondria..yeast..g__Bacteroides.s__Bacteroides_cellulosilyticus	BMI	BMI	-0.0301514301771266	0.00794785498333404	952	190	0.000157861959003088	0.00254825817085103
DTDPRHAMSYN.PWY..dTDP.L.rhamnose.biosynthesis.I.g__Bacteroides.s__Bacteroides_fragilis_CAG_47	study_condition	T2D	0.627587736602719	0.165427346938252	952	221	0.000157811830318147	0.00254825817085103
PWY.6892..thiazole.biosynthesis.I..E..coli..g__Eubacterium.s__Eubacterium_eligens	age_category	senior	0.769411282498561	0.202828332985709	952	334	0.000158015547083949	0.00254825817085103
PWY.6385..peptidoglycan.biosynthesis.III..mycobacteria..g__Bacteroides.s__Bacteroides_caccae	study_condition	T2D	0.605351909067221	0.159649496258971	952	255	0.00015905682437665	0.00256028271208511
PWY.6386..UDP.N.acetylmuramoyl.pentapeptide.biosynthesis.II..lysine.containing..g__Parabacteroides.s__Parabacteroides_distasonis	study_condition	T2D	0.718800757643028	0.189642243644067	952	370	0.000159978696744132	0.00256558428482256
TRNA.CHARGING.PWY..tRNA.charging.g__Alistipes.s__Alistipes_putredinis	BMI	BMI	-0.029257654007341	0.00771900493389455	952	404	0.000159952455423736	0.00256558428482256
PYRIDNUCSYN.PWY..NAD.biosynthesis.I..from.aspartate..g__Alistipes.s__Alistipes_putredinis_CAG_67	BMI	BMI	-0.0287093530909676	0.0075759809595355	952	403	0.000160471629174818	0.00256873254834367
PWY.6123..inosine.5..phosphate.biosynthesis.I.g__Akkermansia.s__Akkermansia_muciniphila	BMI	BMI	-0.023533586027489	0.00621996465191887	952	177	0.000164310492637453	0.00262533001151355
PWY.5103..L.isoleucine.biosynthesis.III.g__Gemmiger.s__Gemmiger_formicilis	study_condition	T2D	-0.518239962391613	0.137289574531373	952	415	0.00017010467513159	0.0027079163357345
PEPTIDOGLYCANSYN.PWY..peptidoglycan.biosynthesis.I..meso.diaminopimelate.containing..g__Eubacterium.s__Eubacterium_eligens_CAG_72	age_category	senior	0.747583211986648	0.198033639661333	952	329	0.000169945647811634	0.0027079163357345
PWY.6124..inosine.5..phosphate.biosynthesis.II.g__Parabacteroides.s__Parabacteroides_distasonis	study_condition	T2D	0.870604926764318	0.231066922087505	952	442	0.000174895008910425	0.00277906564617299
PWY.6123..inosine.5..phosphate.biosynthesis.I.g__Faecalibacterium.s__Faecalibacterium_prausnitzii	study_condition	T2D	-0.563453932016795	0.149737141615159	952	661	0.000178241762780954	0.00282357455357397
PWY.5667..CDP.diacylglycerol.biosynthesis.I.g__Parabacteroides.s__Parabacteroides_distasonis	study_condition	T2D	0.711111338214411	0.189038010684871	952	370	0.000179098114813387	0.00282357455357397
PWY0.1319..CDP.diacylglycerol.biosynthesis.II.g__Parabacteroides.s__Parabacteroides_distasonis	study_condition	T2D	0.711111338214411	0.189038010684871	952	370	0.000179098114813387	0.00282357455357397
ARGSYN.PWY..L.arginine.biosynthesis.I..via.L.ornithine..g__Eubacterium.s__Eubacterium_eligens_CAG_72	age_category	senior	0.703234061664612	0.186960022994942	952	314	0.00017932632846024	0.00282357455357397
PWY.7400..L.arginine.biosynthesis.IV..archaebacteria..g__Eubacterium.s__Eubacterium_eligens_CAG_72	age_category	senior	0.701695022863828	0.186541153859285	952	314	0.000179188144845638	0.00282357455357397
PWY.5973..cis.vaccenate.biosynthesis.unclassified	BMI	BMI	-0.0281375761182905	0.007486425389885	952	768	0.000181410790361051	0.00285121133307932
PWY.6121..5.aminoimidazole.ribonucleotide.biosynthesis.I.g__Akkermansia.s__Akkermansia_muciniphila	BMI	BMI	-0.0249198606986106	0.00663452970368326	952	196	0.000183128125046622	0.00286779306130876
DTDPRHAMSYN.PWY..dTDP.L.rhamnose.biosynthesis.I.g__Akkermansia.s__Akkermansia_muciniphila	BMI	BMI	-0.0250661169128019	0.00667323871391303	952	202	0.000183035088025924	0.00286779306130876
PYRIDNUCSYN.PWY..NAD.biosynthesis.I..from.aspartate..g__Alistipes.s__Alistipes_putredinis	BMI	BMI	-0.0335943516191678	0.00894699235224584	952	402	0.00018404162725137	0.00286841426435113
P185.PWY..formaldehyde.assimilation.III..dihydroxyacetone.cycle.	study_condition	T2D	0.589559683875223	0.157011725994924	952	361	0.000184000997123374	0.00286841426435113
PWY.5188..tetrapyrrole.biosynthesis.I..from.glutamate..g__Eubacterium.s__Eubacterium_eligens_CAG_72	age_category	senior	0.703423812909415	0.187369915211533	952	300	0.00018449269575561	0.00286841426435113
PWY.5188..tetrapyrrole.biosynthesis.I..from.glutamate..g__Eubacterium.s__Eubacterium_eligens	age_category	senior	0.743934969853801	0.198148562310117	952	286	0.000184324400463012	0.00286841426435113
PWY.7111..pyruvate.fermentation.to.isobutanol..engineered..g__Alistipes.s__Alistipes_finegoldii	BMI	BMI	-0.0310781512513814	0.00828585700397291	952	341	0.000187013171120054	0.00289719867960585
PWY.7111..pyruvate.fermentation.to.isobutanol..engineered..g__Phascolarctobacterium.s__Phascolarctobacterium_succinatutens	gender	male	0.861728846078252	0.229728360681901	952	194	0.000186770369710747	0.00289719867960585
COA.PWY.1..coenzyme.A.biosynthesis.II..mammalian..unclassified	BMI	BMI	-0.022752879309847	0.00607367038238779	952	910	0.000190420434841392	0.00294471601022582
PWY.6122..5.aminoimidazole.ribonucleotide.biosynthesis.II.g__Eubacterium.s__Eubacterium_eligens	study_condition	T2D	-0.691955381401979	0.185167728855162	952	431	0.000197445574182031	0.00304248874095442
PWY.6277..superpathway.of.5.aminoimidazole.ribonucleotide.biosynthesis.g__Eubacterium.s__Eubacterium_eligens	study_condition	T2D	-0.691955381401979	0.185167728855162	952	431	0.000197445574182031	0.00304248874095442
PENTOSE.P.PWY..pentose.phosphate.pathway.g__Parabacteroides.s__Parabacteroides_distasonis	study_condition	T2D	0.644514887606756	0.172498729479911	952	334	0.000197883500799989	0.00304382081159486
PWY.7219..adenosine.ribonucleotides.de.novo.biosynthesis.g__Alistipes.s__Alistipes_finegoldii	BMI	BMI	-0.0339446681918445	0.00908722860515902	952	275	0.000198597699411767	0.00304399305647062
P42.PWY..incomplete.reductive.TCA.cycle.unclassified	study_condition	T2D	0.435239970765495	0.116503181210749	952	226	0.000198257653307588	0.00304399305647062
PWY.6387..UDP.N.acetylmuramoyl.pentapeptide.biosynthesis.I..meso.diaminopimelate.containing..unclassified	BMI	BMI	-0.023524531456729	0.00630260325296753	952	897	0.000200877311589326	0.00307349384869888
PWY.4984..urea.cycle.g__Alistipes.s__Alistipes_finegoldii	BMI	BMI	-0.0289133852623826	0.0077526167060454	952	253	0.00020325671253744	0.00310441469237078
PANTOSYN.PWY..pantothenate.and.coenzyme.A.biosynthesis.I.g__Parabacteroides.s__Parabacteroides_distasonis	study_condition	T2D	0.618608167780197	0.165997078025263	952	325	0.000205557526682994	0.00313402848780763
PWY.5686..UMP.biosynthesis.g__Bacteroides.s__Bacteroides_cellulosilyticus	BMI	BMI	-0.033389307094315	0.00896880392351258	952	213	0.000208626359229924	0.00317522718968567
PWY.6387..UDP.N.acetylmuramoyl.pentapeptide.biosynthesis.I..meso.diaminopimelate.containing..g__Eubacterium.s__Eubacterium_eligens_CAG_72	age_category	senior	0.851548457379227	0.228954584149517	952	338	0.000211526658294991	0.0032137208084818
PWY.6700..queuosine.biosynthesis.g__Bacteroides.s__Bacteroides_fragilis_CAG_47	study_condition	T2D	0.444159739474159	0.119532766787735	952	212	0.000214425933646605	0.00325206407246866
ARGSYN.PWY..L.arginine.biosynthesis.I..via.L.ornithine..g__Eubacterium.s__Eubacterium_eligens	age_category	senior	0.56669787963203	0.152588662907235	952	303	0.000216025202313192	0.00327059134970671
PWY.7400..L.arginine.biosynthesis.IV..archaebacteria..g__Eubacterium.s__Eubacterium_eligens	age_category	senior	0.564885528519589	0.152129285685254	952	303	0.000216613971096541	0.00327378183193026
PWY.5030..L.histidine.degradation.III.g__Alistipes.s__Alistipes_putredinis	BMI	BMI	-0.0376827395483133	0.0101524431378646	952	411	0.000217885072692522	0.00328725562633665
PWY.5686..UMP.biosynthesis.unclassified	BMI	BMI	-0.0255147809188291	0.00688105741111576	952	895	0.000221061480578974	0.00332937812489376
PWY.6387..UDP.N.acetylmuramoyl.pentapeptide.biosynthesis.I..meso.diaminopimelate.containing..g__Prevotella.s__Prevotella_copri	gender	male	0.867330566874668	0.234281675494511	952	354	0.000226182284729475	0.00339469425607843
PWY.6609..adenine.and.adenosine.salvage.III.g__Eubacterium.s__Eubacterium_eligens	study_condition	T2D	-0.561103509011554	0.151561128213935	952	324	0.000226116181619147	0.00339469425607843
SER.GLYSYN.PWY..superpathway.of.L.serine.and.glycine.biosynthesis.I.g__Alistipes.s__Alistipes_putredinis	BMI	BMI	-0.0337586024888269	0.00912983784700981	952	419	0.000230145024855175	0.00344819362499276
UNINTEGRATED.g__Parabacteroides.s__Parabacteroides_distasonis	study_condition	T2D	0.627344916867845	0.169783563081777	952	713	0.000232518513230106	0.0034777380389857
NAD.BIOSYNTHESIS.II..NAD.salvage.pathway.II	BMI	BMI	0.0346979271259156	0.00939201743374282	952	651	0.000233026269185553	0.00347932326059808
UNINTEGRATED.g__Faecalibacterium.s__Faecalibacterium_prausnitzii	BMI	BMI	-0.0292316707206747	0.00792715461670398	952	845	0.000239314107112602	0.00356705708708285
PWY.6168..flavin.biosynthesis.III..fungi..g__Faecalibacterium.s__Faecalibacterium_prausnitzii	BMI	BMI	-0.0268816905692826	0.00729675945085847	952	675	0.000242557530518255	0.00360918937162902
UNINTEGRATED.g__Eubacterium.s__Eubacterium_eligens_CAG_72	study_condition	T2D	-0.96889639843283	0.2633626668754	952	491	0.000247403401541878	0.00367498020129102
PWY.6897..thiamin.salvage.II	BMI	BMI	0.00494514097884455	0.00134525916547616	952	947	0.000250255902896706	0.00370505101101048
HISDEG.PWY..L.histidine.degradation.I.g__Alistipes.s__Alistipes_putredinis	BMI	BMI	-0.0484957462943747	0.0131927185923655	952	431	0.000250283468988583	0.00370505101101048
PWY.5667..CDP.diacylglycerol.biosynthesis.I.g__Eubacterium.s__Eubacterium_eligens_CAG_72	age_category	senior	0.753875884335958	0.205141783002908	952	267	0.000251296706055144	0.00370737559529394
PWY0.1319..CDP.diacylglycerol.biosynthesis.II.g__Eubacterium.s__Eubacterium_eligens_CAG_72	age_category	senior	0.753875884335958	0.205141783002908	952	267	0.000251296706055144	0.00370737559529394
POLYAMSYN.PWY..superpathway.of.polyamine.biosynthesis.I	BMI	BMI	0.0245258659060863	0.00667826559326948	952	813	0.000253646722176884	0.00373568131641465
PWY.1269..CMP.3.deoxy.D.manno.octulosonate.biosynthesis.I.g__Bacteroides.s__Bacteroides_uniformis	BMI	BMI	-0.0336772791524887	0.0091845114747384	952	600	0.000259327477706015	0.00381031826242695
PWY.6122..5.aminoimidazole.ribonucleotide.biosynthesis.II.g__Phascolarctobacterium.s__Phascolarctobacterium_succinatutens	gender	male	0.782852168030617	0.213541606094328	952	196	0.000260034421835373	0.00381031826242695
PWY.6277..superpathway.of.5.aminoimidazole.ribonucleotide.biosynthesis.g__Phascolarctobacterium.s__Phascolarctobacterium_succinatutens	gender	male	0.782852168030617	0.213541606094328	952	196	0.000260034421835373	0.00381031826242695
PYRIDOXSYN.PWY..pyridoxal.5..phosphate.biosynthesis.I.g__Bacteroides.s__Bacteroides_caccae	study_condition	T2D	0.603302277105809	0.164702500355804	952	242	0.000263116021480015	0.0038489607196232
PWY.7221..guanosine.ribonucleotides.de.novo.biosynthesis.g__Eubacterium.s__Eubacterium_eligens_CAG_72	study_condition	T2D	-0.825173775922632	0.225461866895457	952	398	0.000266229031571952	0.00388793155718905
TRNA.CHARGING.PWY..tRNA.charging.g__Faecalibacterium.s__Faecalibacterium_prausnitzii	BMI	BMI	-0.0235037472735866	0.00642790805242197	952	729	0.000269744060320226	0.00393263225988746
PWY66.422..D.galactose.degradation.V..Leloir.pathway..g__Faecalibacterium.s__Faecalibacterium_prausnitzii	BMI	BMI	-0.0320999972636668	0.00879371079000172	952	719	0.000276225045927927	0.00402035108863167
NONOXIPENT.PWY..pentose.phosphate.pathway..non.oxidative.branch..g__Lachnospira.s__Lachnospira_pectinoschiza	study_condition	T2D	-0.607432941983528	0.166449192336049	952	241	0.000277262158015611	0.0040286749805624
COA.PWY.1..coenzyme.A.biosynthesis.II..mammalian..g__Eubacterium.s__Eubacterium_eligens	study_condition	T2D	-0.64801862058021	0.177916732588974	952	332	0.000284916923646384	0.00413296576009662
COA.PWY.1..coenzyme.A.biosynthesis.II..mammalian..g__Alistipes.s__Alistipes_putredinis	BMI	BMI	-0.0378483214774693	0.0103957959965045	952	441	0.000286585815612586	0.00415022268094481
PWY.7221..guanosine.ribonucleotides.de.novo.biosynthesis.g__Prevotella.s__Prevotella_copri_CAG_164	gender	male	0.914088615291982	0.251199442000476	952	344	0.000288609541813459	0.00417255197346337
PANTOSYN.PWY..pantothenate.and.coenzyme.A.biosynthesis.I.unclassified	BMI	BMI	-0.0280954224587188	0.00772628931531842	952	787	0.000291445677542575	0.00417971631461997
PANTO.PWY..phosphopantothenate.biosynthesis.I.g__Alistipes.s__Alistipes_putredinis_CAG_67	BMI	BMI	-0.0268356548533866	0.00737982215469106	952	338	0.000291429791755633	0.00417971631461997
PWY.7111..pyruvate.fermentation.to.isobutanol..engineered..g__Lachnospira.s__Lachnospira_pectinoschiza	study_condition	T2D	-0.733257114661584	0.201650574787351	952	329	0.000291518320326843	0.00417971631461997
VALSYN.PWY..L.valine.biosynthesis.g__Lachnospira.s__Lachnospira_pectinoschiza	study_condition	T2D	-0.733977266991775	0.201754595974693	952	329	0.000289633789989198	0.00417971631461997
PWY.6121..5.aminoimidazole.ribonucleotide.biosynthesis.I.g__Eubacterium.s__Eubacterium_eligens_CAG_72	study_condition	T2D	-0.856111933569438	0.23540145704104	952	414	0.000290915697273356	0.00417971631461997
PWY.5695..urate.biosynthesis.inosine.5..phosphate.degradation.g__Alistipes.s__Alistipes_putredinis_CAG_67	BMI	BMI	-0.0322819053974242	0.00888334346725172	952	423	0.000294088138133359	0.00420959219212378
COA.PWY..coenzyme.A.biosynthesis.I.g__Parabacteroides.s__Parabacteroides_distasonis	study_condition	T2D	0.623703746215409	0.17189935896974	952	361	0.00030053467594785	0.00429476946156499
PWY0.845..superpathway.of.pyridoxal.5..phosphate.biosynthesis.and.salvage.g__Bacteroides.s__Bacteroides_uniformis_CAG_3	BMI	BMI	-0.038860552630614	0.0107139739305015	952	554	0.00030193469359195	0.00430766795141069
X1CMET2.PWY..N10.formyl.tetrahydrofolate.biosynthesis.unclassified	BMI	BMI	-0.0233259206068288	0.00643403659987157	952	877	0.00030389577176042	0.00432851543329809
TRNA.CHARGING.PWY..tRNA.charging.g__Alistipes.s__Alistipes_putredinis_CAG_67	BMI	BMI	-0.0224365548760236	0.00619289256904037	952	353	0.000306740516442657	0.00435914295756883
PWY.6936..seleno.amino.acid.biosynthesis.g__Eubacterium.s__Eubacterium_eligens	age_category	senior	0.685270183173597	0.18916082123474	952	340	0.000307052794932678	0.00435914295756883
PWY.3841..folate.transformations.II.g__Alistipes.s__Alistipes_putredinis	BMI	BMI	-0.0344036745063534	0.00950239388677264	952	420	0.000309590411281794	0.00438797538739825
PWY.6126..superpathway.of.adenosine.nucleotides.de.novo.biosynthesis.II.g__Alistipes.s__Alistipes_putredinis	BMI	BMI	-0.0249208755492497	0.00688508710092213	952	366	0.000310752701762757	0.00439725228311352
TRNA.CHARGING.PWY..tRNA.charging.unclassified	study_condition	T2D	-0.447131617636624	0.123580991532319	952	870	0.000312436135163542	0.00441386122433323
DTDPRHAMSYN.PWY..dTDP.L.rhamnose.biosynthesis.I.g__Alistipes.s__Alistipes_finegoldii	BMI	BMI	-0.0336014877703151	0.00929144375253891	952	408	0.000314508731339293	0.00443590490781479
PWY.7229..superpathway.of.adenosine.nucleotides.de.novo.biosynthesis.I.g__Alistipes.s__Alistipes_putredinis	BMI	BMI	-0.0255152668015099	0.00705753400850649	952	366	0.000315789317518912	0.00444672437351834
PWY.5136..fatty.acid..beta..oxidation.II..peroxisome.	BMI	BMI	0.034199505299369	0.00946284231755222	952	586	0.000317282816089621	0.0044605019274937
PWY.7199..pyrimidine.deoxyribonucleosides.salvage.g__Bacteroides.s__Bacteroides_cellulosilyticus	BMI	BMI	-0.0265575632931098	0.00735807475702188	952	200	0.000323098883894288	0.00453490491819212
HISDEG.PWY..L.histidine.degradation.I.g__Alistipes.s__Alistipes_finegoldii	BMI	BMI	-0.030710044358909	0.00851446918206997	952	250	0.000326186097878921	0.00457082784406385
DTDPRHAMSYN.PWY..dTDP.L.rhamnose.biosynthesis.I.g__Gemmiger.s__Gemmiger_formicilis	study_condition	T2D	-0.599927965309948	0.166379544033859	952	397	0.000327461394238663	0.00458128541858937
PWY.6969..TCA.cycle.V..2.oxoglutarate.ferredoxin.oxidoreductase.	study_condition	T2D	0.521041599601641	0.144554686524744	952	587	0.000329106627783533	0.00459687644613773
X1CMET2.PWY..N10.formyl.tetrahydrofolate.biosynthesis.g__Parabacteroides.s__Parabacteroides_distasonis	study_condition	T2D	0.687328152417861	0.190712237880651	952	403	0.000329673940569103	0.00459738538700231
COA.PWY..coenzyme.A.biosynthesis.I.g__Alistipes.s__Alistipes_finegoldii	BMI	BMI	-0.0359268738923371	0.00997897774495736	952	313	0.000334400451696335	0.00464832730608388
PWY.5484..glycolysis.II..from.fructose.6.phosphate..unclassified	BMI	BMI	-0.0293642701350955	0.00815567296999357	952	743	0.0003341267728789	0.00464832730608388
PWY.5097..L.lysine.biosynthesis.VI.g__Bacteroides.s__Bacteroides_caccae	study_condition	T2D	0.614117316619107	0.171038790235769	952	308	0.000346974535012075	0.00481538377116117
PWY.6121..5.aminoimidazole.ribonucleotide.biosynthesis.I.unclassified	BMI	BMI	-0.0199798120027201	0.00557175988798784	952	908	0.00035307577233059	0.00489221790141266
PWY.6892..thiazole.biosynthesis.I..E..coli..g__Eubacterium.s__Eubacterium_eligens_CAG_72	study_condition	T2D	-0.526194743174966	0.146783363368338	952	326	0.000354503788978165	0.00490415784752542
PWY0.845..superpathway.of.pyridoxal.5..phosphate.biosynthesis.and.salvage.g__Bacteroides.s__Bacteroides_caccae	study_condition	T2D	0.574028801491081	0.160277527050161	952	240	0.000359048255825482	0.00495910350151303
UNINTEGRATED.g__Fusicatenibacter.s__Fusicatenibacter_saccharivorans	BMI	BMI	-0.026731809137851	0.00746819157465591	952	361	0.000361832497544461	0.00498960100117044
PWY.6609..adenine.and.adenosine.salvage.III.g__Bacteroides.s__Bacteroides_cellulosilyticus	BMI	BMI	-0.0316249914704114	0.00883731941392769	952	287	0.000362994037521505	0.00499379072896684
ARO.PWY..chorismate.biosynthesis.I.unclassified	BMI	BMI	-0.0231992245283707	0.00648320536604683	952	862	0.000363289625779343	0.00499379072896684
ARO.PWY..chorismate.biosynthesis.I.g__Parabacteroides.s__Parabacteroides_distasonis	study_condition	T2D	0.434154761342305	0.121359476612538	952	326	0.000364565986597148	0.0050033937304775
PWY.5690..TCA.cycle.II..plants.and.fungi.	study_condition	T2D	0.426154487925969	0.119224791440338	952	821	0.000368783550608211	0.00504905739408551
PEPTIDOGLYCANSYN.PWY..peptidoglycan.biosynthesis.I..meso.diaminopimelate.containing..g__Eubacterium.s__Eubacterium_eligens	study_condition	T2D	-0.632702292989401	0.177020270321943	952	290	0.000369059276034195	0.00504905739408551
PWY.6163..chorismate.biosynthesis.from.3.dehydroquinate.unclassified	study_condition	T2D	-0.478058567089779	0.133790181822096	952	877	0.000370430415287824	0.00505982239178636
PWY.7221..guanosine.ribonucleotides.de.novo.biosynthesis.g__Eubacterium.s__Eubacterium_eligens	study_condition	T2D	-0.709564259163191	0.198683428636436	952	409	0.000373043470010212	0.00508749047289518
PWY0.1241..ADP.L.glycero..beta..D.manno.heptose.biosynthesis.g__Akkermansia.s__Akkermansia_muciniphila	BMI	BMI	-0.026172086595311	0.00734577359697103	952	214	0.000385104147799642	0.00524371371060519
PWY.7383..anaerobic.energy.metabolism..invertebrates..cytosol.	age_category	senior	0.698553591441082	0.196455945063554	952	764	0.00039551344419438	0.0053769959603192
PWY.1042..glycolysis.IV..plant.cytosol..g__Roseburia.s__Roseburia_inulinivorans	study_condition	T2D	0.576314533885364	0.162119940394236	952	251	0.000396869703253743	0.00538697747676711
PWY0.1296..purine.ribonucleosides.degradation.g__Eubacterium.s__Eubacterium_eligens	study_condition	T2D	-0.71308648839189	0.200642758791811	952	319	0.000398144414742112	0.0053958225847679
PWY.6121..5.aminoimidazole.ribonucleotide.biosynthesis.I.g__Eubacterium.s__Eubacterium_eligens	study_condition	T2D	-0.638504543752084	0.17974608976042	952	399	0.000400770014585157	0.0054229192598554
PWY.5188..tetrapyrrole.biosynthesis.I..from.glutamate..g__Eubacterium.s__Eubacterium_eligens	study_condition	T2D	-0.601946172986659	0.16950443023703	952	286	0.000402345497615493	0.00543574416435284
DTDPRHAMSYN.PWY..dTDP.L.rhamnose.biosynthesis.I.g__Lachnospira.s__Lachnospira_pectinoschiza	study_condition	T2D	-0.726563358566433	0.20463466314551	952	318	0.000403361959665394	0.00544098842788523
PWY.6737..starch.degradation.V	BMI	BMI	-0.00845111023326038	0.00238121225176271	952	945	0.000405575460165555	0.00545014185577985
PWY.5686..UMP.biosynthesis.g__Alistipes.s__Alistipes_finegoldii	BMI	BMI	-0.0348895134905002	0.00982912784716076	952	308	0.000404777850540654	0.00545014185577985
PEPTIDOGLYCANSYN.PWY..peptidoglycan.biosynthesis.I..meso.diaminopimelate.containing..unclassified	BMI	BMI	-0.0223534344537398	0.00629878842224987	952	893	0.000405928579327714	0.00545014185577985
VALSYN.PWY..L.valine.biosynthesis.g__Bacteroides.s__Bacteroides_fragilis_CAG_47	study_condition	T2D	0.695212288720924	0.195993006002322	952	272	0.000408550725375948	0.00547685647330605
PWY.5030..L.histidine.degradation.III.g__Alistipes.s__Alistipes_putredinis_CAG_67	BMI	BMI	-0.0268552229162391	0.00757187322763685	952	392	0.000409194088117813	0.00547700278686284
PPGPPMET.PWY..ppGpp.biosynthesis.unclassified	gender	male	0.441841509959105	0.124735749826062	952	226	0.000416125946378225	0.00556118934511641
COA.PWY.1..coenzyme.A.biosynthesis.II..mammalian..g__Eubacterium.s__Eubacterium_eligens_CAG_72	study_condition	T2D	-0.581130322562009	0.164283521441343	952	324	0.00042375385645346	0.00565440430953307
COA.PWY..coenzyme.A.biosynthesis.I.g__Alistipes.s__Alistipes_putredinis	BMI	BMI	-0.0402654776042947	0.0113876170818468	952	436	0.000426074897010773	0.00567662862786661
ILEUSYN.PWY..L.isoleucine.biosynthesis.I..from.threonine..g__Eubacterium.s__Eubacterium_eligens_CAG_72	study_condition	T2D	-0.518226561372535	0.146645464387945	952	331	0.000429311645115666	0.00571096597035586
PWY.7221..guanosine.ribonucleotides.de.novo.biosynthesis.g__Alistipes.s__Alistipes_putredinis_CAG_67	BMI	BMI	-0.0330460394879613	0.00935419698166707	952	410	0.000431116499503633	0.00571741023844022
COA.PWY..coenzyme.A.biosynthesis.I.g__Eubacterium.s__Eubacterium_eligens	age_category	senior	0.790797045151071	0.223843859946276	952	352	0.000431025591993682	0.00571741023844022
PEPTIDOGLYCANSYN.PWY..peptidoglycan.biosynthesis.I..meso.diaminopimelate.containing..g__Prevotella.s__Prevotella_copri	gender	male	0.775073234127051	0.219468838313078	952	350	0.000432992308092882	0.00573350670960911
GOLPDLCAT.PWY..superpathway.of.glycerol.degradation.to.1.3.propanediol	study_condition	T2D	0.529628581317189	0.149989158826925	952	369	0.000433759301317326	0.0057348939685619
PWY.6122..5.aminoimidazole.ribonucleotide.biosynthesis.II.g__Prevotella.s__Prevotella_copri_CAG_164	gender	male	0.908746976064518	0.257513078289413	952	370	0.000437296370830515	0.00576405870835961
PWY.6277..superpathway.of.5.aminoimidazole.ribonucleotide.biosynthesis.g__Prevotella.s__Prevotella_copri_CAG_164	gender	male	0.908746976064518	0.257513078289413	952	370	0.000437296370830515	0.00576405870835961
PWY.7315..dTDP.N.acetylthomosamine.biosynthesis	study_condition	T2D	0.737458884075851	0.209276074634232	952	487	0.000445652213123995	0.00586527076847082
PWY.6147..6.hydroxymethyl.dihydropterin.diphosphate.biosynthesis.I.g__Parabacteroides.s__Parabacteroides_distasonis	study_condition	T2D	0.543997186429257	0.15440653152112	952	322	0.000446828595038304	0.00587182948866724
PWY.6387..UDP.N.acetylmuramoyl.pentapeptide.biosynthesis.I..meso.diaminopimelate.containing..g__Akkermansia.s__Akkermansia_muciniphila	BMI	BMI	-0.0244545129079454	0.00694482808003242	952	186	0.000449989725082729	0.00589547809261185
PWY.7229..superpathway.of.adenosine.nucleotides.de.novo.biosynthesis.I.g__Bacteroides.s__Bacteroides_caccae	study_condition	T2D	0.41280046052813	0.117227015543137	952	240	0.000449786771639544	0.00589547809261185
PWY.7221..guanosine.ribonucleotides.de.novo.biosynthesis.g__Alistipes.s__Alistipes_putredinis	BMI	BMI	-0.0358974215550042	0.0102062859968663	952	412	0.000456851759388505	0.00597633872553543
PWY.5097..L.lysine.biosynthesis.VI.g__Alistipes.s__Alistipes_finegoldii	BMI	BMI	-0.0232048873286388	0.00659885335626252	952	233	0.000458016093809769	0.00598253299003409
PWY.6121..5.aminoimidazole.ribonucleotide.biosynthesis.I.g__Parabacteroides.s__Parabacteroides_distasonis	study_condition	T2D	0.601208585256919	0.170999558684335	952	416	0.000459131405236935	0.00598806923095159
DTDPRHAMSYN.PWY..dTDP.L.rhamnose.biosynthesis.I.g__Faecalibacterium.s__Faecalibacterium_prausnitzii	BMI	BMI	-0.0261135742899303	0.00742909405197347	952	803	0.000460511054643535	0.00599703117776393
PWY.5686..UMP.biosynthesis.g__Eubacterium.s__Eubacterium_eligens_CAG_72	study_condition	T2D	-0.702256655292872	0.199862646186063	952	339	0.000462818813198551	0.00601803441786705
GLYCOLYSIS..glycolysis.I..from.glucose.6.phosphate..unclassified	BMI	BMI	-0.0298165251761925	0.00848916641235883	952	744	0.000465220543067683	0.00604019475707066
ASPASN.PWY..superpathway.of.L.aspartate.and.L.asparagine.biosynthesis.g__Prevotella.s__Prevotella_copri_CAG_164	gender	male	0.830662816451237	0.236850902200636	952	298	0.000474270265194763	0.00613928325349274
CALVIN.PWY..Calvin.Benson.Bassham.cycle.g__Eubacterium.s__Eubacterium_eligens_CAG_72	study_condition	T2D	-0.513946960037028	0.146534500707731	952	268	0.000473862870374142	0.00613928325349274
PWY.7219..adenosine.ribonucleotides.de.novo.biosynthesis.g__Prevotella.s__Prevotella_copri_CAG_164	gender	male	0.757940298027316	0.216243972836668	952	370	0.000477958478862042	0.00617717454521447
GLYCOGENSYNTH.PWY..glycogen.biosynthesis.I..from.ADP.D.Glucose..g__Eubacterium.s__Eubacterium_eligens_CAG_72	age_category	senior	0.613084313239801	0.174934603885044	952	301	0.000478624032313961	0.00617717454521447
UNINTEGRATED.g__Prevotella.s__Prevotella_copri	gender	male	0.925075739565049	0.264193809748018	952	379	0.000484233881326142	0.00623306603695285
PWY.1042..glycolysis.IV..plant.cytosol..g__Prevotella.s__Prevotella_copri	gender	male	0.61659029789836	0.176097468813486	952	312	0.000484394161994141	0.00623306603695285
GLUTORN.PWY..L.ornithine.biosynthesis.g__Eubacterium.s__Eubacterium_eligens	age_category	senior	0.671244425405407	0.191794609893291	952	324	0.000487284451093282	0.00626095451998193
PWY.6151..S.adenosyl.L.methionine.cycle.I.g__Bacteroides.s__Bacteroides_uniformis	BMI	BMI	-0.0385853450785172	0.0110307876892382	952	722	0.000490615723696803	0.00629190419559719
PANTOSYN.PWY..pantothenate.and.coenzyme.A.biosynthesis.I.g__Bacteroides.s__Bacteroides_vulgatus_CAG_6	BMI	BMI	0.0325445210254996	0.00930461233120788	952	601	0.000491146332127448	0.00629190419559719
GLUTORN.PWY..L.ornithine.biosynthesis.g__Eubacterium.s__Eubacterium_eligens_CAG_72	age_category	senior	0.625527087248959	0.178906643255624	952	330	0.00049349265544588	0.00631262392342883
HISTSYN.PWY..L.histidine.biosynthesis.unclassified	study_condition	T2D	-0.434668210042909	0.124360345148466	952	870	0.000495608723995496	0.00633034151888052
PWY.6737..starch.degradation.V.g__Bacteroides.s__Bacteroides_cellulosilyticus	BMI	BMI	-0.0220445737313469	0.00631050039458806	952	205	0.000499131459585247	0.00636454976139213
PWY.6385..peptidoglycan.biosynthesis.III..mycobacteria..unclassified	BMI	BMI	-0.0226191433002946	0.00647789968683586	952	887	0.00050204757536144	0.00636454976139213
PANTO.PWY..phosphopantothenate.biosynthesis.I.g__Bacteroides.s__Bacteroides_cellulosilyticus	BMI	BMI	-0.0350218640296615	0.0100265942648608	952	259	0.00049990515909025	0.00636454976139213
PWY66.422..D.galactose.degradation.V..Leloir.pathway..unclassified	BMI	BMI	-0.0226053681262519	0.00647448166357656	952	824	0.000502575211414355	0.00636454976139213
PWY.1042..glycolysis.IV..plant.cytosol..g__Prevotella.s__Prevotella_copri_CAG_164	gender	male	0.66627122219769	0.190832615266476	952	323	0.000502696540045291	0.00636454976139213
PANTO.PWY..phosphopantothenate.biosynthesis.I.g__Barnesiella.s__Barnesiella_intestinihominis	BMI	BMI	-0.0196293852543228	0.00562199342207256	952	205	0.000502429103148232	0.00636454976139213
PWY0.1297..superpathway.of.purine.deoxyribonucleosides.degradation.unclassified	study_condition	T2D	0.546982893482453	0.156984020630823	952	337	0.000515988651863408	0.00652330178852134
ARGININE.SYN4.PWY..L.ornithine.de.novo..biosynthesis.g__Bacteroides.s__Bacteroides_cellulosilyticus	BMI	BMI	-0.0283907633742684	0.00815038949229496	952	229	0.000517817695281132	0.00653688227570642
PWY.5667..CDP.diacylglycerol.biosynthesis.I.g__Bacteroides.s__Bacteroides_fragilis	study_condition	T2D	0.453225377773442	0.130185973252663	952	230	0.000521638875344557	0.00656597770419167
PWY0.1319..CDP.diacylglycerol.biosynthesis.II.g__Bacteroides.s__Bacteroides_fragilis	study_condition	T2D	0.453225377773442	0.130185973252663	952	230	0.000521638875344557	0.00656597770419167
PWY.6147..6.hydroxymethyl.dihydropterin.diphosphate.biosynthesis.I.g__Alistipes.s__Alistipes_putredinis	BMI	BMI	-0.0267559484405523	0.00769869225314732	952	332	0.000533256782028723	0.00669668447091065
PWY.7234..inosine.5..phosphate.biosynthesis.III.g__Alistipes.s__Alistipes_putredinis	BMI	BMI	-0.0368409428692638	0.0106010102107687	952	395	0.000533569547913205	0.00669668447091065
PWY.6123..inosine.5..phosphate.biosynthesis.I.g__Parabacteroides.s__Parabacteroides_distasonis	study_condition	T2D	0.792519112256369	0.228186056242367	952	409	0.000537713854438382	0.00673893195287466
COA.PWY..coenzyme.A.biosynthesis.I.g__Eubacterium.s__Eubacterium_eligens	study_condition	T2D	-0.664548926856686	0.191485244706788	952	352	0.00054293997317261	0.00679459561802718
ARO.PWY..chorismate.biosynthesis.I.unclassified	study_condition	T2D	-0.445043292187876	0.128276565926744	952	862	0.000545124395380299	0.00681208840403087
PWY.7663..gondoate.biosynthesis..anaerobic..g__Bacteroides.s__Bacteroides_fragilis_CAG_47	study_condition	T2D	0.458624899075139	0.132209153617447	952	206	0.000546066711132359	0.00681403129453347
PWY.6126..superpathway.of.adenosine.nucleotides.de.novo.biosynthesis.II.g__Parabacteroides.s__Parabacteroides_distasonis	study_condition	T2D	0.446465117132004	0.12873289999871	952	327	0.000547641517036771	0.00682384969429991
PWY.6385..peptidoglycan.biosynthesis.III..mycobacteria..g__Prevotella.s__Prevotella_copri	gender	male	0.765081337794527	0.220632908133534	952	349	0.000548617002484908	0.00682618281827487
UNINTEGRATED.g__Prevotella.s__Prevotella_copri_CAG_164	gender	male	0.940704828159917	0.27134645648771	952	377	0.000550359054563002	0.00682823698068137
ARGININE.SYN4.PWY..L.ornithine.de.novo..biosynthesis.g__Bacteroides.s__Bacteroides_fragilis	study_condition	T2D	0.591227213644702	0.170538852564059	952	214	0.000550329026271198	0.00682823698068137
PWY.6121..5.aminoimidazole.ribonucleotide.biosynthesis.I.g__Alistipes.s__Alistipes_putredinis	BMI	BMI	-0.0337511780106901	0.00973839094950563	952	432	0.000552419614459865	0.00683421980174633
PWY.7221..guanosine.ribonucleotides.de.novo.biosynthesis.g__Lachnospira.s__Lachnospira_pectinoschiza	study_condition	T2D	-0.667842298643225	0.192685595631119	952	301	0.000552048320103912	0.00683421980174633
DTDPRHAMSYN.PWY..dTDP.L.rhamnose.biosynthesis.I.g__Prevotella.s__Prevotella_copri	gender	male	0.775984686741376	0.224026337651891	952	358	0.000556441291317718	0.00687415347048708
PWY.7219..adenosine.ribonucleotides.de.novo.biosynthesis.g__Bacteroides.s__Bacteroides_caccae	study_condition	T2D	0.531906697882659	0.153626660641787	952	268	0.000559465092655039	0.00689293598521155
PWY.7282..4.amino.2.methyl.5.phosphomethylpyrimidine.biosynthesis..yeast..g__Bacteroides.s__Bacteroides_uniformis_CAG_3	BMI	BMI	-0.0374136211289489	0.0108060328188723	952	584	0.000559553579399968	0.00689293598521155
PWY.6126..superpathway.of.adenosine.nucleotides.de.novo.biosynthesis.II.g__Bacteroides.s__Bacteroides_caccae	study_condition	T2D	0.390870572796088	0.113018786972626	952	240	0.000567475667665847	0.00698059557100317
PWY.7229..superpathway.of.adenosine.nucleotides.de.novo.biosynthesis.I.g__Parabacteroides.s__Parabacteroides_distasonis	study_condition	T2D	0.44621449991404	0.129097650743675	952	327	0.00057174633958696	0.00702045991228004
PWY.5695..urate.biosynthesis.inosine.5..phosphate.degradation.g__Eubacterium.s__Eubacterium_eligens	study_condition	T2D	-0.589357703008552	0.170525402357818	952	282	0.000572337724950313	0.00702045991228004
PWY0.1296..purine.ribonucleosides.degradation.g__Faecalibacterium.s__Faecalibacterium_prausnitzii	BMI	BMI	-0.0287827701609459	0.00833035207139957	952	748	0.000574353854415898	0.00703522543032769
PWY.6163..chorismate.biosynthesis.from.3.dehydroquinate.g__Parabacteroides.s__Parabacteroides_distasonis	study_condition	T2D	0.613925663462202	0.177809549597039	952	358	0.000579537178159738	0.00707888883785863
CALVIN.PWY..Calvin.Benson.Bassham.cycle.g__Roseburia.s__Roseburia_inulinivorans	study_condition	T2D	0.526926807973106	0.15261265508279	952	243	0.000579553370212675	0.00707888883785863
PWY.5686..UMP.biosynthesis.unclassified	study_condition	T2D	-0.469716133090229	0.13614845817863	952	895	0.000585260700305313	0.00712849179274825
PWY.7234..inosine.5..phosphate.biosynthesis.III	BMI	BMI	-0.0226207194608076	0.00655635602660197	952	866	0.000584901348717963	0.00712849179274825
PWY.6163..chorismate.biosynthesis.from.3.dehydroquinate.g__Lachnospira.s__Lachnospira_pectinoschiza	study_condition	T2D	-0.576091755025173	0.167070138590712	952	213	0.000589182096946742	0.00716617550499829
PWY.5686..UMP.biosynthesis.g__Bacteroides.s__Bacteroides_uniformis_CAG_3	BMI	BMI	-0.0298642853806594	0.00866761003177324	952	697	0.000595023056460722	0.00721694631505582
PWY.5695..urate.biosynthesis.inosine.5..phosphate.degradation.g__Barnesiella.s__Barnesiella_intestinihominis	BMI	BMI	-0.0181024721477563	0.00525360967801955	952	207	0.000594551968217849	0.00721694631505582
UNINTEGRATED.g__Bacteroides.s__Bacteroides_cellulosilyticus	BMI	BMI	-0.034187554111902	0.0099244796501555	952	354	0.00059661998105424	0.00722171436115929
PWY.5973..cis.vaccenate.biosynthesis.g__Bacteroides.s__Bacteroides_fragilis_CAG_47	study_condition	T2D	0.52040678665803	0.151080877332019	952	202	0.00059708400491802	0.00722171436115929
PWY.6936..seleno.amino.acid.biosynthesis.unclassified	BMI	BMI	-0.0205531238728952	0.00596840207646245	952	831	0.000599053474953677	0.00723542969748793
PWY.7111..pyruvate.fermentation.to.isobutanol..engineered..g__Barnesiella.s__Barnesiella_intestinihominis	BMI	BMI	-0.0214276648649922	0.00622711206093935	952	240	0.000604829733125986	0.00728487550607933
VALSYN.PWY..L.valine.biosynthesis.g__Barnesiella.s__Barnesiella_intestinihominis	BMI	BMI	-0.0214276648649922	0.00622711206093935	952	240	0.000604829733125986	0.00728487550607933
UNINTEGRATED.unclassified	study_condition	T2D	-0.207366985748126	0.0602855307756409	952	950	0.000607662510481844	0.00729678664945568
PWY.6609..adenine.and.adenosine.salvage.III.unclassified	study_condition	T2D	-0.437230952253075	0.127095931010978	952	918	0.000606737224236095	0.00729678664945568
PWY.7111..pyruvate.fermentation.to.isobutanol..engineered..g__Eubacterium.s__Eubacterium_eligens_CAG_72	study_condition	T2D	-0.825575278343936	0.240031965312635	952	407	0.000608346415809123	0.00729678664945568
DTDPRHAMSYN.PWY..dTDP.L.rhamnose.biosynthesis.I.g__Parabacteroides.s__Parabacteroides_distasonis	study_condition	T2D	0.861514525959597	0.250515560710702	952	433	0.000609396568711211	0.00729927287004024
GLUCUROCAT.PWY..superpathway.of..beta..D.glucuronide.and.D.glucuronate.degradation.unclassified	gender	male	0.405960650996287	0.118076391066915	952	438	0.000611283069294534	0.00731175604984898
PWY.6124..inosine.5..phosphate.biosynthesis.II.g__Bacteroides.s__Bacteroides_uniformis	BMI	BMI	-0.0375788217968136	0.0109370315343212	952	692	0.000616191767800108	0.00736030442641232
SER.GLYSYN.PWY..superpathway.of.L.serine.and.glycine.biosynthesis.I.g__Eubacterium.s__Eubacterium_eligens	study_condition	T2D	-0.570113404525664	0.166070938933067	952	341	0.000622905818388976	0.00743025397692635
ARGSYNBSUB.PWY..L.arginine.biosynthesis.II..acetyl.cycle..g__Faecalibacterium.s__Faecalibacterium_prausnitzii	BMI	BMI	-0.0235854153148472	0.00687224415350896	952	763	0.000625109106611982	0.00743605063634583
COA.PWY.1..coenzyme.A.biosynthesis.II..mammalian..g__Bacteroides.s__Bacteroides_fragilis	study_condition	T2D	0.560720551421548	0.163380005890751	952	266	0.000625061993961813	0.00743605063634583
RHAMCAT.PWY..L.rhamnose.degradation.I.g__Eubacterium.s__Eubacterium_eligens	age_category	senior	0.603462208742383	0.176010341348591	952	275	0.000632940827032977	0.00751888554472645
PWY.6151..S.adenosyl.L.methionine.cycle.I.unclassified	BMI	BMI	-0.0227417130615796	0.00663729041610084	952	903	0.000638040469666215	0.00756908283193071
ANAGLYCOLYSIS.PWY..glycolysis.III..from.glucose..unclassified	BMI	BMI	-0.0291836837486212	0.00851945309264921	952	743	0.000639945938074182	0.00758130208443559
DTDPRHAMSYN.PWY..dTDP.L.rhamnose.biosynthesis.I.g__Alistipes.s__Alistipes_putredinis_CAG_67	BMI	BMI	-0.0327203288493146	0.00955585601691728	952	423	0.000643262688887926	0.00761018427017683
PANTO.PWY..phosphopantothenate.biosynthesis.I.g__Bacteroides.s__Bacteroides_fragilis	study_condition	T2D	0.531029029313727	0.155131511062145	952	303	0.000645659491094404	0.00762811895344821
PYRIDNUCSYN.PWY..NAD.biosynthesis.I..from.aspartate.	BMI	BMI	0.00624271977312827	0.00182417938257206	952	946	0.000647732293884164	0.00764218210495485
PWY.6609..adenine.and.adenosine.salvage.III.g__Bacteroides.s__Bacteroides_fragilis	study_condition	T2D	0.4254257659448	0.124357447890725	952	215	0.000650598861944858	0.00766555938019383
PWY.6121..5.aminoimidazole.ribonucleotide.biosynthesis.I.g__Bacteroides.s__Bacteroides_cellulosilyticus	BMI	BMI	-0.028377341573777	0.00831486734846159	952	201	0.00067011788670391	0.00787411248148693
PWY.4242..pantothenate.and.coenzyme.A.biosynthesis.III.unclassified	BMI	BMI	-0.0220721829874886	0.00646673352720099	952	872	0.000669279711188218	0.00787411248148693
RIBOSYN2.PWY..flavin.biosynthesis.I..bacteria.and.plants..g__Eubacterium.s__Eubacterium_eligens	study_condition	T2D	-0.521505086794462	0.152884065670506	952	316	0.000674329037594537	0.00791285835442911
PWY.7229..superpathway.of.adenosine.nucleotides.de.novo.biosynthesis.I.unclassified	BMI	BMI	-0.0196262573204634	0.00575536196306662	952	852	0.00067685582416336	0.0079317610788291
PWY.7221..guanosine.ribonucleotides.de.novo.biosynthesis.g__Eubacterium.s__Eubacterium_eligens_CAG_72	age_category	senior	0.898556765724914	0.263562107011703	952	398	0.000678827378474364	0.00794411499674053
COA.PWY.1..coenzyme.A.biosynthesis.II..mammalian..g__Alistipes.s__Alistipes_putredinis_CAG_67	BMI	BMI	-0.0269578555606794	0.00792339238831224	952	411	0.00069615474194242	0.00813589752391546
PWY.3841..folate.transformations.II.unclassified	study_condition	T2D	-0.449251989278497	0.132061311304383	952	889	0.000697333994954816	0.00813869595189852
COA.PWY.1..coenzyme.A.biosynthesis.II..mammalian..g__Alistipes.s__Alistipes_finegoldii	BMI	BMI	-0.0313012018460599	0.00920927592405807	952	285	0.000704848118091927	0.00818228512423068
FASYN.ELONG.PWY..fatty.acid.elongation....saturated.g__Alistipes.s__Alistipes_finegoldii	BMI	BMI	-0.0233204398914929	0.00686081695202391	952	228	0.000704342664601648	0.00818228512423068
PWY.7228..superpathway.of.guanosine.nucleotides.de.novo.biosynthesis.I.g__Bacteroides.s__Bacteroides_fragilis	study_condition	T2D	0.485907101444062	0.142932409841913	952	215	0.000703116571522915	0.00818228512423068
HSERMETANA.PWY..L.methionine.biosynthesis.III.g__Eubacterium.s__Eubacterium_eligens_CAG_72	study_condition	T2D	-0.609068137801536	0.179187368873746	952	349	0.000704390799736318	0.00818228512423068
PWY.7221..guanosine.ribonucleotides.de.novo.biosynthesis.unclassified	BMI	BMI	-0.0199593891386548	0.00587526015883327	952	907	0.000709150344896995	0.00822120747899328
CITRULBIO.PWY..L.citrulline.biosynthesis.unclassified	study_condition	T2D	0.53513090903022	0.157641903248217	952	318	0.000715821081490267	0.00826136930018678
PWY.6122..5.aminoimidazole.ribonucleotide.biosynthesis.II.g__Alistipes.s__Alistipes_putredinis	BMI	BMI	-0.0436764241365406	0.0128673433026927	952	446	0.000716430524762156	0.00826136930018678
PWY.6277..superpathway.of.5.aminoimidazole.ribonucleotide.biosynthesis.g__Alistipes.s__Alistipes_putredinis	BMI	BMI	-0.0436764241365406	0.0128673433026927	952	446	0.000716430524762156	0.00826136930018678
ARGSYNBSUB.PWY..L.arginine.biosynthesis.II..acetyl.cycle..g__Eubacterium.s__Eubacterium_eligens	age_category	senior	0.762020159114241	0.224455642833442	952	354	0.000714861460871178	0.00826136930018678
PWY.6386..UDP.N.acetylmuramoyl.pentapeptide.biosynthesis.II..lysine.containing..g__Bacteroides.s__Bacteroides_uniformis	gender	male	-0.712551032564101	0.210172624332503	952	549	0.000726966931661447	0.00837172025025018
PWY.5989..stearate.biosynthesis.II..bacteria.and.plants..g__Alistipes.s__Alistipes_finegoldii	BMI	BMI	-0.0239265353461792	0.00705867959120705	952	228	0.000728676009767886	0.00838025796094275
PWY0.1479..tRNA.processing	study_condition	T2D	0.444230788681693	0.131143634096186	952	764	0.000734740927707439	0.00843880163653372
PWY.6168..flavin.biosynthesis.III..fungi..g__Parabacteroides.s__Parabacteroides_distasonis	study_condition	T2D	0.451342690969788	0.133273372667296	952	402	0.000736774409424852	0.00844217011471394
VALSYN.PWY..L.valine.biosynthesis.g__Prevotella.s__Prevotella_copri_CAG_164	gender	male	0.942113141448434	0.278195539304701	952	356	0.000736983903778723	0.00844217011471394
PWY.6123..inosine.5..phosphate.biosynthesis.I.g__Alistipes.s__Alistipes_finegoldii	BMI	BMI	-0.0308218078066538	0.00910733265062468	952	340	0.000742921663444785	0.0084887803017275
ILEUSYN.PWY..L.isoleucine.biosynthesis.I..from.threonine..g__Prevotella.s__Prevotella_copri_CAG_164	gender	male	0.676244543518542	0.199825765381228	952	335	0.000743226280607963	0.0084887803017275
ARGSYNBSUB.PWY..L.arginine.biosynthesis.II..acetyl.cycle..g__Eubacterium.s__Eubacterium_eligens_CAG_72	study_condition	T2D	-0.72682724327034	0.214790817143489	952	359	0.000743993562241475	0.0084887803017275
HISDEG.PWY..L.histidine.degradation.I.g__Bacteroides.s__Bacteroides_cellulosilyticus	BMI	BMI	-0.0370808831966822	0.0109595655055312	952	222	0.000745219928300193	0.00849158497247325
PWYG.321..mycolate.biosynthesis.g__Alistipes.s__Alistipes_finegoldii	BMI	BMI	-0.0235879877313298	0.00697361811837082	952	228	0.000747813804667649	0.00850489341452768
PWY.6282..palmitoleate.biosynthesis.I..from..5Z..dodec.5.enoate..g__Alistipes.s__Alistipes_finegoldii	BMI	BMI	-0.0240549686421606	0.00711209826764321	952	228	0.000748352053333729	0.00850489341452768
PWY.6386..UDP.N.acetylmuramoyl.pentapeptide.biosynthesis.II..lysine.containing..g__Bacteroides.s__Bacteroides_vulgatus_CAG_6	BMI	BMI	0.0339043463918035	0.0100256273863278	952	685	0.000749678454037367	0.00850880132629568
PWY.7663..gondoate.biosynthesis..anaerobic..unclassified	BMI	BMI	-0.0227789498526143	0.0067423414651371	952	838	0.00075855799768161	0.00859831447633867
PWY.7664..oleate.biosynthesis.IV..anaerobic..g__Alistipes.s__Alistipes_finegoldii	BMI	BMI	-0.0234629018037507	0.00694899818232601	952	228	0.000764161206866704	0.00865050464243876
X1CMET2.PWY..N10.formyl.tetrahydrofolate.biosynthesis.g__Alistipes.s__Alistipes_finegoldii	BMI	BMI	-0.0279179379649535	0.00827263111967214	952	287	0.000768864197714012	0.00869238113864667
PWY.7221..guanosine.ribonucleotides.de.novo.biosynthesis.g__Bacteroides.s__Bacteroides_cellulosilyticus	BMI	BMI	-0.0291790840166828	0.00865153464090972	952	296	0.000774483151095324	0.00874449033700848
PWY.6703..preQ0.biosynthesis.g__Lachnospira.s__Lachnospira_pectinoschiza	study_condition	T2D	-0.456106986137631	0.135395271178066	952	213	0.00078567092362341	0.00885925807106606
HISTSYN.PWY..L.histidine.biosynthesis.g__Alistipes.s__Alistipes_finegoldii	BMI	BMI	-0.0296249950140402	0.0087962595201737	952	234	0.000787923092523436	0.00887040369309973
PWY.7371..1.4.dihydroxy.6.naphthoate.biosynthesis.II	BMI	BMI	0.0255820983272379	0.00759646846853684	952	344	0.000788707949617413	0.00887040369309973
COMPLETE.ARO.PWY..superpathway.of.aromatic.amino.acid.biosynthesis.unclassified	BMI	BMI	-0.0213194060785419	0.00633214378478917	952	853	0.000790904093891305	0.00888356608702815
PWY.5384..sucrose.degradation.IV..sucrose.phosphorylase..unclassified	gender	male	0.490312332188242	0.145676934608236	952	292	0.000794035552739923	0.00889744405510517
PWY.5695..urate.biosynthesis.inosine.5..phosphate.degradation.g__Alistipes.s__Alistipes_putredinis	BMI	BMI	-0.0407228841550581	0.0120993967181892	952	423	0.000794194486673937	0.00889744405510517
PWY.6122..5.aminoimidazole.ribonucleotide.biosynthesis.II.g__Prevotella.s__Prevotella_copri	gender	male	0.788475265013101	0.234365724223625	952	369	0.000798189441832363	0.00891912331131389
PWY.6277..superpathway.of.5.aminoimidazole.ribonucleotide.biosynthesis.g__Prevotella.s__Prevotella_copri	gender	male	0.788475265013101	0.234365724223625	952	369	0.000798189441832363	0.00891912331131389
VALSYN.PWY..L.valine.biosynthesis.g__Bacteroides.s__Bacteroides_fragilis	study_condition	T2D	0.589250878694823	0.175168632587157	952	273	0.000799298750476425	0.00892000925145082
PWY.7219..adenosine.ribonucleotides.de.novo.biosynthesis.g__Bacteroides.s__Bacteroides_cellulosilyticus	BMI	BMI	-0.0320061078089239	0.00951677396162998	952	233	0.000801535362370422	0.00892792100481245
P108.PWY..pyruvate.fermentation.to.propanoate.I	study_condition	T2D	0.541874047378407	0.161148264081242	952	742	0.000803100515328972	0.00892792100481245
ASPASN.PWY..superpathway.of.L.aspartate.and.L.asparagine.biosynthesis.g__Prevotella.s__Prevotella_copri	gender	male	0.81170828473897	0.241389057945232	952	340	0.000802885143459372	0.00892792100481245
PWY.6387..UDP.N.acetylmuramoyl.pentapeptide.biosynthesis.I..meso.diaminopimelate.containing..unclassified	study_condition	T2D	-0.418748980079264	0.124703176290461	952	897	0.000816467535943776	0.00906488315547833
POLYAMINSYN3.PWY..superpathway.of.polyamine.biosynthesis.II	study_condition	T2D	0.522158952742281	0.155542922267943	952	522	0.000819264735501882	0.00908429271375966
PWY.1042..glycolysis.IV..plant.cytosol..g__Roseburia.s__Roseburia_inulinivorans_CAG_15	study_condition	T2D	0.503610745068436	0.150068023791328	952	241	0.000822566752865334	0.00910924306881559
HISDEG.PWY..L.histidine.degradation.I.g__Alistipes.s__Alistipes_putredinis_CAG_67	BMI	BMI	-0.0289438238250278	0.00862868693413663	952	414	0.000827019564979532	0.00914685751305587
PWY.6151..S.adenosyl.L.methionine.cycle.I.g__Bacteroides.s__Bacteroides_uniformis_CAG_3	BMI	BMI	-0.0376848787205412	0.011238554603632	952	704	0.000830551315942598	0.00917420203579452
PWY.6700..queuosine.biosynthesis.g__Prevotella.s__Prevotella_copri_CAG_164	gender	male	0.700383101968783	0.208910309761937	952	317	0.000832404766362874	0.00918296213592674
PWY0.862...5Z..dodec.5.enoate.biosynthesis.g__Alistipes.s__Alistipes_finegoldii	BMI	BMI	-0.0236620966061071	0.00705881107304171	952	228	0.000833647037780305	0.00918496609055654
PWY0.1586..peptidoglycan.maturation..meso.diaminopimelate.containing..unclassified	gender	male	0.445639636831581	0.132988271498456	952	789	0.000837125772656043	0.00921157457585938
PWY.1042..glycolysis.IV..plant.cytosol..g__Bacteroides.s__Bacteroides_caccae	study_condition	T2D	0.666786991761044	0.199027649576305	952	295	0.000839358627662669	0.00922442349690192
PWY.1269..CMP.3.deoxy.D.manno.octulosonate.biosynthesis.I	BMI	BMI	0.0116410631574946	0.00347632278721797	952	944	0.000844016340579393	0.00926385489153047
BRANCHED.CHAIN.AA.SYN.PWY..superpathway.of.branched.amino.acid.biosynthesis.g__Eubacterium.s__Eubacterium_eligens_CAG_72	study_condition	T2D	-0.48870372564468	0.14598671969315	952	331	0.000847276741490436	0.00928786909026225
PEPTIDOGLYCANSYN.PWY..peptidoglycan.biosynthesis.I..meso.diaminopimelate.containing..unclassified	study_condition	T2D	-0.417098963057767	0.12462769612958	952	893	0.000849788976653954	0.00930363152695732
COA.PWY..coenzyme.A.biosynthesis.I.g__Bacteroides.s__Bacteroides_cellulosilyticus	BMI	BMI	-0.0328245893930062	0.00981026233681591	952	213	0.000852263181684377	0.00931893832498321
PWY.6125..superpathway.of.guanosine.nucleotides.de.novo.biosynthesis.II.g__Bacteroides.s__Bacteroides_cellulosilyticus	BMI	BMI	-0.0279028667052801	0.00834475511372429	952	218	0.000858918010595374	0.00937986125063801
ASPASN.PWY..superpathway.of.L.aspartate.and.L.asparagine.biosynthesis.g__Bacteroides.s__Bacteroides_cellulosilyticus	BMI	BMI	-0.029671932471693	0.00887566977377429	952	230	0.000861052716772538	0.00939133063885413
PWY4FS.7..phosphatidylglycerol.biosynthesis.I..plastidic..unclassified	gender	male	0.472199358321045	0.141360311031849	952	573	0.000869271554691419	0.00945730947773317
PWY4FS.8..phosphatidylglycerol.biosynthesis.II..non.plastidic..unclassified	gender	male	0.472198662016904	0.141360302685825	952	573	0.000869286182941756	0.00945730947773317
PWY.5097..L.lysine.biosynthesis.VI.g__Prevotella.s__Prevotella_copri_CAG_164	gender	male	0.722710857152118	0.216382398050766	952	328	0.000870587065452042	0.00945957840252783
PWY.5103..L.isoleucine.biosynthesis.III.g__Prevotella.s__Prevotella_copri	BMI	BMI	0.0380429074669478	0.0113968892062734	952	313	0.000876686946633755	0.00951392099980993
PWY.5686..UMP.biosynthesis.g__Lachnospira.s__Lachnospira_pectinoschiza	study_condition	T2D	-0.541765109671004	0.162722684343165	952	269	0.000903987223587472	0.00979790908168649
PWY.6609..adenine.and.adenosine.salvage.III.g__Oscillibacter.s__Oscillibacter_sp_CAG_241	BMI	BMI	-0.0352607121941311	0.0106020273442416	952	251	0.000915379647020016	0.00990898467899167
RIBOSYN2.PWY..flavin.biosynthesis.I..bacteria.and.plants..g__Lachnospira.s__Lachnospira_pectinoschiza	study_condition	T2D	-0.611940781500648	0.18406569198515	952	231	0.000919503783702881	0.00994120195613851
UNINTEGRATED.g__Bacteroides.s__Bacteroides_caccae	BMI	BMI	-0.0258734724510701	0.00778833773613806	952	509	0.000927683044297026	0.00995506216060997
PWY.6936..seleno.amino.acid.biosynthesis.unclassified	study_condition	T2D	0.392310009601536	0.118090678794197	952	831	0.000927586838961441	0.00995506216060997
PWY.6122..5.aminoimidazole.ribonucleotide.biosynthesis.II.g__Eubacterium.s__Eubacterium_eligens_CAG_72	study_condition	T2D	-0.809169988159579	0.243502964148961	952	450	0.000924531101887795	0.00995506216060997
PWY.6277..superpathway.of.5.aminoimidazole.ribonucleotide.biosynthesis.g__Eubacterium.s__Eubacterium_eligens_CAG_72	study_condition	T2D	-0.809169988159579	0.243502964148961	952	450	0.000924531101887795	0.00995506216060997
PWY.6385..peptidoglycan.biosynthesis.III..mycobacteria..g__Eubacterium.s__Eubacterium_eligens_CAG_72	age_category	senior	0.609682818531759	0.183497606015417	952	263	0.000926085229753349	0.00995506216060997
ARGSYNBSUB.PWY..L.arginine.biosynthesis.II..acetyl.cycle..g__Eubacterium.s__Eubacterium_eligens_CAG_72	age_category	senior	0.834197165303943	0.251087783103263	952	359	0.000926849201474452	0.00995506216060997
PWY.5686..UMP.biosynthesis.g__Barnesiella.s__Barnesiella_intestinihominis	BMI	BMI	-0.0147783274874777	0.00445263257216565	952	194	0.000937822239056374	0.0100389871325441
PWY.6609..adenine.and.adenosine.salvage.III.g__Eubacterium.s__Eubacterium_eligens_CAG_72	age_category	senior	0.781248593226867	0.235378622461777	952	332	0.000937472108073844	0.0100389871325441
ARGSYNBSUB.PWY..L.arginine.biosynthesis.II..acetyl.cycle..g__Lachnospira.s__Lachnospira_pectinoschiza	study_condition	T2D	-0.621931086174089	0.187764258008916	952	272	0.000960347699251648	0.0102547608822679
PWY.6168..flavin.biosynthesis.III..fungi..g__Lachnospira.s__Lachnospira_pectinoschiza	study_condition	T2D	-0.339114528584163	0.102373214266965	952	208	0.000959552983466721	0.0102547608822679
PPGPPMET.PWY..ppGpp.biosynthesis	study_condition	T2D	0.583689971114796	0.176284835971544	952	551	0.000964549721367048	0.0102869465357619
PWY.7663..gondoate.biosynthesis..anaerobic..g__Bacteroides.s__Bacteroides_uniformis_CAG_3	BMI	BMI	-0.0303115564481078	0.00915679445005368	952	698	0.00096721543757536	0.0103026884248495
COA.PWY.1..coenzyme.A.biosynthesis.II..mammalian..unclassified	study_condition	T2D	-0.397732272392991	0.120173515295991	952	910	0.000969370806747452	0.0103084220977989
BRANCHED.CHAIN.AA.SYN.PWY..superpathway.of.branched.amino.acid.biosynthesis.g__Prevotella.s__Prevotella_copri_CAG_164	gender	male	0.724775889603705	0.21900343935605	952	335	0.000970134412206249	0.0103084220977989
PWY.6892..thiazole.biosynthesis.I..E..coli..g__Bacteroides.s__Bacteroides_caccae	study_condition	T2D	0.543260623358055	0.164210709709538	952	360	0.000973953060970824	0.0103363155735384
PWY.7219..adenosine.ribonucleotides.de.novo.biosynthesis.g__Prevotella.s__Prevotella_copri	gender	male	0.855663525253564	0.258776088892621	952	362	0.000979936267437161	0.0103870845483547
PWY.7400..L.arginine.biosynthesis.IV..archaebacteria..g__Eubacterium.s__Eubacterium_eligens	study_condition	T2D	-0.429925356563667	0.13013764819594	952	303	0.000990215413220221	0.0104832096314023
DTDPRHAMSYN.PWY..dTDP.L.rhamnose.biosynthesis.I.g__Bacteroides.s__Bacteroides_cellulosilyticus	BMI	BMI	-0.0335310456260138	0.0101534231134943	952	278	0.000994352039048808	0.0105042996885953
ARGSYN.PWY..L.arginine.biosynthesis.I..via.L.ornithine..g__Eubacterium.s__Eubacterium_eligens	study_condition	T2D	-0.431058733828138	0.13053061836624	952	303	0.000994633457811562	0.0105042996885953
PWY.6387..UDP.N.acetylmuramoyl.pentapeptide.biosynthesis.I..meso.diaminopimelate.containing..g__Alistipes.s__Alistipes_putredinis	BMI	BMI	-0.0289917616757972	0.00878570157321552	952	424	0.00100335254249211	0.0105834750523529
RIBOSYN2.PWY..flavin.biosynthesis.I..bacteria.and.plants..g__Faecalibacterium.s__Faecalibacterium_prausnitzii	BMI	BMI	-0.0272713440228797	0.00827287650034254	952	724	0.00101544760640882	0.0106980246611927
TRNA.CHARGING.PWY..tRNA.charging	study_condition	T2D	-0.0874116332518557	0.0265220049240535	952	947	0.00101781293793428	0.0107099149969755
ASPASN.PWY..superpathway.of.L.aspartate.and.L.asparagine.biosynthesis	study_condition	T2D	0.118330252157343	0.0359341473092709	952	946	0.00102803215020276	0.0108043184717911
PWY.4242..pantothenate.and.coenzyme.A.biosynthesis.III.g__Parabacteroides.s__Parabacteroides_distasonis	study_condition	T2D	0.534925583193129	0.1625447144421	952	282	0.00103539734029223	0.0108685345053705
PWY.5097..L.lysine.biosynthesis.VI.g__Lachnospira.s__Lachnospira_pectinoschiza	study_condition	T2D	-0.4685573155809	0.142404285614126	952	265	0.00103762863924202	0.0108787699949587
PEPTIDOGLYCANSYN.PWY..peptidoglycan.biosynthesis.I..meso.diaminopimelate.containing..g__Eubacterium.s__Eubacterium_eligens	age_category	senior	0.680633596575607	0.206934485517527	952	290	0.00104203255167034	0.0109117314358708
PWY.5103..L.isoleucine.biosynthesis.III.g__Prevotella.s__Prevotella_copri_CAG_164	gender	male	0.787717745460447	0.239661786388656	952	335	0.00105061863330051	0.0109883543048096
PWY.5973..cis.vaccenate.biosynthesis.g__Bacteroides.s__Bacteroides_uniformis_CAG_3	BMI	BMI	-0.0316165121454826	0.00962375908345031	952	693	0.0010562870161129	0.0110077563893354
BRANCHED.CHAIN.AA.SYN.PWY..superpathway.of.branched.amino.acid.biosynthesis.g__Prevotella.s__Prevotella_copri	BMI	BMI	0.0358560932276907	0.010914199110257	952	313	0.00105623429040488	0.0110077563893354
PWY.6168..flavin.biosynthesis.III..fungi..g__Eubacterium.s__Eubacterium_eligens_CAG_72	age_category	senior	0.499954679602165	0.152164913727438	952	222	0.00105497274905312	0.0110077563893354
NONOXIPENT.PWY..pentose.phosphate.pathway..non.oxidative.branch..g__Eubacterium.s__Eubacterium_eligens_CAG_72	age_category	senior	0.657914389636861	0.200410227520743	952	282	0.00106528323485122	0.0110881644396773
PWY.5695..urate.biosynthesis.inosine.5..phosphate.degradation.g__Lachnospira.s__Lachnospira_pectinoschiza	study_condition	T2D	-0.577761503184249	0.176169304385273	952	254	0.00107751678064812	0.0111886035016939
COA.PWY.1..coenzyme.A.biosynthesis.II..mammalian..g__Eubacterium.s__Eubacterium_eligens	age_category	senior	0.682103143643771	0.207982438713376	952	332	0.00107737356880701	0.0111886035016939
ARGSYN.PWY..L.arginine.biosynthesis.I..via.L.ornithine..g__Faecalibacterium.s__Faecalibacterium_prausnitzii	BMI	BMI	-0.0352471754646948	0.010749724943585	952	723	0.00108012512093667	0.0112019311855692
PWY.7111..pyruvate.fermentation.to.isobutanol..engineered..g__Prevotella.s__Prevotella_copri_CAG_164	gender	male	0.804448233861169	0.245366514976173	952	335	0.00108138735232515	0.0112019311855692
PWY.7221..guanosine.ribonucleotides.de.novo.biosynthesis.g__Barnesiella.s__Barnesiella_intestinihominis	BMI	BMI	-0.0273757478994298	0.00835554607869648	952	204	0.00108975476333278	0.0112751209682938
PWY.7400..L.arginine.biosynthesis.IV..archaebacteria..g__Faecalibacterium.s__Faecalibacterium_prausnitzii	BMI	BMI	-0.0350823058151197	0.0107099285787483	952	723	0.00109233619755409	0.011288343043936
PEPTIDOGLYCANSYN.PWY..peptidoglycan.biosynthesis.I..meso.diaminopimelate.containing..g__Bacteroides.s__Bacteroides_cellulosilyticus	BMI	BMI	-0.0258499452473484	0.00790422765605432	952	191	0.00111272114723698	0.0114802279591154
HISTSYN.PWY..L.histidine.biosynthesis.g__Parabacteroides.s__Parabacteroides_distasonis	study_condition	T2D	0.58060245409139	0.17754447407882	952	401	0.00111355559880565	0.0114802279591154
SER.GLYSYN.PWY..superpathway.of.L.serine.and.glycine.biosynthesis.I.g__Bacteroides.s__Bacteroides_fragilis	study_condition	T2D	0.567061001743806	0.173482484591523	952	252	0.0011193584899568	0.011526331180768
PWY.5695..urate.biosynthesis.inosine.5..phosphate.degradation.g__Bacteroides.s__Bacteroides_uniformis_CAG_3	BMI	BMI	-0.0360289276534727	0.0110396655166561	952	749	0.00113948813483919	0.0117196760661608
SER.GLYSYN.PWY..superpathway.of.L.serine.and.glycine.biosynthesis.I	study_condition	T2D	0.162252898561942	0.0497266993015533	952	943	0.00114225753923716	0.0117342233568135
CALVIN.PWY..Calvin.Benson.Bassham.cycle.g__Roseburia.s__Roseburia_inulinivorans_CAG_15	study_condition	T2D	0.450325182951721	0.138116959659772	952	227	0.00115198107121891	0.0118200901383362
PWY.6936..seleno.amino.acid.biosynthesis.g__Lachnospira.s__Lachnospira_pectinoschiza	study_condition	T2D	-0.629947236253072	0.193584069531014	952	280	0.00117768827282208	0.0120695626540109
PANTOSYN.PWY..pantothenate.and.coenzyme.A.biosynthesis.I	BMI	BMI	0.00433290270097893	0.00133168780367385	952	945	0.00117947235886114	0.0120732681133814
RIBOSYN2.PWY..flavin.biosynthesis.I..bacteria.and.plants..g__Eubacterium.s__Eubacterium_eligens_CAG_72	study_condition	T2D	-0.433104431110413	0.13312526882878	952	252	0.00118083811686306	0.0120732681133814
COA.PWY.1..coenzyme.A.biosynthesis.II..mammalian..g__Bacteroides.s__Bacteroides_cellulosilyticus	BMI	BMI	-0.031835369501676	0.00979200986981782	952	204	0.00118992051921397	0.0121517826608408
PWY.5100..pyruvate.fermentation.to.acetate.and.lactate.II.g__Roseburia.s__Roseburia_inulinivorans	study_condition	T2D	0.429505941916421	0.132343523171869	952	261	0.00121402829977172	0.0123833746478481
HISDEG.PWY..L.histidine.degradation.I.g__Bacteroides.s__Bacteroides_fragilis	study_condition	T2D	0.485336882424668	0.149609708356459	952	212	0.00121980459354925	0.0124276562119253
PWY.7111..pyruvate.fermentation.to.isobutanol..engineered..g__Prevotella.s__Prevotella_copri	BMI	BMI	0.0379307468861593	0.0116965912165177	952	321	0.0012246029248647	0.0124618817030885
PWY.7221..guanosine.ribonucleotides.de.novo.biosynthesis.g__Bacteroides.s__Bacteroides_uniformis	BMI	BMI	-0.0329760511625034	0.0101729338072158	952	740	0.00123031572472628	0.0124760353350463
PWY.5695..urate.biosynthesis.inosine.5..phosphate.degradation	BMI	BMI	0.00371191926852935	0.00114508720972178	952	948	0.00123007587136959	0.0124760353350463
PWY0.1479..tRNA.processing.unclassified	gender	male	0.460927081731723	0.142177634598503	952	453	0.00122877090673503	0.0124760353350463
PWY.6385..peptidoglycan.biosynthesis.III..mycobacteria..g__Bacteroides.s__Bacteroides_vulgatus_CAG_6	BMI	BMI	0.0325495502754068	0.0100430087919598	952	710	0.00123258853213753	0.0124844639629369
ARGSYN.PWY..L.arginine.biosynthesis.I..via.L.ornithine..g__Eubacterium.s__Eubacterium_eligens_CAG_72	study_condition	T2D	-0.518249274055538	0.159933293511671	952	314	0.0012351860102028	0.0124961575331265
VALSYN.PWY..L.valine.biosynthesis.g__Eubacterium.s__Eubacterium_eligens_CAG_72	study_condition	T2D	-0.830972895856224	0.256566301953388	952	415	0.00124199700519242	0.0125504014760401
ASPASN.PWY..superpathway.of.L.aspartate.and.L.asparagine.biosynthesis.g__Bacteroides.s__Bacteroides_fragilis	study_condition	T2D	0.399917197484034	0.123541410810273	952	210	0.00124939251094395	0.0126088827862829
PWY.7400..L.arginine.biosynthesis.IV..archaebacteria..g__Eubacterium.s__Eubacterium_eligens_CAG_72	study_condition	T2D	-0.516513799255066	0.159574975624548	952	314	0.00125069634104122	0.0126088827862829
PWY.5097..L.lysine.biosynthesis.VI.g__Faecalibacterium.s__Faecalibacterium_prausnitzii	study_condition	T2D	-0.459012014964919	0.141936073404215	952	567	0.00126321272628962	0.0126907450228168
COA.PWY..coenzyme.A.biosynthesis.I.g__Bacteroides.s__Bacteroides_caccae	study_condition	T2D	0.567740492916825	0.175546874590414	952	371	0.0012623823304178	0.0126907450228168
ILEUSYN.PWY..L.isoleucine.biosynthesis.I..from.threonine..g__Eubacterium.s__Eubacterium_eligens_CAG_72	age_category	senior	0.554450169277603	0.171426716677184	952	331	0.00126149568565839	0.0126907450228168
PWY.5686..UMP.biosynthesis.g__Bacteroides.s__Bacteroides_caccae	study_condition	T2D	0.373834689817457	0.115653900935772	952	254	0.0012701321557634	0.0127454744715076
PEPTIDOGLYCANSYN.PWY..peptidoglycan.biosynthesis.I..meso.diaminopimelate.containing..g__Alistipes.s__Alistipes_putredinis	BMI	BMI	-0.0281143295328947	0.00870009891955134	952	418	0.00127392501457902	0.0127539776026062
PWY.6147..6.hydroxymethyl.dihydropterin.diphosphate.biosynthesis.I.g__Alistipes.s__Alistipes_putredinis_CAG_67	BMI	BMI	-0.0286205590488684	0.00885652223617285	952	375	0.00127355259766726	0.0127539776026062
UNINTEGRATED.g__Roseburia.s__Roseburia_hominis	study_condition	T2D	-0.534570120812964	0.165621860629749	952	446	0.00129096225369502	0.0128339585396212
PWY.6385..peptidoglycan.biosynthesis.III..mycobacteria..g__Bacteroides.s__Bacteroides_cellulosilyticus	BMI	BMI	-0.0254417061340003	0.00788313849193279	952	189	0.00129228774209581	0.0128339585396212
PWY.4242..pantothenate.and.coenzyme.A.biosynthesis.III.g__Alistipes.s__Alistipes_putredinis	BMI	BMI	-0.0361236642836837	0.0111890042896666	952	386	0.00128720770701093	0.0128339585396212
PWY.7220..adenosine.deoxyribonucleotides.de.novo.biosynthesis.II.g__Bacteroides.s__Bacteroides_fragilis	study_condition	T2D	0.647038951638876	0.200421352894283	952	342	0.00128766837330166	0.0128339585396212
PWY.7222..guanosine.deoxyribonucleotides.de.novo.biosynthesis.II.g__Bacteroides.s__Bacteroides_fragilis	study_condition	T2D	0.647038951638876	0.200421352894283	952	342	0.00128766837330166	0.0128339585396212
PWY.6151..S.adenosyl.L.methionine.cycle.I.g__Barnesiella.s__Barnesiella_intestinihominis	BMI	BMI	-0.0252670857782669	0.00782776603398352	952	209	0.00128995769556777	0.0128339585396212
PWY.5138..unsaturated..even.numbered.fatty.acid..beta..oxidation	BMI	BMI	0.0335998636293305	0.0104096465516183	952	345	0.00129048107628556	0.0128339585396212
PWY.6936..seleno.amino.acid.biosynthesis.g__Eubacterium.s__Eubacterium_eligens_CAG_72	study_condition	T2D	-0.582403768955526	0.180870111311252	952	309	0.00132549289073966	0.0131486465450234
PWY.5695..urate.biosynthesis.inosine.5..phosphate.degradation.g__Bacteroides.s__Bacteroides_caccae	study_condition	T2D	0.594257429078229	0.18458136814417	952	274	0.0013278889100049	0.0131573432043964
PWY.7111..pyruvate.fermentation.to.isobutanol..engineered..g__Prevotella.s__Prevotella_copri	gender	male	0.729916580504508	0.226744092540926	952	321	0.00132957108278421	0.0131589549450414
ASPASN.PWY..superpathway.of.L.aspartate.and.L.asparagine.biosynthesis.g__Bacteroides.s__Bacteroides_uniformis_CAG_3	BMI	BMI	-0.0276950961220678	0.00860431232915897	952	724	0.00133128997120503	0.0131609259710452
SER.GLYSYN.PWY..superpathway.of.L.serine.and.glycine.biosynthesis.I.g__Bacteroides.s__Bacteroides_uniformis_CAG_3	BMI	BMI	-0.0298620861808646	0.0092796228530284	952	749	0.00133459062912736	0.0131785117995929
OANTIGEN.PWY..O.antigen.building.blocks.biosynthesis..E..coli.	BMI	BMI	0.00923438196180092	0.00287087221138271	952	926	0.00134128305784013	0.0131994446373813
PWY.6122..5.aminoimidazole.ribonucleotide.biosynthesis.II.g__Alistipes.s__Alistipes_putredinis_CAG_67	BMI	BMI	-0.024051414309312	0.00747705947581412	952	405	0.00134074171083927	0.0131994446373813
PWY.6277..superpathway.of.5.aminoimidazole.ribonucleotide.biosynthesis.g__Alistipes.s__Alistipes_putredinis_CAG_67	BMI	BMI	-0.024051414309312	0.00747705947581412	952	405	0.00134074171083927	0.0131994446373813
PWY.6386..UDP.N.acetylmuramoyl.pentapeptide.biosynthesis.II..lysine.containing..g__Faecalibacterium.s__Faecalibacterium_prausnitzii	study_condition	T2D	-0.521831899591511	0.162360776949355	952	612	0.00135312213418826	0.0133008373235759
PWY.7221..guanosine.ribonucleotides.de.novo.biosynthesis.g__Bacteroides.s__Bacteroides_fragilis	study_condition	T2D	0.600254540196439	0.186833663951599	952	246	0.00135896850908822	0.0133280490245798
PWY.5103..L.isoleucine.biosynthesis.III.g__Eubacterium.s__Eubacterium_eligens_CAG_72	study_condition	T2D	-0.510343910924714	0.15884142762145	952	331	0.0013583166630934	0.0133280490245798
PWY.6737..starch.degradation.V.g__Faecalibacterium.s__Faecalibacterium_prausnitzii	BMI	BMI	-0.0256243992904773	0.00797661927098139	952	770	0.00136054421018127	0.0133284082128618
PWY.6387..UDP.N.acetylmuramoyl.pentapeptide.biosynthesis.I..meso.diaminopimelate.containing..g__Alistipes.s__Alistipes_putredinis_CAG_67	BMI	BMI	-0.0298807796908718	0.00930970498130602	952	415	0.0013737243219629	0.0134423193538969
PWY0.1061..superpathway.of.L.alanine.biosynthesis	study_condition	T2D	0.627632467401617	0.195587264401405	952	732	0.00137691243743267	0.0134583089256963
PWY.6609..adenine.and.adenosine.salvage.III.g__Prevotella.s__Prevotella_copri	gender	male	0.789453442158013	0.246086080281215	952	329	0.00138130566189805	0.0134860282210114
PWY.6387..UDP.N.acetylmuramoyl.pentapeptide.biosynthesis.I..meso.diaminopimelate.containing..g__Faecalibacterium.s__Faecalibacterium_prausnitzii	study_condition	T2D	-0.536577100225944	0.167296247062736	952	612	0.00138459142945974	0.013502884886398
PWY.4242..pantothenate.and.coenzyme.A.biosynthesis.III.unclassified	study_condition	T2D	-0.410044406191556	0.127950654467466	952	872	0.00139721152789476	0.013610631981517
PWY.7221..guanosine.ribonucleotides.de.novo.biosynthesis.g__Eubacterium.s__Eubacterium_eligens	age_category	senior	0.743934801507589	0.232258447074819	952	409	0.00140520280388688	0.0136730969456858
VALSYN.PWY..L.valine.biosynthesis.g__Prevotella.s__Prevotella_copri	gender	male	0.789925021009508	0.24684458221507	952	351	0.00141954107552585	0.0137971107901839
PWY.7539..6.hydroxymethyl.dihydropterin.diphosphate.biosynthesis.III..Chlamydia..g__Parabacteroides.s__Parabacteroides_distasonis	study_condition	T2D	0.408415373398614	0.127660846496412	952	337	0.00142377924621737	0.0138227895428727
RHAMCAT.PWY..L.rhamnose.degradation.I.g__Bacteroides.s__Bacteroides_uniformis	study_condition	T2D	0.829868839791665	0.259474092988243	952	460	0.00142842473431007	0.0138523608052914
PWY.6703..preQ0.biosynthesis.g__Bacteroides.s__Bacteroides_uniformis_CAG_3	BMI	BMI	-0.0334014110527509	0.0104512651526912	952	625	0.00143999346928905	0.0139177940223696
PWY.7220..adenosine.deoxyribonucleotides.de.novo.biosynthesis.II.g__Bacteroides.s__Bacteroides_fragilis_CAG_47	study_condition	T2D	0.571725881218937	0.178881186073299	952	258	0.00143900417801177	0.0139177940223696
PWY.7222..guanosine.deoxyribonucleotides.de.novo.biosynthesis.II.g__Bacteroides.s__Bacteroides_fragilis_CAG_47	study_condition	T2D	0.571725881218937	0.178881186073299	952	258	0.00143900417801177	0.0139177940223696
PWY.1269..CMP.3.deoxy.D.manno.octulosonate.biosynthesis.I.g__Prevotella.s__Prevotella_copri_CAG_164	gender	male	0.670631343441816	0.209891138827898	952	289	0.00144385615107202	0.0139395699757901
PWY.5097..L.lysine.biosynthesis.VI.g__Barnesiella.s__Barnesiella_intestinihominis	BMI	BMI	-0.0196508454912723	0.00615140682517006	952	218	0.00144687914196114	0.0139531997431887
PWY.5686..UMP.biosynthesis.g__Alistipes.s__Alistipes_putredinis_CAG_67	BMI	BMI	-0.0278474132047803	0.00872638350709277	952	422	0.00146359941440382	0.0140800317932871
PWY.6122..5.aminoimidazole.ribonucleotide.biosynthesis.II.g__Eubacterium.s__Eubacterium_eligens	age_category	senior	0.690701176722219	0.216458762803856	952	431	0.00146490861960181	0.0140800317932871
PWY.6277..superpathway.of.5.aminoimidazole.ribonucleotide.biosynthesis.g__Eubacterium.s__Eubacterium_eligens	age_category	senior	0.690701176722219	0.216458762803856	952	431	0.00146490861960181	0.0140800317932871
PEPTIDOGLYCANSYN.PWY..peptidoglycan.biosynthesis.I..meso.diaminopimelate.containing..g__Alistipes.s__Alistipes_putredinis_CAG_67	BMI	BMI	-0.0293563484695692	0.0092101644251568	952	407	0.00148270036070808	0.0142211109210706
PWY.6703..preQ0.biosynthesis.g__Eubacterium.s__Eubacterium_eligens	age_category	senior	0.772492853911699	0.242361931402483	952	349	0.00148287103484143	0.0142211109210706
RHAMCAT.PWY..L.rhamnose.degradation.I.unclassified	BMI	BMI	-0.0271820245834734	0.00852927903903025	952	590	0.00148512795704808	0.0142270001195092
COMPLETE.ARO.PWY..superpathway.of.aromatic.amino.acid.biosynthesis.g__Parabacteroides.s__Parabacteroides_distasonis	study_condition	T2D	0.379168847604755	0.119053487700654	952	310	0.00149555593266957	0.0142952697316981
DTDPRHAMSYN.PWY..dTDP.L.rhamnose.biosynthesis.I.g__Eubacterium.s__Eubacterium_eligens	study_condition	T2D	-0.779654823267817	0.244786365367503	952	423	0.00149463312554138	0.0142952697316981
PWY.6609..adenine.and.adenosine.salvage.III.g__Bacteroides.s__Bacteroides_uniformis_CAG_3	BMI	BMI	-0.0358807905610288	0.0112686145095059	952	722	0.00149927310088662	0.0143093694495052
PWY.6121..5.aminoimidazole.ribonucleotide.biosynthesis.I.g__Bacteroides.s__Bacteroides_vulgatus_CAG_6	BMI	BMI	0.0328364729978398	0.0103158471426012	952	656	0.00150453575083851	0.0143093694495052
PWY.6122..5.aminoimidazole.ribonucleotide.biosynthesis.II.g__Faecalibacterium.s__Faecalibacterium_prausnitzii	BMI	BMI	-0.0212521899267148	0.00667753214925085	952	773	0.0015069451429502	0.0143093694495052
PWY.6277..superpathway.of.5.aminoimidazole.ribonucleotide.biosynthesis.g__Faecalibacterium.s__Faecalibacterium_prausnitzii	BMI	BMI	-0.0212521899267148	0.00667753214925085	952	773	0.0015069451429502	0.0143093694495052
HSERMETANA.PWY..L.methionine.biosynthesis.III.unclassified	BMI	BMI	-0.0211940019960916	0.00665655915353587	952	832	0.00150033683138475	0.0143093694495052
ILEUSYN.PWY..L.isoleucine.biosynthesis.I..from.threonine..g__Prevotella.s__Prevotella_copri	BMI	BMI	0.033200768804095	0.0104304252315171	952	313	0.0015047421825469	0.0143093694495052
TRPSYN.PWY..L.tryptophan.biosynthesis.g__Lachnospira.s__Lachnospira_pectinoschiza	study_condition	T2D	-0.430129833780406	0.135165741041997	952	214	0.00150901249601263	0.0143133058219818
VALSYN.PWY..L.valine.biosynthesis.g__Bacteroides.s__Bacteroides_caccae	BMI	BMI	-0.0376997497413649	0.0118535300351965	952	482	0.00151818281274525	0.0143374734551514
PWY.7229..superpathway.of.adenosine.nucleotides.de.novo.biosynthesis.I.g__Faecalibacterium.s__Faecalibacterium_prausnitzii	study_condition	T2D	-0.462735473277401	0.145486748208078	952	464	0.00151747708478635	0.0143374734551514
PWY.4041...gamma..glutamyl.cycle	study_condition	T2D	0.55837409825455	0.175551502923518	952	805	0.00151704622464253	0.0143374734551514
PWY.6700..queuosine.biosynthesis.g__Roseburia.s__Roseburia_inulinivorans_CAG_15	study_condition	T2D	0.459573461639212	0.144496286378725	952	226	0.00151789836013447	0.0143374734551514
PWY.6892..thiazole.biosynthesis.I..E..coli.	study_condition	T2D	0.252393737104606	0.0793826902440416	952	920	0.00152342914406932	0.0143713468274949
PWY.2942..L.lysine.biosynthesis.III	BMI	BMI	0.00388712740809947	0.00122831661741338	952	949	0.00160252965519685	0.0151010955538681
PWY.7111..pyruvate.fermentation.to.isobutanol..engineered..unclassified	BMI	BMI	-0.0169513288621123	0.00535805532441222	952	905	0.00160737534003651	0.015130293961648
UNINTEGRATED.g__Lachnospiraceae_unclassified.s__Eubacterium_rectale	study_condition	T2D	-0.581954686475426	0.184124021688732	952	622	0.00162407824208801	0.015224513449314
PWY.6122..5.aminoimidazole.ribonucleotide.biosynthesis.II.unclassified	BMI	BMI	-0.0170559963905901	0.00539643329300327	952	910	0.00162441690844874	0.015224513449314
PWY.6277..superpathway.of.5.aminoimidazole.ribonucleotide.biosynthesis.unclassified	BMI	BMI	-0.0170559963905901	0.00539643329300327	952	910	0.00162441690844874	0.015224513449314
HISTSYN.PWY..L.histidine.biosynthesis.g__Barnesiella.s__Barnesiella_intestinihominis	BMI	BMI	-0.0318391016780368	0.010071715466339	952	198	0.00162092369659009	0.015224513449314
PWY.4242..pantothenate.and.coenzyme.A.biosynthesis.III.g__Eubacterium.s__Eubacterium_eligens	study_condition	T2D	-0.524489407270794	0.166074281749299	952	230	0.00163795252915594	0.0153347771918816
CALVIN.PWY..Calvin.Benson.Bassham.cycle.g__Eubacterium.s__Eubacterium_eligens	study_condition	T2D	-0.542233718527031	0.171788211680128	952	247	0.00164772737051719	0.0154060234580394
RHAMCAT.PWY..L.rhamnose.degradation.I.g__Eubacterium.s__Eubacterium_eligens_CAG_72	age_category	senior	0.546582714523179	0.173179710161888	952	274	0.00164912052489636	0.0154060234580394
PWY.6386..UDP.N.acetylmuramoyl.pentapeptide.biosynthesis.II..lysine.containing..unclassified	study_condition	T2D	-0.416511909898251	0.132078171049302	952	880	0.00166391403321382	0.0155274736289135
PWY.6386..UDP.N.acetylmuramoyl.pentapeptide.biosynthesis.II..lysine.containing..unclassified	BMI	BMI	-0.0210463057091039	0.00667534168145331	952	880	0.00166776810841755	0.0155466865650118
BRANCHED.CHAIN.AA.SYN.PWY..superpathway.of.branched.amino.acid.biosynthesis.g__Eubacterium.s__Eubacterium_eligens_CAG_72	age_category	senior	0.53790460959062	0.17065665235485	952	331	0.00167271234151342	0.0155760095457057
ARGININE.SYN4.PWY..L.ornithine.de.novo..biosynthesis.g__Bacteroides.s__Bacteroides_caccae	study_condition	T2D	0.330244702888505	0.104838434048632	952	224	0.00168371435827838	0.0156616179835562
PWY.4242..pantothenate.and.coenzyme.A.biosynthesis.III.g__Alistipes.s__Alistipes_finegoldii	BMI	BMI	-0.0214631030030389	0.00681579653364741	952	200	0.00168949030231686	0.015698482852
PEPTIDOGLYCANSYN.PWY..peptidoglycan.biosynthesis.I..meso.diaminopimelate.containing..g__Alistipes.s__Alistipes_finegoldii	BMI	BMI	-0.0232751982827826	0.0073961580761617	952	260	0.00170150035972685	0.0157931330281185
PWY.5097..L.lysine.biosynthesis.VI.g__Bacteroides.s__Bacteroides_thetaiotaomicron	study_condition	T2D	0.555055976669777	0.176404985847147	952	283	0.00170405869339226	0.0157999446303822
PWY.5695..urate.biosynthesis.inosine.5..phosphate.degradation.g__Bacteroides.s__Bacteroides_cellulosilyticus	BMI	BMI	-0.0301923737230259	0.00960242756082038	952	229	0.00171703783191876	0.0159032594913545
PWY.6387..UDP.N.acetylmuramoyl.pentapeptide.biosynthesis.I..meso.diaminopimelate.containing..g__Bacteroides.s__Bacteroides_cellulosilyticus	BMI	BMI	-0.0309653070707838	0.00985815063095707	952	199	0.00173545978972203	0.0160395750042612
PWY.6151..S.adenosyl.L.methionine.cycle.I	study_condition	T2D	-0.103575927564224	0.0329727843682736	952	951	0.00173447320248026	0.0160395750042612
PWY.1042..glycolysis.IV..plant.cytosol..g__Prevotella.s__Prevotella_copri	BMI	BMI	0.0285296111909788	0.00908398575633474	952	312	0.00173802866800295	0.0160461921800699
PWY.6700..queuosine.biosynthesis.g__Lachnospira.s__Lachnospira_pectinoschiza	study_condition	T2D	-0.437102805858179	0.139233860411674	952	258	0.00174571497099537	0.0160828634561914
GLUTORN.PWY..L.ornithine.biosynthesis.g__Lachnospira.s__Lachnospira_pectinoschiza	study_condition	T2D	-0.570957264519104	0.181856008387956	952	264	0.00174412933778863	0.0160828634561914
PWY.6387..UDP.N.acetylmuramoyl.pentapeptide.biosynthesis.I..meso.diaminopimelate.containing..g__Eubacterium.s__Eubacterium_eligens	study_condition	T2D	-0.568030788556249	0.180966981212771	952	313	0.00174853803306619	0.0160917527803966
RIBOSYN2.PWY..flavin.biosynthesis.I..bacteria.and.plants..g__Eubacterium.s__Eubacterium_eligens_CAG_72	age_category	senior	0.488114846020686	0.155621776898006	952	252	0.00176227656651562	0.0162009714076702
PWY0.1296..purine.ribonucleosides.degradation.g__Eubacterium.s__Eubacterium_eligens_CAG_72	age_category	senior	0.734484380641547	0.234235349491271	952	353	0.00176750255925084	0.0162145891558392
ARGSYNBSUB.PWY..L.arginine.biosynthesis.II..acetyl.cycle..g__Eubacterium.s__Eubacterium_eligens	study_condition	T2D	-0.602131577036046	0.192008588951676	952	354	0.00176575428258637	0.0162145891558392
PWY.5667..CDP.diacylglycerol.biosynthesis.I.g__Eubacterium.s__Eubacterium_eligens	age_category	senior	0.708503252436939	0.226078431511747	952	297	0.00177818213982364	0.016278073288449
PWY0.1319..CDP.diacylglycerol.biosynthesis.II.g__Eubacterium.s__Eubacterium_eligens	age_category	senior	0.708503252436939	0.226078431511747	952	297	0.00177818213982364	0.016278073288449
PWY.1042..glycolysis.IV..plant.cytosol..g__Eubacterium.s__Eubacterium_eligens	age_category	senior	0.676206439240673	0.215952635081421	952	297	0.00179390063274494	0.0164046245824406
PWY.6386..UDP.N.acetylmuramoyl.pentapeptide.biosynthesis.II..lysine.containing..g__Eubacterium.s__Eubacterium_eligens_CAG_72	age_category	senior	0.582941099666089	0.186312747519523	952	268	0.00180871383573135	0.0165226390479257
PWY.6123..inosine.5..phosphate.biosynthesis.I.g__Barnesiella.s__Barnesiella_intestinihominis	BMI	BMI	-0.0186946243685615	0.00597608287581101	952	194	0.0018123142573795	0.0165380837396275
PWY.6122..5.aminoimidazole.ribonucleotide.biosynthesis.II.g__Bacteroides.s__Bacteroides_cellulosilyticus	BMI	BMI	-0.0335629247701483	0.0107370302638126	952	216	0.00182662534647401	0.0166336230288801
PWY.6277..superpathway.of.5.aminoimidazole.ribonucleotide.biosynthesis.g__Bacteroides.s__Bacteroides_cellulosilyticus	BMI	BMI	-0.0335629247701483	0.0107370302638126	952	216	0.00182662534647401	0.0166336230288801
PWY.1042..glycolysis.IV..plant.cytosol..g__Alistipes.s__Alistipes_putredinis	BMI	BMI	-0.0253278341360986	0.00810478886025801	952	383	0.001831908804874	0.0166467263905654
PWY.5686..UMP.biosynthesis.g__Eubacterium.s__Eubacterium_eligens_CAG_72	age_category	senior	0.730136021161015	0.233636937665198	952	339	0.00183164620110254	0.0166467263905654
COMPLETE.ARO.PWY..superpathway.of.aromatic.amino.acid.biosynthesis.unclassified	study_condition	T2D	-0.391307665570555	0.125287664635929	952	853	0.00184285929403243	0.0167286808032714
P42.PWY..incomplete.reductive.TCA.cycle	study_condition	T2D	0.619817683899759	0.198666460355352	952	604	0.00186393325636442	0.0168873863098866
PWY.7371..1.4.dihydroxy.6.naphthoate.biosynthesis.II	study_condition	T2D	0.468906730253585	0.150303566414536	952	344	0.00186493348713104	0.0168873863098866
GLCMANNANAUT.PWY..superpathway.of.N.acetylglucosamine..N.acetylmannosamine.and.N.acetylneuraminate.degradation.g__Roseburia.s__Roseburia_inulinivorans_CAG_15	study_condition	T2D	0.363672814441827	0.11657934917479	952	206	0.00186619269036507	0.0168873863098866
SER.GLYSYN.PWY..superpathway.of.L.serine.and.glycine.biosynthesis.I.g__Eubacterium.s__Eubacterium_eligens_CAG_72	study_condition	T2D	-0.47636468131933	0.152727736436616	952	246	0.00186923770528105	0.0168972844757139
PWY.5667..CDP.diacylglycerol.biosynthesis.I.g__Lachnospira.s__Lachnospira_pectinoschiza	study_condition	T2D	-0.523472019236532	0.167967097339368	952	223	0.00188518380346558	0.0170059288937624
PWY0.1319..CDP.diacylglycerol.biosynthesis.II.g__Lachnospira.s__Lachnospira_pectinoschiza	study_condition	T2D	-0.523472019236532	0.167967097339368	952	223	0.00188518380346558	0.0170059288937624
PWY.1042..glycolysis.IV..plant.cytosol..g__Faecalibacterium.s__Faecalibacterium_prausnitzii	BMI	BMI	-0.0228659446575313	0.00734147729584786	952	744	0.00189718393983706	0.0170963714037346
PWY.6122..5.aminoimidazole.ribonucleotide.biosynthesis.II.g__Barnesiella.s__Barnesiella_intestinihominis	BMI	BMI	-0.0333468962299315	0.0107117780449315	952	249	0.00190687429536586	0.0171480076821063
PWY.6277..superpathway.of.5.aminoimidazole.ribonucleotide.biosynthesis.g__Barnesiella.s__Barnesiella_intestinihominis	BMI	BMI	-0.0333468962299315	0.0107117780449315	952	249	0.00190687429536586	0.0171480076821063
PWY.6123..inosine.5..phosphate.biosynthesis.I.g__Bacteroides.s__Bacteroides_uniformis	BMI	BMI	-0.0343856500980914	0.0110571130851015	952	654	0.00192798174133423	0.0173198359750565
COA.PWY..coenzyme.A.biosynthesis.I.g__Bacteroides.s__Bacteroides_vulgatus_CAG_6	BMI	BMI	0.0317567330870646	0.0102203555039215	952	703	0.001944958421873	0.0174542382729743
PWY.6121..5.aminoimidazole.ribonucleotide.biosynthesis.I.g__Faecalibacterium.s__Faecalibacterium_prausnitzii	BMI	BMI	-0.0213234337889478	0.00686372869603502	952	746	0.00194835209307196	0.0174665932981399
HSERMETANA.PWY..L.methionine.biosynthesis.III.g__Lachnospira.s__Lachnospira_pectinoschiza	study_condition	T2D	-0.662354430139412	0.21323928474551	952	233	0.00195179838903933	0.0174793940528238
PWY.7111..pyruvate.fermentation.to.isobutanol..engineered..g__Bacteroides.s__Bacteroides_cellulosilyticus	BMI	BMI	-0.0323720338905215	0.0104229812191021	952	230	0.00195391132989718	0.0174802397901959
SER.GLYSYN.PWY..superpathway.of.L.serine.and.glycine.biosynthesis.I.g__Alistipes.s__Alistipes_putredinis_CAG_67	BMI	BMI	-0.0204139201512963	0.00657421498561239	952	318	0.00195838310101286	0.0175021647624059
PWY.6122..5.aminoimidazole.ribonucleotide.biosynthesis.II.g__Eubacterium.s__Eubacterium_eligens_CAG_72	age_category	senior	0.883124926653205	0.284651924418127	952	450	0.00197599597704109	0.0176231979002841
PWY.6277..superpathway.of.5.aminoimidazole.ribonucleotide.biosynthesis.g__Eubacterium.s__Eubacterium_eligens_CAG_72	age_category	senior	0.883124926653205	0.284651924418127	952	450	0.00197599597704109	0.0176231979002841
PWY.5667..CDP.diacylglycerol.biosynthesis.I.g__Alistipes.s__Alistipes_finegoldii	BMI	BMI	-0.0250239347532839	0.00806975627681904	952	275	0.00198606404502372	0.0176673694762441
PWY0.1319..CDP.diacylglycerol.biosynthesis.II.g__Alistipes.s__Alistipes_finegoldii	BMI	BMI	-0.0250239347532839	0.00806975627681904	952	275	0.00198606404502372	0.0176673694762441
PWY.6147..6.hydroxymethyl.dihydropterin.diphosphate.biosynthesis.I.g__Bacteroides.s__Bacteroides_uniformis	gender	male	-0.478424065239338	0.154290445501789	952	593	0.00198706903809027	0.0176673694762441
PWY.6387..UDP.N.acetylmuramoyl.pentapeptide.biosynthesis.I..meso.diaminopimelate.containing..g__Eubacterium.s__Eubacterium_eligens	age_category	senior	0.655871026051402	0.211548141265508	952	313	0.00199014169632039	0.0176765406052662
PWY.6126..superpathway.of.adenosine.nucleotides.de.novo.biosynthesis.II.g__Faecalibacterium.s__Faecalibacterium_prausnitzii	study_condition	T2D	-0.450692966146885	0.145430030328303	952	464	0.00199882507574799	0.0177280613739252
TRPSYN.PWY..L.tryptophan.biosynthesis.g__Eubacterium.s__Eubacterium_eligens	age_category	senior	0.539435307540608	0.174075679180131	952	272	0.00200003648525692	0.0177280613739252
PWY.6609..adenine.and.adenosine.salvage.III.g__Alistipes.s__Alistipes_finegoldii	BMI	BMI	-0.0273945273665245	0.0088439556374929	952	303	0.00200882556697278	0.0177431816173223
PWY.6936..seleno.amino.acid.biosynthesis.g__Bacteroides.s__Bacteroides_vulgatus	BMI	BMI	0.0340760955397287	0.010999583156002	952	695	0.00200613106539018	0.0177431816173223
PWY.6121..5.aminoimidazole.ribonucleotide.biosynthesis.I.g__Eubacterium.s__Eubacterium_eligens_CAG_72	age_category	senior	0.852260212352492	0.275181363774165	952	414	0.00201189277993695	0.0177431816173223
PWY.6121..5.aminoimidazole.ribonucleotide.biosynthesis.I.g__Eubacterium.s__Eubacterium_eligens	age_category	senior	0.651014436397187	0.210120934403234	952	399	0.00200385243265375	0.0177431816173223
PWY.2942..L.lysine.biosynthesis.III.g__Eubacterium.s__Eubacterium_eligens	age_category	senior	0.470070849130403	0.151779138584287	952	275	0.00201198664528989	0.0177431816173223
PWY.6737..starch.degradation.V.g__Eubacterium.s__Eubacterium_eligens_CAG_72	gender	male	-0.533709199542538	0.172484517872529	952	318	0.00203106538296881	0.0178932108001118
ARGININE.SYN4.PWY..L.ornithine.de.novo..biosynthesis.unclassified	study_condition	T2D	0.549824590251643	0.177759179668072	952	305	0.00203892156022022	0.017944167389743
PWY.1861..formaldehyde.assimilation.II..RuMP.Cycle.	study_condition	T2D	0.46793431448852	0.151324143052196	952	310	0.00204452008625902	0.0179751715198001
PWY.4242..pantothenate.and.coenzyme.A.biosynthesis.III.g__Bacteroides.s__Bacteroides_vulgatus_CAG_6	BMI	BMI	0.0334403983552702	0.0108185499303347	952	627	0.00205299542460577	0.018031379692785
GLYCOGENSYNTH.PWY..glycogen.biosynthesis.I..from.ADP.D.Glucose..g__Eubacterium.s__Eubacterium_eligens_CAG_72	study_condition	T2D	-0.462446952177751	0.149646255388253	952	301	0.00205817996914432	0.0180586003371731
PANTOSYN.PWY..pantothenate.and.coenzyme.A.biosynthesis.I.g__Alistipes.s__Alistipes_putredinis	BMI	BMI	-0.0319498945026383	0.0103421587031033	952	350	0.0020649173484235	0.0180993767584489
THRESYN.PWY..superpathway.of.L.threonine.biosynthesis.g__Faecalibacterium.s__Faecalibacterium_prausnitzii	study_condition	T2D	-0.441200624021731	0.142862077767177	952	486	0.00207173358609692	0.0181407612291197
PWY.5973..cis.vaccenate.biosynthesis.g__Alistipes.s__Alistipes_finegoldii	BMI	BMI	-0.0292600519514357	0.00947961113540449	952	282	0.00208327281002335	0.0182230176971829
GLYCOGENSYNTH.PWY..glycogen.biosynthesis.I..from.ADP.D.Glucose..g__Faecalibacterium.s__Faecalibacterium_prausnitzii	BMI	BMI	-0.0316373980712275	0.0102508061601424	952	762	0.00208533608982774	0.0182230176971829
PWY.2942..L.lysine.biosynthesis.III.unclassified	BMI	BMI	-0.0195100268824387	0.00632247205101905	952	879	0.0020888807503174	0.0182355920340209
PWY.6123..inosine.5..phosphate.biosynthesis.I.g__Bacteroides.s__Bacteroides_uniformis_CAG_3	BMI	BMI	-0.0290392815792237	0.00941154507627083	952	691	0.00209115509091384	0.0182370625249888
PWY.7234..inosine.5..phosphate.biosynthesis.III.g__Alistipes.s__Alistipes_finegoldii	BMI	BMI	-0.022350476406077	0.00724692420976069	952	231	0.0021006620754649	0.0183015428305091
PWY.6121..5.aminoimidazole.ribonucleotide.biosynthesis.I.g__Bacteroides.s__Bacteroides_caccae	study_condition	T2D	0.608980698781997	0.197486195917052	952	275	0.00210395439151091	0.0183118040507382
GLCMANNANAUT.PWY..superpathway.of.N.acetylglucosamine..N.acetylmannosamine.and.N.acetylneuraminate.degradation.g__Faecalibacterium.s__Faecalibacterium_prausnitzii	BMI	BMI	-0.0220760479703636	0.00716144343119902	952	447	0.0021112224467486	0.0183566128402037
PWY.3841..folate.transformations.II.g__Alistipes.s__Alistipes_putredinis_CAG_67	BMI	BMI	-0.0340890320308739	0.0110609098267992	952	408	0.00211605921519001	0.0183802134438771
PANTO.PWY..phosphopantothenate.biosynthesis.I.g__Alistipes.s__Alistipes_putredinis	BMI	BMI	-0.0256139106846553	0.00831293053969092	952	393	0.00212116189941739	0.0184060741973493
PWY.5030..L.histidine.degradation.III.g__Bacteroides.s__Bacteroides_vulgatus	BMI	BMI	0.0296004867180368	0.00960973137499649	952	731	0.00212788235533589	0.0184459071043131
PWY.5030..L.histidine.degradation.III	gender	male	-0.271384080061269	0.0881250965905864	952	922	0.00213304684573672	0.01847218568408
PWY0.1586..peptidoglycan.maturation..meso.diaminopimelate.containing..g__Lachnospira.s__Lachnospira_pectinoschiza	study_condition	T2D	-0.438955146661196	0.142575514717714	952	260	0.00213856017345292	0.0185014296724299
PWY.5686..UMP.biosynthesis.g__Bacteroides.s__Bacteroides_vulgatus	BMI	BMI	0.0304204958139752	0.0098862356884678	952	682	0.00215067133758111	0.0185876385064396
PWY.2942..L.lysine.biosynthesis.III.g__Prevotella.s__Prevotella_copri_CAG_164	gender	male	0.70048514883617	0.227756419759142	952	322	0.00216116929827301	0.0186411614771357
PANTOSYN.PWY..pantothenate.and.coenzyme.A.biosynthesis.I.g__Alistipes.s__Alistipes_putredinis_CAG_67	BMI	BMI	-0.0190473103571003	0.00619276164881684	952	253	0.00216010308259362	0.0186411614771357
COA.PWY..coenzyme.A.biosynthesis.I.g__Lachnospira.s__Lachnospira_pectinoschiza	study_condition	T2D	-0.476913507577001	0.155095236802083	952	256	0.00216560073731859	0.0186607983932129
PWY.7242..D.fructuronate.degradation.unclassified	gender	male	0.394239340400862	0.128313790750616	952	479	0.0021837070425314	0.0187981143025069
PWY.1042..glycolysis.IV..plant.cytosol.	study_condition	T2D	-0.0764878971343738	0.0249107507887338	952	949	0.00219813130885658	0.0188847392209305
PWY.7323..superpathway.of.GDP.mannose.derived.O.antigen.building.blocks.biosynthesis.unclassified	age_category	senior	0.431489391687074	0.140518303539703	952	289	0.00219651808689703	0.0188847392209305
PWY.6703..preQ0.biosynthesis.g__Bacteroides.s__Bacteroides_caccae	study_condition	T2D	0.566863674159406	0.184659840505503	952	269	0.00220327466030176	0.0189101670547208
PWY.7357..thiamin.formation.from.pyrithiamine.and.oxythiamine..yeast..g__Bacteroides.s__Bacteroides_uniformis	BMI	BMI	-0.0333312929705109	0.0108595052322055	952	693	0.00220658295925783	0.0189198103239335
HEME.BIOSYNTHESIS.II..heme.biosynthesis.I..aerobic.	BMI	BMI	0.0242909577382086	0.00791749181550475	952	521	0.00221616706823928	0.0189831917022277
PWY.6737..starch.degradation.V.g__Eubacterium.s__Eubacterium_sp_CAG_180	age_category	senior	0.571574299259913	0.186626803000932	952	212	0.00225578777509239	0.0192676646287039
PWY.6609..adenine.and.adenosine.salvage.III.g__Faecalibacterium.s__Faecalibacterium_prausnitzii	BMI	BMI	-0.0255644701525753	0.0083462831287842	952	732	0.00225342023873534	0.0192676646287039
HISTSYN.PWY..L.histidine.biosynthesis.g__Roseburia.s__Roseburia_inulinivorans_CAG_15	study_condition	T2D	0.408404172313678	0.133351074114194	952	226	0.00225605218631707	0.0192676646287039
UDPNAGSYN.PWY..UDP.N.acetyl.D.glucosamine.biosynthesis.I	BMI	BMI	0.0104128468991489	0.00340519241632492	952	926	0.00229131931980093	0.0195495815856907
PWY.6609..adenine.and.adenosine.salvage.III.g__Bacteroides.s__Bacteroides_uniformis	BMI	BMI	-0.0331889857844057	0.0108646969273999	952	733	0.00231548775073689	0.0196819202561603
PWY.6151..S.adenosyl.L.methionine.cycle.I.g__Eubacterium.s__Eubacterium_eligens_CAG_72	study_condition	T2D	-0.754900142055493	0.247086475366356	952	390	0.00231203993918242	0.0196819202561603
PWY.1042..glycolysis.IV..plant.cytosol..g__Eubacterium.s__Eubacterium_eligens	study_condition	T2D	-0.564317045411013	0.184734766383882	952	297	0.00231558625869568	0.0196819202561603
PWY.6387..UDP.N.acetylmuramoyl.pentapeptide.biosynthesis.I..meso.diaminopimelate.containing..g__Eubacterium.s__Eubacterium_eligens_CAG_72	study_condition	T2D	-0.59828453474273	0.195857168399139	952	338	0.00231592110173526	0.0196819202561603
DTDPRHAMSYN.PWY..dTDP.L.rhamnose.biosynthesis.I.g__Bacteroides.s__Bacteroides_fragilis	study_condition	T2D	0.681983122335688	0.223340774670893	952	347	0.00232468318329577	0.0197370160464131
VALSYN.PWY..L.valine.biosynthesis.g__Eubacterium.s__Eubacterium_eligens	study_condition	T2D	-0.738542528349724	0.241900453613282	952	415	0.00232828762537172	0.0197482574296955
PWY.5097..L.lysine.biosynthesis.VI.g__Eubacterium.s__Eubacterium_eligens_CAG_72	study_condition	T2D	-0.603316738904447	0.197679032167233	952	343	0.00233661996002617	0.0197995389959165
PWY.6936..seleno.amino.acid.biosynthesis.g__Bacteroides.s__Bacteroides_vulgatus_CAG_6	BMI	BMI	0.0289795726939549	0.00949724061898078	952	669	0.00234151159052941	0.0198215937184602
X1CMET2.PWY..N10.formyl.tetrahydrofolate.biosynthesis.g__Bacteroides.s__Bacteroides_caccae	study_condition	T2D	0.455031411623112	0.149142421789845	952	315	0.0023444619786229	0.0198271882176507
PWY.2942..L.lysine.biosynthesis.III.g__Lachnospira.s__Lachnospira_pectinoschiza	study_condition	T2D	-0.45177875730725	0.148144739254417	952	272	0.00235537879168397	0.019900078376569
PWY.7219..adenosine.ribonucleotides.de.novo.biosynthesis.g__Eubacterium.s__Eubacterium_sp_CAG_180	study_condition	T2D	0.661153029922181	0.21688436323646	952	207	0.00236443364181307	0.0199376780312572
PWY.4242..pantothenate.and.coenzyme.A.biosynthesis.III.g__Alistipes.s__Alistipes_putredinis_CAG_67	BMI	BMI	-0.0205448421999493	0.00673943912579857	952	338	0.00236414356295555	0.0199376780312572
PWY.6700..queuosine.biosynthesis.g__Faecalibacterium.s__Faecalibacterium_prausnitzii	BMI	BMI	-0.0235380591230505	0.00772517470327158	952	664	0.00237601919342413	0.0200158815321527
PWY.5667..CDP.diacylglycerol.biosynthesis.I.g__Bacteroides.s__Bacteroides_uniformis_CAG_3	BMI	BMI	-0.0262053285352152	0.00860239616429971	952	678	0.00238108471019646	0.020019605427477
PWY0.1319..CDP.diacylglycerol.biosynthesis.II.g__Bacteroides.s__Bacteroides_uniformis_CAG_3	BMI	BMI	-0.0262053285352152	0.00860239616429971	952	678	0.00238108471019646	0.020019605427477
COA.PWY..coenzyme.A.biosynthesis.I.unclassified	study_condition	T2D	-0.362395114784986	0.118981968755354	952	902	0.00238488183295423	0.0200320821274332
ILEUSYN.PWY..L.isoleucine.biosynthesis.I..from.threonine..unclassified	BMI	BMI	-0.0218879933079278	0.0071905993397189	952	763	0.00239925537134922	0.020133286352601
PWY.5097..L.lysine.biosynthesis.VI.unclassified	BMI	BMI	-0.0191499957769011	0.00629264632747981	952	878	0.00240510036118632	0.0201627968324042
PWY.6122..5.aminoimidazole.ribonucleotide.biosynthesis.II.g__Bacteroides.s__Bacteroides_vulgatus_CAG_6	BMI	BMI	0.0314917315884763	0.0103510163115987	952	674	0.00241186365044324	0.0201804243602304
PWY.6277..superpathway.of.5.aminoimidazole.ribonucleotide.biosynthesis.g__Bacteroides.s__Bacteroides_vulgatus_CAG_6	BMI	BMI	0.0314917315884763	0.0103510163115987	952	674	0.00241186365044324	0.0201804243602304
PWY.6572..chondroitin.sulfate.degradation.I..bacterial.	study_condition	T2D	0.521106100583814	0.171351862470444	952	376	0.0024216753673899	0.0202429620478731
PWY.6700..queuosine.biosynthesis.g__Prevotella.s__Prevotella_copri	gender	male	0.689494577874229	0.226801204837663	952	336	0.00243015521592413	0.0202901474052423
PWY.6151..S.adenosyl.L.methionine.cycle.I.g__Eubacterium.s__Eubacterium_eligens	study_condition	T2D	-0.756019470042388	0.248702737059534	952	388	0.0024320061208593	0.0202901474052423
COA.PWY.1..coenzyme.A.biosynthesis.II..mammalian..g__Lachnospira.s__Lachnospira_pectinoschiza	study_condition	T2D	-0.462398357604359	0.152267619006005	952	247	0.00245694108011421	0.0204784501961396
UNINTEGRATED.g__Bacteroides.s__Bacteroides_fragilis_CAG_47	study_condition	T2D	0.750174034518952	0.247219739463645	952	361	0.00247561285593024	0.0206142378195729
HSERMETANA.PWY..L.methionine.biosynthesis.III.g__Eubacterium.s__Eubacterium_eligens	study_condition	T2D	-0.587566474214301	0.193666982996625	952	335	0.00248001464724549	0.0206310536456733
GLUTORN.PWY..L.ornithine.biosynthesis.g__Eubacterium.s__Eubacterium_eligens_CAG_72	study_condition	T2D	-0.464022308170816	0.153044101239567	952	330	0.00249593050268341	0.0207435298975416
X1CMET2.PWY..N10.formyl.tetrahydrofolate.biosynthesis.g__Alistipes.s__Alistipes_putredinis	BMI	BMI	-0.0287597792793113	0.00949727647397078	952	361	0.00252671200052546	0.0209777251290911
PWY.5103..L.isoleucine.biosynthesis.III.g__Eubacterium.s__Eubacterium_eligens_CAG_72	age_category	senior	0.562239427821462	0.185683645403629	952	331	0.0025289543920059	0.0209777251290911
PWY.6387..UDP.N.acetylmuramoyl.pentapeptide.biosynthesis.I..meso.diaminopimelate.containing..g__Alistipes.s__Alistipes_finegoldii	BMI	BMI	-0.0228277084633128	0.00754066950209876	952	271	0.00253446177755175	0.0210032909029648
PEPTIDOGLYCANSYN.PWY..peptidoglycan.biosynthesis.I..meso.diaminopimelate.containing..g__Bacteroides.s__Bacteroides_vulgatus_CAG_6	BMI	BMI	0.0281280702347147	0.00929958724996529	952	724	0.00255631016762295	0.0211640975636852
PWY.7539..6.hydroxymethyl.dihydropterin.diphosphate.biosynthesis.III..Chlamydia..g__Bacteroides.s__Bacteroides_uniformis	gender	male	-0.554597441669227	0.183399593442727	952	599	0.00256195585587158	0.0211881950656754
PWY.6168..flavin.biosynthesis.III..fungi..g__Eubacterium.s__Eubacterium_eligens	study_condition	T2D	-0.419789936296996	0.138831967441895	952	272	0.00256411413727803	0.0211881950656754
COA.PWY..coenzyme.A.biosynthesis.I	BMI	BMI	0.00464068629265583	0.00153518228187015	952	947	0.00257115048820694	0.0212260850599353
COLANSYN.PWY..colanic.acid.building.blocks.biosynthesis	study_condition	T2D	0.256117983072317	0.0847611154826996	952	892	0.00258164215959204	0.0212924010495877
PWY.7221..guanosine.ribonucleotides.de.novo.biosynthesis.g__Prevotella.s__Prevotella_copri	gender	male	0.646480603127388	0.214036153907688	952	349	0.00259194446634539	0.0213570305219325
PWY.6609..adenine.and.adenosine.salvage.III.g__Prevotella.s__Prevotella_copri	BMI	BMI	0.0383140893200394	0.01269434741549	952	329	0.00261087806623202	0.0214925894045336
PWY.4242..pantothenate.and.coenzyme.A.biosynthesis.III.g__Faecalibacterium.s__Faecalibacterium_prausnitzii	study_condition	T2D	-0.467098836155742	0.154984719520808	952	569	0.00264834866423218	0.0217803413411687
PWY.6147..6.hydroxymethyl.dihydropterin.diphosphate.biosynthesis.I.g__Bacteroides.s__Bacteroides_fragilis	study_condition	T2D	0.362845763084134	0.120424373325291	952	232	0.00265508923809435	0.0218150595843426
X1CMET2.PWY..N10.formyl.tetrahydrofolate.biosynthesis.unclassified	study_condition	T2D	-0.38328896262672	0.127303713746424	952	877	0.00267452954559441	0.0219331684326208
PWY.6385..peptidoglycan.biosynthesis.III..mycobacteria..g__Prevotella.s__Prevotella_copri_CAG_164	gender	male	0.601595333462236	0.199793137181228	952	303	0.00267219291498889	0.0219331684326208
RIBOSYN2.PWY..flavin.biosynthesis.I..bacteria.and.plants..g__Bacteroides.s__Bacteroides_caccae	study_condition	T2D	0.451363368101948	0.149962109819466	952	257	0.00268303543071507	0.021982106745499
PWY.6387..UDP.N.acetylmuramoyl.pentapeptide.biosynthesis.I..meso.diaminopimelate.containing..g__Prevotella.s__Prevotella_copri_CAG_164	gender	male	0.622647205162796	0.207067223970452	952	304	0.00270823727118533	0.0221676132027079
PWY.5686..UMP.biosynthesis.g__Bacteroides.s__Bacteroides_uniformis	BMI	BMI	-0.0269600023437506	0.00897349131620743	952	697	0.00273105401373109	0.0223332651170078
TRNA.CHARGING.PWY..tRNA.charging.g__Bacteroides.s__Bacteroides_caccae	study_condition	T2D	0.467641822487689	0.15572883471758	952	377	0.00274425358586637	0.0224200340128328
PWY.5100..pyruvate.fermentation.to.acetate.and.lactate.II.unclassified	age_category	senior	0.449233992660333	0.149685683722791	952	777	0.00275984895652824	0.0225261941220872
PWY.6609..adenine.and.adenosine.salvage.III.g__Eubacterium.s__Eubacterium_eligens_CAG_72	study_condition	T2D	-0.604223445557527	0.201352554998192	952	332	0.00276307131135248	0.0225312594692208
PWY.6121..5.aminoimidazole.ribonucleotide.biosynthesis.I.g__Alistipes.s__Alistipes_finegoldii	BMI	BMI	-0.027545394573513	0.00918237719571209	952	309	0.0027721843095825	0.0225843049115564
VALSYN.PWY..L.valine.biosynthesis.g__Bacteroides.s__Bacteroides_uniformis_CAG_3	BMI	BMI	-0.0300591805519118	0.0100215229033147	952	810	0.00277532724081045	0.0225886596855437
PEPTIDOGLYCANSYN.PWY..peptidoglycan.biosynthesis.I..meso.diaminopimelate.containing..g__Prevotella.s__Prevotella_copri_CAG_164	gender	male	0.592485083557898	0.197649106621708	952	304	0.00279162205518264	0.0226999502327527
ARG.POLYAMINE.SYN..superpathway.of.arginine.and.polyamine.biosynthesis	BMI	BMI	0.0190492364039793	0.00635860593784221	952	800	0.00280837556040528	0.022814758304981
PANTO.PWY..phosphopantothenate.biosynthesis.I.g__Bacteroides.s__Bacteroides_vulgatus_CAG_6	BMI	BMI	0.0265397243307608	0.00886361391648799	952	697	0.00282288321604051	0.0229111233841714
TRNA.CHARGING.PWY..tRNA.charging.g__Bacteroides.s__Bacteroides_uniformis	BMI	BMI	-0.0243636344525102	0.00814371486789194	952	534	0.00284609016156858	0.0230347110272747
CITRULBIO.PWY..L.citrulline.biosynthesis.unclassified	BMI	BMI	-0.0238367059645441	0.00796735417470044	952	318	0.00284528876404862	0.0230347110272747
PWY.6168..flavin.biosynthesis.III..fungi..g__Eubacterium.s__Eubacterium_eligens_CAG_72	study_condition	T2D	-0.389486203295246	0.13016812588864	952	222	0.00284177320233095	0.0230347110272747
UDPNAGSYN.PWY..UDP.N.acetyl.D.glucosamine.biosynthesis.I	study_condition	T2D	0.201416327566104	0.0673750660087907	952	926	0.00286676241862815	0.0231803571851725
X1CMET2.PWY..N10.formyl.tetrahydrofolate.biosynthesis.g__Bacteroides.s__Bacteroides_vulgatus_CAG_6	BMI	BMI	0.0264165000246416	0.00883845260174668	952	678	0.00287293757339273	0.023208618829833
PWY.6124..inosine.5..phosphate.biosynthesis.II.g__Barnesiella.s__Barnesiella_intestinihominis	BMI	BMI	-0.0286400012062664	0.00959100851498682	952	236	0.00289804069313931	0.0233895921738923
SER.GLYSYN.PWY..superpathway.of.L.serine.and.glycine.biosynthesis.I.g__Alistipes.s__Alistipes_putredinis_CAG_67	gender	male	-0.380182681193447	0.127444345406938	952	318	0.00292635916832822	0.0235961549327024
PWY.5667..CDP.diacylglycerol.biosynthesis.I.g__Bacteroides.s__Bacteroides_caccae	study_condition	T2D	0.441953255544894	0.148292190892392	952	363	0.00295337434824516	0.0237697229143151
PWY0.1319..CDP.diacylglycerol.biosynthesis.II.g__Bacteroides.s__Bacteroides_caccae	study_condition	T2D	0.441953255544894	0.148292190892392	952	363	0.00295337434824516	0.0237697229143151
UNINTEGRATED.g__Anaerostipes.s__Anaerostipes_hadrus	age_category	senior	-0.538731272499512	0.180842596043933	952	228	0.00296562560571473	0.0238461631805845
PWY.6124..inosine.5..phosphate.biosynthesis.II.g__Bacteroides.s__Bacteroides_uniformis_CAG_3	BMI	BMI	-0.0338678629533376	0.0113719942619861	952	750	0.00297354508569945	0.0238857750533595
THRESYN.PWY..superpathway.of.L.threonine.biosynthesis.g__Bacteroides.s__Bacteroides_vulgatus_CAG_6	BMI	BMI	0.0321842275809767	0.0108076233225261	952	565	0.00297606827743359	0.0238857750533595
PWY.7219..adenosine.ribonucleotides.de.novo.biosynthesis.g__Bacteroides.s__Bacteroides_uniformis	BMI	BMI	-0.0319371347085551	0.0107309321895075	952	749	0.00299288423303888	0.0239984976464044
PWY.5097..L.lysine.biosynthesis.VI.g__Eubacterium.s__Eubacterium_eligens	age_category	senior	0.514841995824685	0.173097328405704	952	342	0.0030111422517394	0.0241225641998735
GLUTORN.PWY..L.ornithine.biosynthesis.g__Faecalibacterium.s__Faecalibacterium_prausnitzii	BMI	BMI	-0.0234733146389917	0.00790125294299659	952	731	0.00304492755697545	0.0243706771196002
PWY.6700..queuosine.biosynthesis.g__Barnesiella.s__Barnesiella_intestinihominis	BMI	BMI	-0.0271450964554937	0.00913809008543149	952	218	0.00304778405438181	0.024371015614909
PWY.7539..6.hydroxymethyl.dihydropterin.diphosphate.biosynthesis.III..Chlamydia..g__Bacteroides.s__Bacteroides_uniformis_CAG_3	gender	male	-0.489535059763935	0.1649416444625	952	621	0.00307358783345138	0.0245108981261265
PWY0.1296..purine.ribonucleosides.degradation.g__Eubacterium.s__Eubacterium_eligens	age_category	senior	0.696120100607826	0.23454887955989	952	319	0.00307376851789532	0.0245108981261265
TRPSYN.PWY..L.tryptophan.biosynthesis.g__Eubacterium.s__Eubacterium_eligens	study_condition	T2D	-0.441974262221782	0.148911495867288	952	272	0.00307255408192332	0.0245108981261265
PWY66.399..gluconeogenesis.III	age_category	senior	0.512404681662537	0.172680128682498	952	729	0.00307919414029418	0.0245315742915801
COA.PWY.1..coenzyme.A.biosynthesis.II..mammalian..g__Barnesiella.s__Barnesiella_intestinihominis	BMI	BMI	-0.0155810519435337	0.0052527190172006	952	251	0.00308992907824322	0.0245944722588109
PWY.6124..inosine.5..phosphate.biosynthesis.II.g__Bacteroides.s__Bacteroides_fragilis_CAG_47	study_condition	T2D	0.589410186679027	0.198877538752061	952	274	0.00311589975185796	0.0247784130864003
PWY.6700..queuosine.biosynthesis.g__Parabacteroides.s__Parabacteroides_distasonis	study_condition	T2D	0.557758262305776	0.188272802497705	952	403	0.00312779217485026	0.0248328642963745
PWY.6386..UDP.N.acetylmuramoyl.pentapeptide.biosynthesis.II..lysine.containing..g__Eubacterium.s__Eubacterium_eligens_CAG_72	study_condition	T2D	-0.472151176180805	0.159379587446948	952	268	0.00312848209553633	0.0248328642963745
PWY.7221..guanosine.ribonucleotides.de.novo.biosynthesis.g__Eubacterium.s__Eubacterium_sp_CAG_180	study_condition	T2D	0.546218949915999	0.184491276952374	952	198	0.00314620213012435	0.0248822926455497
PWY.6151..S.adenosyl.L.methionine.cycle.I.g__Gemmiger.s__Gemmiger_formicilis	study_condition	T2D	-0.460333141553275	0.155473621652131	952	242	0.00314450534633179	0.0248822926455497
PWY.5189..tetrapyrrole.biosynthesis.II..from.glycine.	gender	male	0.495472053934392	0.167307350094322	952	346	0.0031383995784534	0.0248822926455497
UNINTEGRATED.g__Eubacterium.s__Eubacterium_eligens_CAG_72	age_category	senior	0.911548374042871	0.307867668913108	952	491	0.00314449777933447	0.0248822926455497
VALSYN.PWY..L.valine.biosynthesis.g__Bacteroides.s__Bacteroides_uniformis	BMI	BMI	-0.028917753659827	0.00977139540571914	952	817	0.00315884424800121	0.0249388838574904
PWY.6859..all.trans.farnesol.biosynthesis	study_condition	T2D	0.427129875696598	0.144329772786284	952	835	0.00315911727386455	0.0249388838574904
PYRIDNUCSYN.PWY..NAD.biosynthesis.I..from.aspartate..g__Bacteroides.s__Bacteroides_uniformis_CAG_3	BMI	BMI	-0.0254148001414041	0.0085919785086327	952	659	0.00317371441776076	0.0250312995062006
PANTO.PWY..phosphopantothenate.biosynthesis.I.g__Bacteroides.s__Bacteroides_caccae	study_condition	T2D	0.58469948377585	0.197914457424877	952	373	0.0032112918200181	0.0253046289002336
UNINTEGRATED.g__Ruminococcaceae_unclassified.s__Eubacterium_siraeum	age_category	senior	0.604078855260552	0.204509489088766	952	187	0.00321655690722106	0.0253230752877586
PWY.6608..guanosine.nucleotides.degradation.III.g__Bacteroides.s__Bacteroides_caccae	study_condition	T2D	0.32181586417013	0.109015510123154	952	215	0.00323492978586203	0.025444588506417
DTDPRHAMSYN.PWY..dTDP.L.rhamnose.biosynthesis.I.g__Prevotella.s__Prevotella_copri	BMI	BMI	0.0340981921987753	0.0115563958640941	952	358	0.00324978837299382	0.0255151108886006
PWY.5695..urate.biosynthesis.inosine.5..phosphate.degradation.g__Faecalibacterium.s__Faecalibacterium_prausnitzii	study_condition	T2D	-0.400774166741308	0.135828249628075	952	445	0.00324974082191067	0.0255151108886006
ILEUSYN.PWY..L.isoleucine.biosynthesis.I..from.threonine..g__Prevotella.s__Prevotella_copri	gender	male	0.595918981383302	0.202198850943552	952	313	0.0032853805265203	0.0257711914489726
UNINTEGRATED.g__Eubacterium.s__Eubacterium_sp_CAG_180	age_category	senior	0.81636395473572	0.277074761212768	952	236	0.00329408267602963	0.0258160687551281
PWY.6121..5.aminoimidazole.ribonucleotide.biosynthesis.I.unclassified	study_condition	T2D	-0.3247240823316	0.110242724739609	952	908	0.00330284726229511	0.0258532535086802
DTDPRHAMSYN.PWY..dTDP.L.rhamnose.biosynthesis.I.g__Prevotella.s__Prevotella_copri_CAG_164	gender	male	0.623111724740364	0.21157781331778	952	303	0.00330778347432075	0.0258532535086802
PWY.6386..UDP.N.acetylmuramoyl.pentapeptide.biosynthesis.II..lysine.containing..g__Prevotella.s__Prevotella_copri	gender	male	0.558416412454055	0.189607983446487	952	297	0.00330737003652037	0.0258532535086802
PWY.6385..peptidoglycan.biosynthesis.III..mycobacteria..unclassified	study_condition	T2D	-0.377286732447576	0.128171587868721	952	887	0.00332333064212212	0.0259513465832079
ARGSYNBSUB.PWY..L.arginine.biosynthesis.II..acetyl.cycle..unclassified	study_condition	T2D	-0.33051424686538	0.112312093034874	952	875	0.00333171071878364	0.0259933466888886
BRANCHED.CHAIN.AA.SYN.PWY..superpathway.of.branched.amino.acid.biosynthesis.g__Bacteroides.s__Bacteroides_uniformis_CAG_3	BMI	BMI	-0.0271852174757847	0.00924106535424636	952	736	0.00334277208523183	0.0260561712494218
COBALSYN.PWY..adenosylcobalamin.salvage.from.cobinamide.I.unclassified	BMI	BMI	-0.0230262757637367	0.00783003564874057	952	350	0.00335371150848231	0.0261179331505906
PWY.7111..pyruvate.fermentation.to.isobutanol..engineered..g__Eubacterium.s__Eubacterium_sp_CAG_180	age_category	senior	0.698891968223392	0.237768012256745	952	216	0.00336850718645776	0.0262095887104441
PWY.6125..superpathway.of.guanosine.nucleotides.de.novo.biosynthesis.II.g__Bacteroides.s__Bacteroides_caccae	study_condition	T2D	0.461306404442951	0.157033034511712	952	379	0.00338736758959223	0.0263326780304028
PWY.6936..seleno.amino.acid.biosynthesis	study_condition	T2D	0.161237128932751	0.0549120454845927	952	943	0.00340211271064504	0.0264235839230368
PWY.7199..pyrimidine.deoxyribonucleosides.salvage.g__Bacteroides.s__Bacteroides_caccae	study_condition	T2D	0.437208048849098	0.149032044115648	952	299	0.00343078820928798	0.0266224246347974
PWY.7111..pyruvate.fermentation.to.isobutanol..engineered..g__Bacteroides.s__Bacteroides_uniformis_CAG_3	BMI	BMI	-0.0312065267375946	0.0106451461269689	952	772	0.00345413078074314	0.0267685905552094
HISTSYN.PWY..L.histidine.biosynthesis.g__Bacteroides.s__Bacteroides_uniformis	BMI	BMI	-0.0301449697416279	0.0102835619693563	952	693	0.00345580649430994	0.0267685905552094
PWY.1042..glycolysis.IV..plant.cytosol..g__Eubacterium.s__Eubacterium_eligens_CAG_72	study_condition	T2D	-0.39416511418234	0.134504195155652	952	266	0.00346541075238897	0.0268189965287654
VALSYN.PWY..L.valine.biosynthesis.g__Eubacterium.s__Eubacterium_sp_CAG_180	age_category	senior	0.634570172096182	0.216623053031642	952	216	0.00347791079180954	0.0268917030866702
PWY.6700..queuosine.biosynthesis.g__Prevotella.s__Prevotella_copri	BMI	BMI	0.0342651686397597	0.0116995373536403	952	336	0.00348470701917387	0.0269159869803144
VALSYN.PWY..L.valine.biosynthesis.g__Eubacterium.s__Eubacterium_eligens	age_category	senior	0.828126282090641	0.282778609612798	952	415	0.00348726759721856	0.0269159869803144
PWY.7219..adenosine.ribonucleotides.de.novo.biosynthesis.g__Bacteroides.s__Bacteroides_uniformis_CAG_3	BMI	BMI	-0.0283654169133024	0.00968696913391855	952	749	0.00349092374733207	0.0269202134032909
PANTO.PWY..phosphopantothenate.biosynthesis.I.g__Alistipes.s__Alistipes_finegoldii	BMI	BMI	-0.0277965385106171	0.00949520149106255	952	265	0.00349953853330569	0.0269435898771844
SALVADEHYPOX.PWY..adenosine.nucleotides.degradation.II.unclassified	age_category	senior	0.53493978452766	0.18273715913274	952	653	0.00350017766880283	0.0269435898771844
GLCMANNANAUT.PWY..superpathway.of.N.acetylglucosamine..N.acetylmannosamine.and.N.acetylneuraminate.degradation.unclassified	gender	male	0.4035747877989	0.137924597740283	952	286	0.00351491687577446	0.0269953134680313
TRNA.CHARGING.PWY..tRNA.charging.g__Bacteroides.s__Bacteroides_thetaiotaomicron	study_condition	T2D	0.532123478139097	0.181844252288136	952	367	0.00351261368174626	0.0269953134680313
COA.PWY..coenzyme.A.biosynthesis.I.g__Alistipes.s__Alistipes_putredinis_CAG_67	BMI	BMI	-0.031047145103831	0.0106110173206934	952	427	0.00351624868267198	0.0269953134680313
PWY.5097..L.lysine.biosynthesis.VI.g__Eubacterium.s__Eubacterium_eligens_CAG_72	age_category	senior	0.675938234890199	0.231084320144427	952	343	0.00352592608092867	0.0270456331805512
GLUTORN.PWY..L.ornithine.biosynthesis.g__Eubacterium.s__Eubacterium_eligens	study_condition	T2D	-0.479832561386651	0.16406899799563	952	324	0.00353147606433559	0.0270642324930498
PWY.6897..thiamin.salvage.II.g__Bacteroides.s__Bacteroides_uniformis	BMI	BMI	-0.0277369413513037	0.00948957749178981	952	679	0.00355056015149489	0.0271864287461943
BRANCHED.CHAIN.AA.SYN.PWY..superpathway.of.branched.amino.acid.biosynthesis.g__Prevotella.s__Prevotella_copri	gender	male	0.618251827978819	0.211577042170325	952	313	0.00355930068573108	0.027229279097554
PWY.5103..L.isoleucine.biosynthesis.III.g__Prevotella.s__Prevotella_copri	gender	male	0.645503290913054	0.220934223743462	952	313	0.00356398178891725	0.027241025853507
COA.PWY..coenzyme.A.biosynthesis.I.g__Faecalibacterium.s__Faecalibacterium_prausnitzii	BMI	BMI	-0.0224421942406474	0.00768777580670444	952	698	0.00359236006021282	0.0274095490056766
GLCMANNANAUT.PWY..superpathway.of.N.acetylglucosamine..N.acetylmannosamine.and.N.acetylneuraminate.degradation.unclassified	study_condition	T2D	0.4109728705567	0.14077404934096	952	286	0.00359036896072521	0.0274095490056766
UNINTEGRATED.g__Oscillibacter.s__Oscillibacter_sp_CAG_241	BMI	BMI	-0.0253121471241756	0.00867705175909831	952	284	0.00361605136638283	0.0275660253810522
PWY.7111..pyruvate.fermentation.to.isobutanol..engineered..g__Faecalibacterium.s__Faecalibacterium_prausnitzii	BMI	BMI	-0.0249142087066207	0.00854314769624347	952	815	0.00362591025655477	0.0276164584422672
SER.GLYSYN.PWY..superpathway.of.L.serine.and.glycine.biosynthesis.I.g__Bacteroides.s__Bacteroides_vulgatus_CAG_6	BMI	BMI	0.0278010187009006	0.00953393187542388	952	713	0.00362904500084297	0.0276164584422672
PWY.6147..6.hydroxymethyl.dihydropterin.diphosphate.biosynthesis.I.g__Bacteroides.s__Bacteroides_uniformis_CAG_3	gender	male	-0.479941999801497	0.16463892711759	952	612	0.00363930630788616	0.0276702305762021
PWY.5667..CDP.diacylglycerol.biosynthesis.I.g__Bacteroides.s__Bacteroides_uniformis_CAG_3	gender	male	-0.485750747235142	0.166761621043674	952	678	0.00366566768517957	0.0278218073213454
PWY0.1319..CDP.diacylglycerol.biosynthesis.II.g__Bacteroides.s__Bacteroides_uniformis_CAG_3	gender	male	-0.485750747235142	0.166761621043674	952	678	0.00366566768517957	0.0278218073213454
PWY.5667..CDP.diacylglycerol.biosynthesis.I.g__Bacteroides.s__Bacteroides_vulgatus_CAG_6	BMI	BMI	0.0263649521988693	0.00905461161411091	952	645	0.0036781841452077	0.0278528566132157
PWY0.1319..CDP.diacylglycerol.biosynthesis.II.g__Bacteroides.s__Bacteroides_vulgatus_CAG_6	BMI	BMI	0.0263649521988693	0.00905461161411091	952	645	0.0036781841452077	0.0278528566132157
PWY.5695..urate.biosynthesis.inosine.5..phosphate.degradation.g__Eubacterium.s__Eubacterium_eligens_CAG_72	study_condition	T2D	-0.544539915276112	0.187020059753974	952	292	0.00367940738631856	0.0278528566132157
PEPTIDOGLYCANSYN.PWY..peptidoglycan.biosynthesis.I..meso.diaminopimelate.containing..g__Eubacterium.s__Eubacterium_eligens_CAG_72	study_condition	T2D	-0.493027198165926	0.169406120676383	952	329	0.00369506514309478	0.0279469555800881
SER.GLYSYN.PWY..superpathway.of.L.serine.and.glycine.biosynthesis.I.g__Bacteroides.s__Bacteroides_uniformis	BMI	BMI	-0.0258532724366645	0.00888734690610923	952	750	0.00371066940857876	0.0280404861067121
PWY.5103..L.isoleucine.biosynthesis.III.g__Bacteroides.s__Bacteroides_uniformis_CAG_3	BMI	BMI	-0.0286910139589814	0.00986452812606017	952	736	0.00371648825453431	0.0280599723489687
PWY.7111..pyruvate.fermentation.to.isobutanol..engineered..g__Eubacterium.s__Eubacterium_eligens	study_condition	T2D	-0.665088170578529	0.228762274978407	952	387	0.00373029532953878	0.0281396842803186
X1CMET2.PWY..N10.formyl.tetrahydrofolate.biosynthesis.g__Bacteroides.s__Bacteroides_vulgatus	BMI	BMI	0.0282565524483959	0.00972226380417956	952	719	0.0037416269874804	0.0281929149037285
PWY.5973..cis.vaccenate.biosynthesis.g__Bacteroides.s__Bacteroides_uniformis	BMI	BMI	-0.0261595928158316	0.00900134465682341	952	710	0.003743862833636	0.0281929149037285
PWY.6385..peptidoglycan.biosynthesis.III..mycobacteria..g__Lachnospira.s__Lachnospira_pectinoschiza	study_condition	T2D	-0.432539344676087	0.148866762853267	952	240	0.00375146422533406	0.0282256126771442
PWY.6700..queuosine.biosynthesis.g__Bacteroides.s__Bacteroides_fragilis	study_condition	T2D	0.497882546531511	0.171415887043518	952	286	0.00376356426550978	0.0282920716487106
DTDPRHAMSYN.PWY..dTDP.L.rhamnose.biosynthesis.I.g__Alistipes.s__Alistipes_putredinis	BMI	BMI	-0.0306093316862217	0.0105434751741996	952	384	0.00377998954248485	0.0283909015073017
PWY.7111..pyruvate.fermentation.to.isobutanol..engineered..g__Eubacterium.s__Eubacterium_eligens_CAG_72	age_category	senior	0.814374619068622	0.280594370121543	952	407	0.00378997901853858	0.0284412636919793
PWY.2942..L.lysine.biosynthesis.III.g__Bacteroides.s__Bacteroides_uniformis_CAG_3	BMI	BMI	-0.0308748204138489	0.0106537272226894	952	744	0.00384173901118597	0.0288047271314896
PHOSLIPSYN.PWY..superpathway.of.phospholipid.biosynthesis.I..bacteria..unclassified	gender	male	0.383987207346436	0.13256388224036	952	465	0.00385888904541468	0.0289082864474837
PWY.6386..UDP.N.acetylmuramoyl.pentapeptide.biosynthesis.II..lysine.containing..g__Prevotella.s__Prevotella_copri_CAG_164	gender	male	0.581005732026644	0.200656937615321	952	297	0.00387234694405044	0.0289840315777673
PWY.7219..adenosine.ribonucleotides.de.novo.biosynthesis.g__Prevotella.s__Prevotella_copri	BMI	BMI	0.0386370003843313	0.0133489613531603	952	362	0.00388625167622635	0.0290629874923318
PWY.5686..UMP.biosynthesis.g__Prevotella.s__Prevotella_copri_CAG_164	gender	male	0.46455941572749	0.160565028566051	952	271	0.00389981179229195	0.0291141121734899
PWY.6892..thiazole.biosynthesis.I..E..coli..g__Eubacterium.s__Eubacterium_eligens_CAG_72	age_category	senior	0.496464934814306	0.17158791886329	952	326	0.00389886351701975	0.0291141121734899
PWY.6163..chorismate.biosynthesis.from.3.dehydroquinate.g__Bacteroides.s__Bacteroides_vulgatus	BMI	BMI	0.0263799042955105	0.00912716754829306	952	661	0.00393710382235498	0.0293422350975095
PWY.6936..seleno.amino.acid.biosynthesis.g__Eubacterium.s__Eubacterium_eligens_CAG_72	age_category	senior	0.611101528542368	0.211434901560266	952	309	0.00393714517128246	0.0293422350975095
PWY.7219..adenosine.ribonucleotides.de.novo.biosynthesis	study_condition	T2D	-0.0783027258087935	0.0271343945305037	952	951	0.00399364109515754	0.0297376886363408
PWY.5103..L.isoleucine.biosynthesis.III.unclassified	BMI	BMI	-0.0209353325371448	0.00725840398486324	952	786	0.00401189249786996	0.0298479287212662
COA.PWY..coenzyme.A.biosynthesis.I.g__Ruminococcus.s__Ruminococcus_bicirculans	BMI	BMI	-0.0242154805512771	0.00840269933561864	952	198	0.00404255205709926	0.0300502152913988
PWY.3841..folate.transformations.II.g__Barnesiella.s__Barnesiella_intestinihominis	study_condition	T2D	-0.56797208927537	0.197192826904533	952	236	0.00406270698501507	0.0301741359264413
PWY.7219..adenosine.ribonucleotides.de.novo.biosynthesis.g__Faecalibacterium.s__Faecalibacterium_prausnitzii	BMI	BMI	-0.0199117783423872	0.00692005058623981	952	793	0.00409970052960461	0.0304227991314275
NONOXIPENT.PWY..pentose.phosphate.pathway..non.oxidative.branch..g__Fusicatenibacter.s__Fusicatenibacter_saccharivorans	BMI	BMI	-0.0253069561924391	0.00879648604605294	952	210	0.00410568438671857	0.0304411188261839
PWYG.321..mycolate.biosynthesis.g__Alistipes.s__Alistipes_finegoldii	gender	male	-0.388822971864791	0.135186968810535	952	228	0.00411539927629097	0.0304870468200854
PWY.3841..folate.transformations.II.g__Bacteroides.s__Bacteroides_vulgatus_CAG_6	BMI	BMI	0.0293582963216056	0.0102085648717003	952	710	0.00411976014766703	0.0304932674177748
PWY.5097..L.lysine.biosynthesis.VI.g__Bacteroides.s__Bacteroides_uniformis_CAG_3	BMI	BMI	-0.0313897830820949	0.0109186350169466	952	725	0.00413229862800691	0.0305599539867975
PWY.7234..inosine.5..phosphate.biosynthesis.III	study_condition	T2D	0.372772247501061	0.129723923368238	952	866	0.00414919724657189	0.0306326071230286
VALSYN.PWY..L.valine.biosynthesis.g__Eubacterium.s__Eubacterium_eligens_CAG_72	age_category	senior	0.861889620300861	0.299922803186893	952	415	0.00414758930416994	0.0306326071230286
HSERMETANA.PWY..L.methionine.biosynthesis.III.g__Eubacterium.s__Eubacterium_eligens_CAG_72	age_category	senior	0.601676141031909	0.209467796663575	952	349	0.00416455244051709	0.0307197820569659
PWY.6151..S.adenosyl.L.methionine.cycle.I.g__Eubacterium.s__Eubacterium_eligens_CAG_72	age_category	senior	0.82939314434206	0.288841004283213	952	390	0.00417700377795392	0.0307854065677284
PWY.7228..superpathway.of.guanosine.nucleotides.de.novo.biosynthesis.I.g__Bacteroides.s__Bacteroides_vulgatus	BMI	BMI	0.0317114531688888	0.0110462329070609	952	718	0.00418564153192428	0.0307966488245236
PWY.5030..L.histidine.degradation.III.g__Bacteroides.s__Bacteroides_vulgatus_CAG_6	BMI	BMI	0.0290539805728912	0.0101200765634642	952	698	0.00418391576487112	0.0307966488245236
PWY.5686..UMP.biosynthesis.g__Eubacterium.s__Eubacterium_eligens	study_condition	T2D	-0.483464782829847	0.168477829198085	952	322	0.00420126866393681	0.0308853876313181
PWY0.1586..peptidoglycan.maturation..meso.diaminopimelate.containing..g__Prevotella.s__Prevotella_copri	gender	male	0.640009825086351	0.223212906438842	952	292	0.00423222691181939	0.031060241573183
PWY0.1296..purine.ribonucleosides.degradation.g__Eubacterium.s__Eubacterium_eligens_CAG_72	study_condition	T2D	-0.574560943866557	0.200374552275327	952	353	0.00422993448834118	0.031060241573183
PWY.6387..UDP.N.acetylmuramoyl.pentapeptide.biosynthesis.I..meso.diaminopimelate.containing..g__Lachnospira.s__Lachnospira_pectinoschiza	study_condition	T2D	-0.445601886210349	0.155488875086954	952	245	0.00425148549046022	0.0311751603280148
GLCMANNANAUT.PWY..superpathway.of.N.acetylglucosamine..N.acetylmannosamine.and.N.acetylneuraminate.degradation.g__Faecalibacterium.s__Faecalibacterium_prausnitzii	study_condition	T2D	-0.405626115888737	0.141696170114228	952	447	0.00429380754571653	0.0314588606987353
FASYN.ELONG.PWY..fatty.acid.elongation....saturated.g__Alistipes.s__Alistipes_finegoldii	gender	male	-0.380607746374181	0.133000263502345	952	228	0.00430645443523754	0.0314982224739502
PWY.6737..starch.degradation.V.g__Roseburia.s__Roseburia_faecis	BMI	BMI	0.0253943069332403	0.00887359509029273	952	355	0.00430542197066844	0.0314982224739502
PWY.6123..inosine.5..phosphate.biosynthesis.I.g__Faecalibacterium.s__Faecalibacterium_prausnitzii	BMI	BMI	-0.021653340571513	0.00756784088350403	952	661	0.00431286626269698	0.0315184994387813
PWY.6385..peptidoglycan.biosynthesis.III..mycobacteria.	BMI	BMI	0.00360413646757825	0.00125990121598801	952	948	0.00432070697296779	0.031549175704807
ILEUSYN.PWY..L.isoleucine.biosynthesis.I..from.threonine..g__Bacteroides.s__Bacteroides_uniformis_CAG_3	BMI	BMI	-0.0264746455828788	0.0092623598884131	952	736	0.00435249641501136	0.031754523128895
PWY.6282..palmitoleate.biosynthesis.I..from..5Z..dodec.5.enoate..g__Alistipes.s__Alistipes_finegoldii	gender	male	-0.393877133088906	0.137871473654763	952	228	0.00437241517498784	0.0318729927739013
PWY.6737..starch.degradation.V.g__Eubacterium.s__Eubacterium_eligens	study_condition	T2D	-0.455251326098492	0.15945299788714	952	296	0.00439652491920689	0.0320217878892613
PWY.2942..L.lysine.biosynthesis.III.g__Bacteroides.s__Bacteroides_uniformis	BMI	BMI	-0.0283479281204187	0.00993154638047294	952	753	0.0044068269844755	0.0320698501559309
DTDPRHAMSYN.PWY..dTDP.L.rhamnose.biosynthesis.I.g__Bacteroides.s__Bacteroides_caccae	study_condition	T2D	0.544894298285701	0.190980096911423	952	358	0.00442314724991043	0.0321157498653162
PWY.7111..pyruvate.fermentation.to.isobutanol..engineered.	gender	male	0.0735597392304317	0.0257825902020024	952	949	0.00442410091426196	0.0321157498653162
PWY.5097..L.lysine.biosynthesis.VI.g__Barnesiella.s__Barnesiella_intestinihominis	study_condition	T2D	-0.347251299396613	0.121711606928826	952	218	0.00442425976782012	0.0321157498653162
ARGSYNBSUB.PWY..L.arginine.biosynthesis.II..acetyl.cycle.	BMI	BMI	-0.00798732067545382	0.00280115840225756	952	942	0.00444683105806922	0.032231069790643
PWY.5989..stearate.biosynthesis.II..bacteria.and.plants..g__Alistipes.s__Alistipes_finegoldii	gender	male	-0.390171241632526	0.136835926708731	952	228	0.00444758988450559	0.032231069790643
PWY.7664..oleate.biosynthesis.IV..anaerobic..g__Alistipes.s__Alistipes_finegoldii	gender	male	-0.383992766187071	0.134709699411822	952	228	0.00445952509353261	0.0322366338146848
PWY.5304..superpathway.of.sulfur.oxidation..Acidianus.ambivalens.	age_category	senior	0.97848383868738	0.343260209925341	952	681	0.0044589760720022	0.0322366338146848
ASPASN.PWY..superpathway.of.L.aspartate.and.L.asparagine.biosynthesis.g__Prevotella.s__Prevotella_copri	BMI	BMI	0.0354991981575704	0.0124520515762326	952	340	0.00445464950777538	0.0322366338146848
UNINTEGRATED.g__Eubacterium.s__Eubacterium_eligens	age_category	senior	0.675385232760725	0.236967558230127	952	484	0.00446514033941792	0.0322503047033855
DTDPRHAMSYN.PWY..dTDP.L.rhamnose.biosynthesis.I.g__Bacteroides.s__Bacteroides_uniformis	BMI	BMI	-0.0299476353792384	0.010511758379787	952	757	0.00448119293057239	0.0323392756489641
PWY.5686..UMP.biosynthesis.g__Prevotella.s__Prevotella_copri	BMI	BMI	0.0303483465906345	0.0106560658453747	952	328	0.00449486009890737	0.0324108979654769
PYRIDNUCSYN.PWY..NAD.biosynthesis.I..from.aspartate..g__Bacteroides.s__Bacteroides_uniformis	BMI	BMI	-0.022396009717191	0.00787123994990237	952	661	0.00453269143038975	0.0326564956632074
PWY0.1586..peptidoglycan.maturation..meso.diaminopimelate.containing..g__Prevotella.s__Prevotella_copri_CAG_164	gender	male	0.508265394331955	0.178668815520108	952	292	0.00454061964278751	0.032659274174867
PWY.6385..peptidoglycan.biosynthesis.III..mycobacteria..g__Alistipes.s__Alistipes_putredinis	BMI	BMI	-0.0250319823919593	0.00879917437642516	952	386	0.00453955183906831	0.032659274174867
GLYCOGENSYNTH.PWY..glycogen.biosynthesis.I..from.ADP.D.Glucose..g__Lachnospira.s__Lachnospira_pectinoschiza	study_condition	T2D	-0.324336693554113	0.114085694277429	952	233	0.00456630648896566	0.0328167752650976
PWY0.1296..purine.ribonucleosides.degradation.g__Eubacterium.s__Eubacterium_eligens	gender	male	-0.558788515422605	0.196581485901813	952	319	0.00457189131775708	0.0328296673397813
PWY.5667..CDP.diacylglycerol.biosynthesis.I.g__Faecalibacterium.s__Faecalibacterium_prausnitzii	BMI	BMI	-0.0222050344368108	0.00781428439161593	952	656	0.00458517999108238	0.0328705784128919
PWY0.1319..CDP.diacylglycerol.biosynthesis.II.g__Faecalibacterium.s__Faecalibacterium_prausnitzii	BMI	BMI	-0.0222050344368108	0.00781428439161593	952	656	0.00458517999108238	0.0328705784128919
PWY.1042..glycolysis.IV..plant.cytosol..g__Eubacterium.s__Eubacterium_eligens_CAG_72	age_category	senior	0.446748641399024	0.15723372455518	952	266	0.00458935122805205	0.0328732685152446
PWY.6700..queuosine.biosynthesis	BMI	BMI	0.00387375676602393	0.00136364344833017	952	950	0.00459738686102919	0.0329036117491841
PWY.5686..UMP.biosynthesis	study_condition	T2D	-0.0764948072082764	0.0269471034246177	952	950	0.00462659345381795	0.03298244026255
PWY.5097..L.lysine.biosynthesis.VI.g__Bacteroides.s__Bacteroides_uniformis	BMI	BMI	-0.0307719467546709	0.0108371509839043	952	732	0.00461533182271485	0.03298244026255
PYRIDOXSYN.PWY..pyridoxal.5..phosphate.biosynthesis.I.g__Parabacteroides.s__Parabacteroides_distasonis	study_condition	T2D	0.449326258996115	0.158286656986906	952	250	0.00462681633074839	0.03298244026255
PWY.5686..UMP.biosynthesis.g__Eubacterium.s__Eubacterium_eligens	age_category	senior	0.559112120719407	0.196948478514971	952	322	0.00462411255647046	0.03298244026255
PWY.6386..UDP.N.acetylmuramoyl.pentapeptide.biosynthesis.II..lysine.containing..g__Roseburia.s__Roseburia_inulinivorans	study_condition	T2D	0.364726590972425	0.128486238315562	952	213	0.00462744398602751	0.03298244026255
PWY.5695..urate.biosynthesis.inosine.5..phosphate.degradation.g__Bacteroides.s__Bacteroides_uniformis	BMI	BMI	-0.033231839562584	0.0117206522935668	952	751	0.00467539392019585	0.0332444754696304
PWY.6122..5.aminoimidazole.ribonucleotide.biosynthesis.II.g__Bacteroides.s__Bacteroides_uniformis_CAG_3	BMI	BMI	-0.0328979938440026	0.0116040824647054	952	749	0.00467956300201842	0.0332444754696304
PWY.6277..superpathway.of.5.aminoimidazole.ribonucleotide.biosynthesis.g__Bacteroides.s__Bacteroides_uniformis_CAG_3	BMI	BMI	-0.0328979938440026	0.0116040824647054	952	749	0.00467956300201842	0.0332444754696304
PWY0.862...5Z..dodec.5.enoate.biosynthesis.g__Alistipes.s__Alistipes_finegoldii	gender	male	-0.387950900794363	0.136838475547853	952	228	0.00467862179405831	0.0332444754696304
GLCMANNANAUT.PWY..superpathway.of.N.acetylglucosamine..N.acetylmannosamine.and.N.acetylneuraminate.degradation	study_condition	T2D	0.295365349262209	0.104313257592241	952	896	0.00473084275439002	0.0335812280762439
ASPASN.PWY..superpathway.of.L.aspartate.and.L.asparagine.biosynthesis.g__Bacteroides.s__Bacteroides_uniformis	BMI	BMI	-0.0249310212273438	0.00880632463892726	952	742	0.00473798642273751	0.0336043918271145
HISTSYN.PWY..L.histidine.biosynthesis.g__Roseburia.s__Roseburia_inulinivorans	study_condition	T2D	0.407422317327884	0.143968255888163	952	227	0.00475402585424753	0.0336905596544874
VALSYN.PWY..L.valine.biosynthesis.g__Bacteroides.s__Bacteroides_cellulosilyticus	BMI	BMI	-0.0318717488246914	0.0112646638260145	952	251	0.00476271149910434	0.0336969620769964
PWY.6527..stachyose.degradation.g__Roseburia.s__Roseburia_inulinivorans	study_condition	T2D	0.563687283057505	0.199212964878766	952	262	0.00475954182231989	0.0336969620769964
PWY.6122..5.aminoimidazole.ribonucleotide.biosynthesis.II.g__Bacteroides.s__Bacteroides_uniformis	BMI	BMI	-0.0320468408193408	0.0113291111272456	952	748	0.00477216646102305	0.0337087777752525
PWY.6277..superpathway.of.5.aminoimidazole.ribonucleotide.biosynthesis.g__Bacteroides.s__Bacteroides_uniformis	BMI	BMI	-0.0320468408193408	0.0113291111272456	952	748	0.00477216646102305	0.0337087777752525
PYRIDOXSYN.PWY..pyridoxal.5..phosphate.biosynthesis.I	gender	male	-0.351389939695323	0.124246340285239	952	893	0.00478022805107289	0.033738202870653
PWY.5103..L.isoleucine.biosynthesis.III.unclassified	age_category	senior	0.474678131657973	0.167883708660651	952	786	0.00479133079152183	0.0337890265916767
PWY.6737..starch.degradation.V.g__Eubacterium.s__Eubacterium_sp_CAG_180	study_condition	T2D	0.451032104968717	0.159648243423143	952	212	0.00482497653804569	0.0339986141736987
PWY0.845..superpathway.of.pyridoxal.5..phosphate.biosynthesis.and.salvage.g__Parabacteroides.s__Parabacteroides_distasonis	study_condition	T2D	0.358642762834746	0.126961134032632	952	239	0.00483003268010223	0.0340065715525897
PWY.6387..UDP.N.acetylmuramoyl.pentapeptide.biosynthesis.I..meso.diaminopimelate.containing..g__Bacteroides.s__Bacteroides_vulgatus_CAG_6	BMI	BMI	0.0269633798303989	0.00955858002534483	952	731	0.0048896526679437	0.0343983688906518
PYRIDNUCSYN.PWY..NAD.biosynthesis.I..from.aspartate..unclassified	BMI	BMI	-0.0211747972489139	0.00751147440805719	952	742	0.00491787702391582	0.0345408069968459
SER.GLYSYN.PWY..superpathway.of.L.serine.and.glycine.biosynthesis.I.g__Eubacterium.s__Eubacterium_eligens	age_category	senior	0.547298910250469	0.194134853850502	952	341	0.00491521502455786	0.0345408069968459
PWY.6151..S.adenosyl.L.methionine.cycle.I.g__Prevotella.s__Prevotella_copri_CAG_164	gender	male	0.666586382242074	0.236518029897279	952	324	0.00492793173769891	0.0345833783212906
PWY.4041...gamma..glutamyl.cycle	BMI	BMI	-0.0249969618956743	0.00887252038241578	952	805	0.00494295868230758	0.0346327040362327
PWY.7357..thiamin.formation.from.pyrithiamine.and.oxythiamine..yeast..g__Lachnospira.s__Lachnospira_pectinoschiza	study_condition	T2D	-0.447981307612095	0.158995078501285	952	245	0.00493939657994986	0.0346327040362327
PWY.7221..guanosine.ribonucleotides.de.novo.biosynthesis.g__Prevotella.s__Prevotella_copri_CAG_164	BMI	BMI	0.0364890362214592	0.0129581201166975	952	344	0.00496476109166585	0.0347573411914521
PWY.6386..UDP.N.acetylmuramoyl.pentapeptide.biosynthesis.II..lysine.containing..g__Bacteroides.s__Bacteroides_vulgatus	BMI	BMI	0.0254780300351013	0.00904945350843297	952	711	0.00497240571542156	0.0347827411111072
VALSYN.PWY..L.valine.biosynthesis.g__Roseburia.s__Roseburia_faecis	BMI	BMI	0.0290007898529568	0.0103017623778749	952	418	0.00497690282784227	0.0347861004754754
COBALSYN.PWY..adenosylcobalamin.salvage.from.cobinamide.I.g__Faecalibacterium.s__Faecalibacterium_prausnitzii	study_condition	T2D	-0.403087541892467	0.143214270299317	952	481	0.00498539126448341	0.03481732931486
PWY.5973..cis.vaccenate.biosynthesis.g__Bacteroides.s__Bacteroides_caccae	BMI	BMI	-0.0304645772436079	0.0108313025634103	952	422	0.00501522638651202	0.0349692918737472
HISDEG.PWY..L.histidine.degradation.I.unclassified	study_condition	T2D	-0.540752873856739	0.192245075162613	952	581	0.00501230824621824	0.0349692918737472
PWY.1269..CMP.3.deoxy.D.manno.octulosonate.biosynthesis.I.g__Bacteroides.s__Bacteroides_uniformis	gender	male	-0.500626559174228	0.178046208610793	952	600	0.00502859139165987	0.0350342730907276
PWY0.1586..peptidoglycan.maturation..meso.diaminopimelate.containing..g__Bacteroides.s__Bacteroides_vulgatus_CAG_6	BMI	BMI	0.0302443870912518	0.0107587462352122	952	690	0.00503843739002336	0.0350545627826666
PWY.7663..gondoate.biosynthesis..anaerobic..g__Bacteroides.s__Bacteroides_uniformis	BMI	BMI	-0.0249197485759192	0.00886486429747628	952	715	0.0050395993838822	0.0350545627826666
COA.PWY..coenzyme.A.biosynthesis.I.g__Bacteroides.s__Bacteroides_fragilis	study_condition	T2D	0.44178367956034	0.157376958298108	952	298	0.00510051354225827	0.0354497971717148
PANTOSYN.PWY..pantothenate.and.coenzyme.A.biosynthesis.I.g__Alistipes.s__Alistipes_finegoldii	BMI	BMI	-0.0184148771046215	0.00656200749209126	952	189	0.00511437357240753	0.0355046219456365
PWY.6507..4.deoxy.L.threo.hex.4.enopyranuronate.degradation	BMI	BMI	-0.0133977000329222	0.00477441369634754	952	897	0.00511660140740812	0.0355046219456365
PWY.6386..UDP.N.acetylmuramoyl.pentapeptide.biosynthesis.II..lysine.containing..g__Alistipes.s__Alistipes_putredinis	BMI	BMI	-0.0248639598331022	0.00886295582503558	952	389	0.00512866841192388	0.035559862647927
PWY.7111..pyruvate.fermentation.to.isobutanol..engineered..g__Ruminococcaceae_unclassified.s__Eubacterium_siraeum	age_category	senior	0.525669562023362	0.187623417105522	952	173	0.00518661109128409	0.0359328416404162
PWY.5154..L.arginine.biosynthesis.III..via.N.acetyl.L.citrulline..unclassified	study_condition	T2D	0.446311938454857	0.159319531559281	952	580	0.00519240420929154	0.0359442209851836
PWY.6386..UDP.N.acetylmuramoyl.pentapeptide.biosynthesis.II..lysine.containing..g__Lachnospira.s__Lachnospira_pectinoschiza	study_condition	T2D	-0.405158406679507	0.144665152384064	952	224	0.00520358766176061	0.0359928667339033
HSERMETANA.PWY..L.methionine.biosynthesis.III.g__Roseburia.s__Roseburia_faecis	BMI	BMI	0.0198413501184169	0.00709430046574216	952	338	0.00526566742608651	0.0363932002473337
ILEUSYN.PWY..L.isoleucine.biosynthesis.I..from.threonine..g__Eubacterium.s__Eubacterium_eligens_CAG_72	gender	male	-0.401753243512983	0.143677167637312	952	331	0.00527504164592471	0.0364289159917927
PWY.5659..GDP.mannose.biosynthesis.g__Bacteroides.s__Bacteroides_dorei	BMI	BMI	-0.0239205104039808	0.0085566621979228	952	213	0.00528605419497206	0.0364758799429945
X1CMET2.PWY..N10.formyl.tetrahydrofolate.biosynthesis.g__Barnesiella.s__Barnesiella_intestinihominis	study_condition	T2D	-0.308358531267799	0.110314309734902	952	218	0.00529043367590875	0.0364770347399441
PWY.3841..folate.transformations.II.g__Barnesiella.s__Barnesiella_intestinihominis	BMI	BMI	-0.027848335113954	0.00996629107036982	952	236	0.00530700553932825	0.0365200170117746
PWY66.422..D.galactose.degradation.V..Leloir.pathway..g__Roseburia.s__Roseburia_faecis	BMI	BMI	0.0302226858430954	0.0108175701158141	952	321	0.0053135359624522	0.0365200170117746
PWY.6385..peptidoglycan.biosynthesis.III..mycobacteria..g__Eubacterium.s__Eubacterium_eligens_CAG_72	study_condition	T2D	-0.438657829388786	0.156971399614915	952	263	0.00530285107276773	0.0365200170117746
COA.PWY..coenzyme.A.biosynthesis.I.g__Eubacterium.s__Eubacterium_eligens_CAG_72	age_category	senior	0.673165395321536	0.240941622108427	952	345	0.00531284264016528	0.0365200170117746
RIBOSYN2.PWY..flavin.biosynthesis.I..bacteria.and.plants..g__Bacteroides.s__Bacteroides_uniformis_CAG_3	BMI	BMI	-0.0273065877394935	0.00978292861593642	952	635	0.00535609949411251	0.0367833636946981
PWY0.1586..peptidoglycan.maturation..meso.diaminopimelate.containing..g__Bacteroides.s__Bacteroides_vulgatus	BMI	BMI	0.0303544162294225	0.0108762528140985	952	667	0.0053620045454893	0.0367947380062895
PWY.6385..peptidoglycan.biosynthesis.III..mycobacteria..g__Roseburia.s__Roseburia_inulinivorans	study_condition	T2D	0.361466213099134	0.129529930642867	952	210	0.00536675850650285	0.0367982016360369
PWY.6609..adenine.and.adenosine.salvage.III.g__Prevotella.s__Prevotella_copri_CAG_164	gender	male	0.646502423403213	0.231830622878149	952	326	0.00539833723470152	0.0369854433959772
PWY.6386..UDP.N.acetylmuramoyl.pentapeptide.biosynthesis.II..lysine.containing..g__Alistipes.s__Alistipes_putredinis_CAG_67	BMI	BMI	-0.0285908345980193	0.0102626519447408	952	378	0.00544435410864604	0.0372712304987152
PWY.2942..L.lysine.biosynthesis.III.g__Bacteroides.s__Bacteroides_vulgatus_CAG_6	BMI	BMI	0.0222986215940796	0.00800819679822964	952	625	0.00546832402837939	0.0374057552020265
PWY.5695..urate.biosynthesis.inosine.5..phosphate.degradation.g__Prevotella.s__Prevotella_copri_CAG_164	gender	male	0.563900514636091	0.202648812980365	952	304	0.00549893214340324	0.0375854399067656
PWY.841..superpathway.of.purine.nucleotides.de.novo.biosynthesis.I	BMI	BMI	0.0058275293947356	0.00209477944326318	952	938	0.00551103136583468	0.0376384318833819
PWY.5188..tetrapyrrole.biosynthesis.I..from.glutamate..g__Eubacterium.s__Eubacterium_eligens_CAG_72	study_condition	T2D	-0.445719469151961	0.160283932172996	952	300	0.00552988647179282	0.037737444322873
PWY.7111..pyruvate.fermentation.to.isobutanol..engineered..g__Bacteroides.s__Bacteroides_caccae	BMI	BMI	-0.0318428080946404	0.0114527970792712	952	448	0.00553765943407075	0.0377607328338997
PWY.6387..UDP.N.acetylmuramoyl.pentapeptide.biosynthesis.I..meso.diaminopimelate.containing..g__Bacteroides.s__Bacteroides_uniformis_CAG_3	BMI	BMI	-0.0268394316736603	0.00965611241198423	952	692	0.00555161925372565	0.0378230895529869
PWY.7357..thiamin.formation.from.pyrithiamine.and.oxythiamine..yeast..g__Faecalibacterium.s__Faecalibacterium_prausnitzii	study_condition	T2D	-0.574900489444394	0.206851081298759	952	684	0.00555553925073895	0.0378230895529869
UNINTEGRATED.g__Bacteroides.s__Bacteroides_uniformis_CAG_3	BMI	BMI	-0.030516900157238	0.0109840299207699	952	854	0.00557251356153245	0.0378522126527122
PWY.5097..L.lysine.biosynthesis.VI.g__Prevotella.s__Prevotella_copri_CAG_164	BMI	BMI	0.0310143349423334	0.0111620833340688	952	328	0.005568324966634	0.0378522126527122
GLUTORN.PWY..L.ornithine.biosynthesis.g__Eubacterium.s__Eubacterium_eligens	gender	male	-0.44660186689013	0.160748026046973	952	324	0.00557292969194088	0.0378522126527122
PWY.6123..inosine.5..phosphate.biosynthesis.I.g__Bacteroides.s__Bacteroides_caccae	study_condition	T2D	0.519552836570497	0.187177320337104	952	397	0.00561641752936406	0.0381176926365931
PANTOSYN.PWY..pantothenate.and.coenzyme.A.biosynthesis.I.g__Bacteroides.s__Bacteroides_vulgatus	BMI	BMI	0.0323240548328675	0.0116560186279732	952	690	0.00566044709593402	0.0383606485885733
PWY.7187..pyrimidine.deoxyribonucleotides.de.novo.biosynthesis.II.unclassified	BMI	BMI	-0.0201986265311037	0.00728369809090891	952	695	0.00566107493027676	0.0383606485885733
PWY.6121..5.aminoimidazole.ribonucleotide.biosynthesis.I.g__Bacteroides.s__Bacteroides_uniformis	BMI	BMI	-0.0308217100000292	0.0111180461894271	952	697	0.00567669787674557	0.0384364375391842
P164.PWY..purine.nucleobases.degradation.I..anaerobic..unclassified	BMI	BMI	-0.0157070047961253	0.00566760664267343	952	236	0.00569157269287734	0.0385070465002482
PWY.6163..chorismate.biosynthesis.from.3.dehydroquinate.g__Bacteroides.s__Bacteroides_caccae	study_condition	T2D	0.485094493255806	0.175065937761137	952	315	0.00569920935169914	0.0385286127913463
PWY0.1586..peptidoglycan.maturation..meso.diaminopimelate.containing..g__Bacteroides.s__Bacteroides_uniformis	BMI	BMI	-0.031211764799584	0.0112692966840139	952	696	0.00572174765450781	0.0385906033395932
PWY.5690..TCA.cycle.II..plants.and.fungi..unclassified	study_condition	T2D	0.427332699861786	0.154284852106811	952	366	0.00571937878884803	0.0385906033395932
PWY.724..superpathway.of.L.lysine..L.threonine.and.L.methionine.biosynthesis.II.g__Lachnospira.s__Lachnospira_pectinoschiza	study_condition	T2D	-0.290106349390944	0.104727412621885	952	220	0.00571338131449822	0.0385906033395932
BRANCHED.CHAIN.AA.SYN.PWY..superpathway.of.branched.amino.acid.biosynthesis.unclassified	BMI	BMI	-0.0213853920162854	0.0077228207599881	952	763	0.00573066926429381	0.0386206971430229
HISTSYN.PWY..L.histidine.biosynthesis.g__Bacteroides.s__Bacteroides_vulgatus	BMI	BMI	0.0270437748025577	0.00976751752690168	952	701	0.00573714042406458	0.0386342426690508
PWY0.162..superpathway.of.pyrimidine.ribonucleotides.de.novo.biosynthesis	BMI	BMI	-0.0127027860872807	0.00459035519119117	952	906	0.00576283924569043	0.0387771467503334
RIBOSYN2.PWY..flavin.biosynthesis.I..bacteria.and.plants..g__Bacteroides.s__Bacteroides_uniformis	BMI	BMI	-0.031088904894393	0.0112395059190399	952	685	0.00578460103305029	0.0388933578774965
PPGPPMET.PWY..ppGpp.biosynthesis	BMI	BMI	0.0246296247381618	0.00890958365050153	952	551	0.00581354816733374	0.0390237814690588
PWY.6700..queuosine.biosynthesis.g__Prevotella.s__Prevotella_copri_CAG_164	BMI	BMI	0.0297924785817357	0.0107766357518682	952	317	0.00581095595324342	0.0390237814690588
PEPTIDOGLYCANSYN.PWY..peptidoglycan.biosynthesis.I..meso.diaminopimelate.containing..g__Lachnospira.s__Lachnospira_pectinoschiza	study_condition	T2D	-0.397190497072525	0.143692380265014	952	217	0.00581751753770842	0.0390237814690588
PWY.7663..gondoate.biosynthesis..anaerobic..g__Bacteroides.s__Bacteroides_thetaiotaomicron	study_condition	T2D	0.466985361938812	0.169317355037068	952	376	0.00592674057651207	0.0397256760004602
PWY.6151..S.adenosyl.L.methionine.cycle.I.g__Faecalibacterium.s__Faecalibacterium_prausnitzii	BMI	BMI	-0.0240153246358775	0.00871655977428123	952	720	0.00597928055612029	0.0400468442505813
PWY.7111..pyruvate.fermentation.to.isobutanol..engineered..g__Eubacterium.s__Eubacterium_sp_CAG_180	study_condition	T2D	0.560283622098863	0.20339653730666	952	216	0.00598836838169413	0.0400767157538417
TRNA.CHARGING.PWY..tRNA.charging.g__Gemmiger.s__Gemmiger_formicilis	study_condition	T2D	-0.338277047478109	0.122909309477393	952	353	0.0060318548229254	0.0403097950210186
PWY.1269..CMP.3.deoxy.D.manno.octulosonate.biosynthesis.I	gender	male	0.185472233115694	0.0673902029382674	952	944	0.00603250512092843	0.0403097950210186
PWY.6121..5.aminoimidazole.ribonucleotide.biosynthesis.I.g__Roseburia.s__Roseburia_inulinivorans_CAG_15	study_condition	T2D	0.416898094739142	0.151551904305646	952	209	0.00605728292530658	0.0404316747730554
PWY.5097..L.lysine.biosynthesis.VI.g__Eubacterium.s__Eubacterium_eligens	study_condition	T2D	-0.407309849574641	0.148074574374355	952	342	0.00606008243134248	0.0404316747730554
DTDPRHAMSYN.PWY..dTDP.L.rhamnose.biosynthesis.I.g__Bacteroides.s__Bacteroides_uniformis_CAG_3	BMI	BMI	-0.0291761794036662	0.0106101469925878	952	746	0.00607606685690775	0.0404452515375672
PWY.7234..inosine.5..phosphate.biosynthesis.III.g__Alistipes.s__Alistipes_putredinis_CAG_67	BMI	BMI	-0.0206487464247738	0.00750908809870303	952	312	0.00607612843537817	0.0404452515375672
PWY.2942..L.lysine.biosynthesis.III.g__Eubacterium.s__Eubacterium_eligens_CAG_72	age_category	senior	0.454868647881986	0.165398005128305	952	285	0.00607039562473765	0.0404452515375672
PWY.6121..5.aminoimidazole.ribonucleotide.biosynthesis.I.g__Bacteroides.s__Bacteroides_vulgatus	BMI	BMI	0.0275245911258833	0.0100119182209542	952	707	0.00608812205192889	0.0404628833228735
PWY.6703..preQ0.biosynthesis.g__Eubacterium.s__Eubacterium_eligens_CAG_72	age_category	senior	0.530629697961805	0.193012435315132	952	336	0.00608780953394214	0.0404628833228735
PWY.6168..flavin.biosynthesis.III..fungi.	BMI	BMI	0.00570901226272138	0.00207702101263203	952	939	0.00609786692283913	0.0404965702084255
PWY.6126..superpathway.of.adenosine.nucleotides.de.novo.biosynthesis.II.g__Bacteroides.s__Bacteroides_vulgatus	BMI	BMI	0.0263554286668874	0.0095946976778306	952	692	0.00613078654552214	0.0406839934744994
PWY.5686..UMP.biosynthesis.g__Bacteroides.s__Bacteroides_vulgatus_CAG_6	BMI	BMI	0.0245483687400483	0.00894239519697575	952	630	0.0061625158813723	0.0408319720984576
POLYISOPRENSYN.PWY..polyisoprenoid.biosynthesis..E..coli.	study_condition	T2D	0.313906036803686	0.11434417825346	952	884	0.00616053431285444	0.0408319720984576
PWY.6608..guanosine.nucleotides.degradation.III.unclassified	age_category	senior	0.464324823053164	0.169209533160889	952	725	0.00618275981005728	0.0409347858983915
NONOXIPENT.PWY..pentose.phosphate.pathway..non.oxidative.branch.	study_condition	T2D	0.15819336268686	0.0577141137722008	952	944	0.00624091732591537	0.0412882689399749
PWY66.409..superpathway.of.purine.nucleotide.salvage	study_condition	T2D	0.379192928809638	0.138395138681406	952	468	0.00626078115119083	0.0413880647093989
ILEUSYN.PWY..L.isoleucine.biosynthesis.I..from.threonine.	gender	male	0.0704135433593928	0.0257075867379944	952	949	0.00627802651272123	0.0414388030489069
VALSYN.PWY..L.valine.biosynthesis	gender	male	0.0704135433593928	0.0257075867379944	952	949	0.00627802651272123	0.0414388030489069
PWY.6151..S.adenosyl.L.methionine.cycle.I.g__Lachnospiraceae_unclassified.s__Eubacterium_rectale	study_condition	T2D	-0.511598188331941	0.186801570209457	952	285	0.00628357349284695	0.0414438282163401
VALSYN.PWY..L.valine.biosynthesis.g__Faecalibacterium.s__Faecalibacterium_prausnitzii	BMI	BMI	-0.0196419438351039	0.00717387058651	952	777	0.0062976388439093	0.0415049865968451
PWY.6122..5.aminoimidazole.ribonucleotide.biosynthesis.II.g__Eubacterium.s__Eubacterium_sp_CAG_180	age_category	senior	0.6894205756446	0.251869514124587	952	203	0.00631229768692741	0.0415068321706844
PWY.6277..superpathway.of.5.aminoimidazole.ribonucleotide.biosynthesis.g__Eubacterium.s__Eubacterium_sp_CAG_180	age_category	senior	0.6894205756446	0.251869514124587	952	203	0.00631229768692741	0.0415068321706844
PWY.6121..5.aminoimidazole.ribonucleotide.biosynthesis.I.g__Bacteroides.s__Bacteroides_ovatus	age_category	senior	-0.669027874986639	0.244404977416855	952	377	0.00630923518950025	0.0415068321706844
PWY.6122..5.aminoimidazole.ribonucleotide.biosynthesis.II.g__Alistipes.s__Alistipes_finegoldii	gender	male	-0.519697512223479	0.189922896091749	952	360	0.00632854967598809	0.0415349665963838
PWY.6277..superpathway.of.5.aminoimidazole.ribonucleotide.biosynthesis.g__Alistipes.s__Alistipes_finegoldii	gender	male	-0.519697512223479	0.189922896091749	952	360	0.00632854967598809	0.0415349665963838
PYRIDOXSYN.PWY..pyridoxal.5..phosphate.biosynthesis.I.g__Bacteroides.s__Bacteroides_thetaiotaomicron	study_condition	T2D	0.470676555717363	0.172016196308775	952	282	0.00633096488536104	0.0415349665963838
PWY.1269..CMP.3.deoxy.D.manno.octulosonate.biosynthesis.I.g__Bacteroides.s__Bacteroides_caccae	study_condition	T2D	0.361747613528021	0.132228887641348	952	294	0.00633985611908109	0.0415618122568072
PWY.1042..glycolysis.IV..plant.cytosol..g__Prevotella.s__Prevotella_copri_CAG_164	BMI	BMI	0.0269228092389475	0.00984409810433352	952	323	0.00635611116288522	0.041636855272758
VALSYN.PWY..L.valine.biosynthesis.g__Eubacterium.s__Eubacterium_sp_CAG_180	study_condition	T2D	0.506329163737703	0.185308269473423	952	216	0.00640526926222059	0.0418954923042525
PWY.2942..L.lysine.biosynthesis.III.g__Prevotella.s__Prevotella_copri_CAG_164	BMI	BMI	0.0321040149155624	0.0117488121035809	952	322	0.00640196330072578	0.0418954923042525
PWY.6125..superpathway.of.guanosine.nucleotides.de.novo.biosynthesis.II.g__Bacteroides.s__Bacteroides_vulgatus	BMI	BMI	0.0307669164479219	0.0112626858293437	952	706	0.00641694450188734	0.0419401806689391
PWY.6122..5.aminoimidazole.ribonucleotide.biosynthesis.II.g__Eubacterium.s__Eubacterium_sp_CAG_180	study_condition	T2D	0.5880657391416	0.215459542012463	952	203	0.00646348108333256	0.0421806678083346
PWY.6277..superpathway.of.5.aminoimidazole.ribonucleotide.biosynthesis.g__Eubacterium.s__Eubacterium_sp_CAG_180	study_condition	T2D	0.5880657391416	0.215459542012463	952	203	0.00646348108333256	0.0421806678083346
PWY.7221..guanosine.ribonucleotides.de.novo.biosynthesis.g__Faecalibacterium.s__Faecalibacterium_prausnitzii	BMI	BMI	-0.0182553414473631	0.00669006765513001	952	724	0.00647579641268023	0.0422292145585925
PWY.6125..superpathway.of.guanosine.nucleotides.de.novo.biosynthesis.II	study_condition	T2D	0.121440291290558	0.0445413353955633	952	942	0.00651996090470983	0.0424852230510061
VALSYN.PWY..L.valine.biosynthesis.unclassified	BMI	BMI	-0.0160349452303592	0.00588189831394657	952	905	0.00652606586360851	0.04249076569146
GLUDEG.I.PWY..GABA.shunt	age_category	senior	0.709310140124032	0.260211387653237	952	615	0.00653100484313593	0.04249076569146
DTDPRHAMSYN.PWY..dTDP.L.rhamnose.biosynthesis.I.g__Eubacterium.s__Eubacterium_eligens_CAG_72	gender	male	-0.572862125125097	0.210173021551381	952	422	0.00653553116640008	0.04249076569146
PWY.7229..superpathway.of.adenosine.nucleotides.de.novo.biosynthesis.I.g__Bacteroides.s__Bacteroides_vulgatus	BMI	BMI	0.0261581310652521	0.00959879597212348	952	692	0.00654579259681115	0.0425255543048646
PYRIDOXSYN.PWY..pyridoxal.5..phosphate.biosynthesis.I.g__Bacteroides.s__Bacteroides_uniformis_CAG_3	BMI	BMI	-0.0286384204754486	0.0105174841686271	952	636	0.00658944384711167	0.0427541158916409
PWY.2941..L.lysine.biosynthesis.II	study_condition	T2D	0.311862556277163	0.114534772678603	952	844	0.00659084811955434	0.0427541158916409
UNINTEGRATED.g__Bacteroides.s__Bacteroides_uniformis	BMI	BMI	-0.0176530875451597	0.00648424894199639	952	853	0.00659890265962818	0.042774324126033
CALVIN.PWY..Calvin.Benson.Bassham.cycle.g__Eubacterium.s__Eubacterium_eligens_CAG_72	age_category	senior	0.466198172394467	0.171297001520641	952	268	0.00661633236788502	0.0428552268555604
PWY.7221..guanosine.ribonucleotides.de.novo.biosynthesis.g__Bacteroides.s__Bacteroides_vulgatus_CAG_6	BMI	BMI	0.0246273932405443	0.00905714094051512	952	735	0.00666544589809905	0.0431088584596996
PWY.6121..5.aminoimidazole.ribonucleotide.biosynthesis.I.g__Roseburia.s__Roseburia_inulinivorans	study_condition	T2D	0.49434166622876	0.181802373412827	952	260	0.00666540216681089	0.0431088584596996
HISTSYN.PWY..L.histidine.biosynthesis.g__Bacteroides.s__Bacteroides_uniformis	gender	male	-0.541948367167884	0.199351835390916	952	693	0.00667667466826087	0.0431492556918949
PWY.6124..inosine.5..phosphate.biosynthesis.II.g__Bacteroides.s__Bacteroides_caccae	study_condition	T2D	0.510136686273725	0.187682063918528	952	443	0.006685940702324	0.0431769175854779
PWY.5973..cis.vaccenate.biosynthesis.g__Bacteroides.s__Bacteroides_thetaiotaomicron	study_condition	T2D	0.429705950469985	0.158206917108723	952	369	0.00672592002532772	0.0434027328012951
PWY0.1586..peptidoglycan.maturation..meso.diaminopimelate.containing..g__Bacteroides.s__Bacteroides_uniformis_CAG_3	BMI	BMI	-0.0292233423982827	0.0107658602885345	952	700	0.00675935863790854	0.0435860355951511
PWY.6387..UDP.N.acetylmuramoyl.pentapeptide.biosynthesis.I..meso.diaminopimelate.containing..g__Barnesiella.s__Barnesiella_intestinihominis	BMI	BMI	-0.0160263918252135	0.00591150544450181	952	191	0.00682840610071072	0.0438454885046941
RHAMCAT.PWY..L.rhamnose.degradation.I	BMI	BMI	0.00971657524767161	0.00358436413601904	952	938	0.00683307145164546	0.0438454885046941
HEMESYN2.PWY..heme.biosynthesis.II..anaerobic.	BMI	BMI	0.024049639976159	0.00886976744073665	952	623	0.00682092430312654	0.0438454885046941
PWY.6122..5.aminoimidazole.ribonucleotide.biosynthesis.II.g__Prevotella.s__Prevotella_copri_CAG_164	BMI	BMI	0.0360054855947416	0.0132838089667748	952	370	0.00684009872630967	0.0438454885046941
PWY.6122..5.aminoimidazole.ribonucleotide.biosynthesis.II.g__Prevotella.s__Prevotella_copri	BMI	BMI	0.0327721356636819	0.0120897529928462	952	369	0.00683483002683022	0.0438454885046941
PWY.6277..superpathway.of.5.aminoimidazole.ribonucleotide.biosynthesis.g__Prevotella.s__Prevotella_copri_CAG_164	BMI	BMI	0.0360054855947416	0.0132838089667748	952	370	0.00684009872630967	0.0438454885046941
PWY.6277..superpathway.of.5.aminoimidazole.ribonucleotide.biosynthesis.g__Prevotella.s__Prevotella_copri	BMI	BMI	0.0327721356636819	0.0120897529928462	952	369	0.00683483002683022	0.0438454885046941
NAGLIPASYN.PWY..lipid.IVA.biosynthesis.unclassified	gender	male	0.352651020219182	0.130078775156944	952	372	0.00682827305255666	0.0438454885046941
PWY.7221..guanosine.ribonucleotides.de.novo.biosynthesis.g__Bacteroides.s__Bacteroides_uniformis_CAG_3	BMI	BMI	-0.0309449385976587	0.0114180936854751	952	732	0.00684649047799183	0.0438539996593264
PWY.7219..adenosine.ribonucleotides.de.novo.biosynthesis.unclassified	study_condition	T2D	-0.302226814820763	0.111550198160105	952	925	0.0068635536749246	0.0439308017922003
PWY.6385..peptidoglycan.biosynthesis.III..mycobacteria..g__Alistipes.s__Alistipes_putredinis_CAG_67	BMI	BMI	-0.0261466647034676	0.00965150816204532	952	373	0.00686887383945201	0.0439323836408083
UNINTEGRATED.g__Prevotella.s__Prevotella_copri	BMI	BMI	0.0369146704182034	0.0136284344166508	952	379	0.00687760265179181	0.0439557483132967
PYRIDOXSYN.PWY..pyridoxal.5..phosphate.biosynthesis.I.g__Bacteroides.s__Bacteroides_ovatus	age_category	senior	-0.648192486073799	0.23940064602184	952	323	0.00689999349856559	0.0440663301604558
PWY.7663..gondoate.biosynthesis..anaerobic..g__Alistipes.s__Alistipes_finegoldii	BMI	BMI	-0.0283487204338328	0.0104772440859098	952	330	0.0069376551859778	0.0442742033239261
PWY.6121..5.aminoimidazole.ribonucleotide.biosynthesis.I.g__Alistipes.s__Alistipes_finegoldii	gender	male	-0.481090210822999	0.178004834576933	952	309	0.00700137092069834	0.0446479176533488
PWY.6700..queuosine.biosynthesis.g__Eubacterium.s__Eubacterium_eligens_CAG_72	study_condition	T2D	-0.485995623816217	0.179928104115339	952	345	0.00703542537820584	0.0448320704748069
PWY.4242..pantothenate.and.coenzyme.A.biosynthesis.III.g__Bacteroides.s__Bacteroides_vulgatus	BMI	BMI	0.0326919352372811	0.0121134693897418	952	687	0.00708270789664807	0.0451001841065973
COA.PWY.1..coenzyme.A.biosynthesis.II..mammalian..g__Barnesiella.s__Barnesiella_intestinihominis	study_condition	T2D	-0.280441097881595	0.103930188735552	952	251	0.00709217901542818	0.0451273110019162
HISDEG.PWY..L.histidine.degradation.I.g__Bacteroides.s__Bacteroides_uniformis	BMI	BMI	-0.0319698274989702	0.0118492540181342	952	739	0.00709883576966517	0.0451365034987521
UNINTEGRATED.g__Bacteroides.s__Bacteroides_eggerthii	BMI	BMI	-0.02239654703261	0.00830208705193433	952	208	0.00710613406955946	0.0451497586517865
PWY.724..superpathway.of.L.lysine..L.threonine.and.L.methionine.biosynthesis.II.g__Faecalibacterium.s__Faecalibacterium_prausnitzii	study_condition	T2D	-0.368165659365596	0.136584631212325	952	437	0.00715260329858795	0.0454116895643487
PWY.6386..UDP.N.acetylmuramoyl.pentapeptide.biosynthesis.II..lysine.containing..g__Alistipes.s__Alistipes_finegoldii	BMI	BMI	-0.0189203975999839	0.00702271426677563	952	201	0.00718123134344505	0.0455600464719664
COA.PWY..coenzyme.A.biosynthesis.I.g__Barnesiella.s__Barnesiella_intestinihominis	BMI	BMI	-0.0277107915317876	0.0102965161894017	952	268	0.00724332799602184	0.0459203663583815
PWY0.845..superpathway.of.pyridoxal.5..phosphate.biosynthesis.and.salvage.g__Bacteroides.s__Bacteroides_uniformis	BMI	BMI	-0.0259406047909732	0.00964771178322508	952	636	0.00729726978514106	0.0462284976878724
VALSYN.PWY..L.valine.biosynthesis.g__Bacteroides.s__Bacteroides_vulgatus_CAG_6	BMI	BMI	0.0281092166032212	0.01045542169457	952	728	0.00730379671519686	0.0462360230655006
PWY.6737..starch.degradation.V.g__Eubacterium.s__Eubacterium_eligens_CAG_72	age_category	senior	0.553122626316465	0.205797866583612	952	318	0.00732082872732484	0.0463099903423178
SER.GLYSYN.PWY..superpathway.of.L.serine.and.glycine.biosynthesis.I.g__Bacteroides.s__Bacteroides_uniformis	gender	male	-0.462717521576461	0.172285529349473	952	750	0.00736311470829969	0.0465197484364617
ARGSYNBSUB.PWY..L.arginine.biosynthesis.II..acetyl.cycle..g__Roseburia.s__Roseburia_faecis	BMI	BMI	0.0310890518863416	0.0115758339938914	952	317	0.00736473153653452	0.0465197484364617
PWY.7221..guanosine.ribonucleotides.de.novo.biosynthesis.g__Prevotella.s__Prevotella_copri	BMI	BMI	0.0296456610821278	0.0110410523588923	952	349	0.0073788774971114	0.0465751305575691
ANAEROFRUCAT.PWY..homolactic.fermentation.unclassified	age_category	senior	0.445912168382097	0.166131642492936	952	626	0.00739971884576045	0.0466578337904991
HISDEG.PWY..L.histidine.degradation.I.g__Alistipes.s__Alistipes_finegoldii	gender	male	-0.44300522007845	0.165057113856367	952	250	0.00740275561525932	0.0466578337904991
UNINTEGRATED.g__Eubacterium.s__Eubacterium_sp_CAG_180	study_condition	T2D	0.636047731089225	0.23702114708724	952	236	0.00741253498142621	0.0466854930466553
PWY.6609..adenine.and.adenosine.salvage.III.g__Bacteroides.s__Bacteroides_caccae	study_condition	T2D	0.564037607062868	0.210253109796621	952	394	0.00743117159278287	0.0467514502644405
METH.ACETATE.PWY..methanogenesis.from.acetate	BMI	BMI	-0.0222294605308928	0.00828671915365393	952	424	0.00743380450509637	0.0467514502644405
COA.PWY.1..coenzyme.A.biosynthesis.II..mammalian..g__Faecalibacterium.s__Faecalibacterium_prausnitzii	BMI	BMI	-0.0201628267596296	0.00752059463850006	952	719	0.00746751961752457	0.0469294048532386
PWY.6163..chorismate.biosynthesis.from.3.dehydroquinate.g__Bacteroides.s__Bacteroides_vulgatus_CAG_6	BMI	BMI	0.0228495458599934	0.00852580392522356	952	616	0.00748900631225361	0.0469621974396208
PWY.5686..UMP.biosynthesis.g__Prevotella.s__Prevotella_copri	gender	male	0.553633626044238	0.206573003658855	952	328	0.00748809343379159	0.0469621974396208
DTDPRHAMSYN.PWY..dTDP.L.rhamnose.biosynthesis.I.g__Eubacterium.s__Eubacterium_eligens_CAG_72	age_category	senior	0.672149493229311	0.250765459892875	952	422	0.00748134717562429	0.0469621974396208
PWY.6386..UDP.N.acetylmuramoyl.pentapeptide.biosynthesis.II..lysine.containing..g__Bacteroides.s__Bacteroides_uniformis_CAG_3	BMI	BMI	-0.0279519863526963	0.010436538179681	952	617	0.00752827206597605	0.0471742663468542
PWY.6121..5.aminoimidazole.ribonucleotide.biosynthesis.I.g__Barnesiella.s__Barnesiella_intestinihominis	BMI	BMI	-0.023152130565072	0.00864721790294918	952	213	0.00754777672179365	0.0472622895233066
PWY.7111..pyruvate.fermentation.to.isobutanol..engineered..g__Bacteroides.s__Bacteroides_vulgatus_CAG_6	BMI	BMI	0.0279917088749496	0.0104576398168942	952	728	0.00756416888200291	0.0473307099119546
NAGLIPASYN.PWY..lipid.IVA.biosynthesis.g__Bacteroides.s__Bacteroides_uniformis_CAG_3	BMI	BMI	-0.0237484567269662	0.0088829664011634	952	699	0.00763599806463785	0.0477456629889991
NAGLIPASYN.PWY..lipid.IVA.biosynthesis.g__Bacteroides.s__Bacteroides_uniformis	BMI	BMI	-0.0254627998951875	0.0095266244239881	952	703	0.00765134445915323	0.0477726337536171
PWY.6151..S.adenosyl.L.methionine.cycle.I.g__Barnesiella.s__Barnesiella_intestinihominis	study_condition	T2D	-0.41397813310246	0.15488001521224	952	209	0.00764926839812217	0.0477726337536171
PWY0.862...5Z..dodec.5.enoate.biosynthesis.unclassified	gender	male	0.387504548668924	0.145034655541084	952	384	0.00767394874838911	0.0478792479546468
PWY.3841..folate.transformations.II.g__Bacteroides.s__Bacteroides_vulgatus	BMI	BMI	0.0245833498524947	0.00920325694442584	952	743	0.0076886886892286	0.0479366767809357
ANAGLYCOLYSIS.PWY..glycolysis.III..from.glucose..unclassified	age_category	senior	0.526106388863642	0.197051222822141	952	743	0.00771740228769901	0.0480810818787578
PWY.6168..flavin.biosynthesis.III..fungi..g__Bacteroides.s__Bacteroides_vulgatus_CAG_6	BMI	BMI	0.0249202793389863	0.00933667824165025	952	636	0.00773619895797603	0.048163539163244
ASPASN.PWY..superpathway.of.L.aspartate.and.L.asparagine.biosynthesis	gender	male	0.0939501819812203	0.0352067929847436	952	946	0.00774875941960882	0.0482070808719917
PWY.7228..superpathway.of.guanosine.nucleotides.de.novo.biosynthesis.I	study_condition	T2D	0.119030217155499	0.0447281558648362	952	944	0.00791824319307557	0.0492261206403693
PWY.5695..urate.biosynthesis.inosine.5..phosphate.degradation.g__Escherichia.s__Escherichia_coli	gender	male	0.669753216067815	0.251734483471261	952	227	0.00793314755210708	0.0492833987096466
COBALSYN.PWY..adenosylcobalamin.salvage.from.cobinamide.I.g__Faecalibacterium.s__Faecalibacterium_prausnitzii	BMI	BMI	-0.0192357341211361	0.00723816948942378	952	481	0.00800386792541661	0.0496870940746293
GLYCOLYSIS.E.D..superpathway.of.glycolysis.and.Entner.Doudoroff.unclassified	gender	male	0.228605233389553	0.0860543653055244	952	221	0.00802794312134586	0.0498008505951684
PWY.7221..guanosine.ribonucleotides.de.novo.biosynthesis.g__Alistipes.s__Alistipes_finegoldii	gender	male	-0.369733584335639	0.139209018967139	952	313	0.00804121099502879	0.0498474496900139
PWY.7221..guanosine.ribonucleotides.de.novo.biosynthesis	study_condition	T2D	-0.0668721601701557	0.0251850762477477	952	949	0.00805851210139035	0.0499189662360804
PWY0.845..superpathway.of.pyridoxal.5..phosphate.biosynthesis.and.salvage	gender	male	-0.319657327869457	0.120455492699128	952	889	0.00809394698112237	0.0501026310625588
PWY.6151..S.adenosyl.L.methionine.cycle.I.g__Roseburia.s__Roseburia_faecis	BMI	BMI	0.0243885684343885	0.00919340385240181	952	350	0.00811550877335968	0.0502002185552106
PWY.5667..CDP.diacylglycerol.biosynthesis.I.g__Bacteroides.s__Bacteroides_vulgatus	BMI	BMI	0.0264336577111824	0.00996889261554591	952	712	0.00814464477355742	0.0503085761333861
PWY0.1319..CDP.diacylglycerol.biosynthesis.II.g__Bacteroides.s__Bacteroides_vulgatus	BMI	BMI	0.0264336577111824	0.00996889261554591	952	712	0.00814464477355742	0.0503085761333861
PWY.6385..peptidoglycan.biosynthesis.III..mycobacteria..g__Bacteroides.s__Bacteroides_vulgatus	BMI	BMI	0.0277659573394276	0.010473549216764	952	722	0.00815803653079985	0.0503224379038876
PWY.4984..urea.cycle.g__Alistipes.s__Alistipes_finegoldii	gender	male	-0.398419435335594	0.15028823417779	952	253	0.0081585107179051	0.0503224379038876
PWY.5686..UMP.biosynthesis.g__Faecalibacterium.s__Faecalibacterium_prausnitzii	BMI	BMI	-0.0199734520241185	0.0075365517884535	952	710	0.00817829900369067	0.0504085903003282
DTDPRHAMSYN.PWY..dTDP.L.rhamnose.biosynthesis.I.g__Fusicatenibacter.s__Fusicatenibacter_saccharivorans	BMI	BMI	-0.0190593219665473	0.00719553743849754	952	249	0.00821299132435353	0.0505737433868971
BRANCHED.CHAIN.AA.SYN.PWY..superpathway.of.branched.amino.acid.biosynthesis.g__Eubacterium.s__Eubacterium_eligens_CAG_72	gender	male	-0.378835767295898	0.143031756800097	952	331	0.00821677331932613	0.0505737433868971
DTDPRHAMSYN.PWY..dTDP.L.rhamnose.biosynthesis.I.g__Roseburia.s__Roseburia_inulinivorans	study_condition	T2D	0.474505304932929	0.17919261486193	952	278	0.00823113527104084	0.0506261586983052
PWY.2942..L.lysine.biosynthesis.III.g__Eubacterium.s__Eubacterium_eligens_CAG_72	gender	male	-0.366978941759714	0.138624348469828	952	285	0.00824873363934966	0.0506983912823052
PWY.6124..inosine.5..phosphate.biosynthesis.II.g__Faecalibacterium.s__Faecalibacterium_prausnitzii	BMI	BMI	-0.0198419420655563	0.0074992082473401	952	708	0.00828315586513035	0.0508738509163325
PWY.6387..UDP.N.acetylmuramoyl.pentapeptide.biosynthesis.I..meso.diaminopimelate.containing..g__Prevotella.s__Prevotella_copri	BMI	BMI	0.0319613836537853	0.0120854173401917	952	354	0.00831352728476767	0.0510242000610121
UNINTEGRATED.g__Roseburia.s__Roseburia_hominis	BMI	BMI	-0.0221235454426463	0.00837066792217256	952	446	0.00835358628680021	0.0512337515890154
PWY.6121..5.aminoimidazole.ribonucleotide.biosynthesis.I.g__Barnesiella.s__Barnesiella_intestinihominis	study_condition	T2D	-0.45193780910965	0.171093672771767	952	213	0.00839088891036868	0.051426113208629
PWY.7199..pyrimidine.deoxyribonucleosides.salvage.g__Bacteroides.s__Bacteroides_vulgatus_CAG_6	BMI	BMI	0.0255032304788081	0.00965767473273699	952	609	0.00840916295480571	0.0514912395088919
PWY.6891..thiazole.biosynthesis.II..Bacillus..unclassified	study_condition	T2D	0.38348387186489	0.14522882074905	952	242	0.00841340691744596	0.0514912395088919
PWY.2942..L.lysine.biosynthesis.III.g__Barnesiella.s__Barnesiella_intestinihominis	BMI	BMI	-0.0257114073093013	0.00973839833713976	952	252	0.00842179808368938	0.0515061944948799
PWY.2723..trehalose.degradation.V.unclassified	gender	male	0.318027447234522	0.120567341089626	952	234	0.00848245575576585	0.0518405552892959
PWY.6126..superpathway.of.adenosine.nucleotides.de.novo.biosynthesis.II.unclassified	BMI	BMI	-0.0169920757924526	0.00645204509810499	952	821	0.00858635774781889	0.0524385459069899
PWY.5695..urate.biosynthesis.inosine.5..phosphate.degradation.g__Bacteroides.s__Bacteroides_ovatus	age_category	senior	-0.725804113445035	0.27569654452362	952	440	0.00861087866837829	0.0525512397943312
PWY.5104..L.isoleucine.biosynthesis.IV.unclassified	age_category	senior	0.511267268316521	0.194249265226751	952	605	0.00862606493267471	0.0526068467020866
PWY.6387..UDP.N.acetylmuramoyl.pentapeptide.biosynthesis.I..meso.diaminopimelate.containing..g__Roseburia.s__Roseburia_faecis	BMI	BMI	0.0304675008551673	0.0115780450477454	952	319	0.00863936176236157	0.0526508605644273
PWY.2942..L.lysine.biosynthesis.III.g__Alistipes.s__Alistipes_finegoldii	gender	male	-0.352168470046357	0.133860887663568	952	247	0.00865540255572507	0.0527115232999853
PWY0.845..superpathway.of.pyridoxal.5..phosphate.biosynthesis.and.salvage.g__Bacteroides.s__Bacteroides_ovatus	age_category	senior	-0.552207784456976	0.209958531074086	952	306	0.00867498509422496	0.0527936548952833
ILEUSYN.PWY..L.isoleucine.biosynthesis.I..from.threonine..g__Bacteroides.s__Bacteroides_caccae	BMI	BMI	-0.0269759439035081	0.0102598994154898	952	426	0.00869578184982977	0.0528420679527672
PWY.6168..flavin.biosynthesis.III..fungi..g__Bacteroides.s__Bacteroides_vulgatus	BMI	BMI	0.0249632752683127	0.00949518794733414	952	669	0.00870124583148337	0.0528420679527672
PWY.6385..peptidoglycan.biosynthesis.III..mycobacteria..g__Prevotella.s__Prevotella_copri	BMI	BMI	0.0299227046948093	0.0113813458442524	952	349	0.00869982741621189	0.0528420679527672
PWY0.1298..superpathway.of.pyrimidine.deoxyribonucleosides.degradation.unclassified	study_condition	T2D	0.4086607751847	0.15549866773506	952	210	0.00872613721036086	0.0529560954742292
X1CMET2.PWY..N10.formyl.tetrahydrofolate.biosynthesis.g__Bacteroides.s__Bacteroides_uniformis	study_condition	T2D	0.559965951374918	0.213305232146527	952	626	0.00879974468688751	0.0533280538757493
PWY.6163..chorismate.biosynthesis.from.3.dehydroquinate.g__Roseburia.s__Roseburia_inulinivorans	study_condition	T2D	0.369401782415256	0.140709553409925	952	228	0.00879737381536884	0.0533280538757493
TRNA.CHARGING.PWY..tRNA.charging.g__Alistipes.s__Alistipes_finegoldii	gender	male	-0.307221895811101	0.117057679950429	952	283	0.00881648362760809	0.0533921316189413
PWY.5097..L.lysine.biosynthesis.VI	BMI	BMI	0.00355079099872146	0.00135324353268245	952	948	0.00883250700990794	0.0534144627833818
PWY.6147..6.hydroxymethyl.dihydropterin.diphosphate.biosynthesis.I.g__Bacteroides.s__Bacteroides_vulgatus	BMI	BMI	0.0251115060871182	0.00956948981707222	952	648	0.00882709213082084	0.0534144627833818
PWY.7282..4.amino.2.methyl.5.phosphomethylpyrimidine.biosynthesis..yeast..g__Bacteroides.s__Bacteroides_uniformis_CAG_3	study_condition	T2D	0.560835353065931	0.213807939596683	952	584	0.00885392579245927	0.0535066276083023
ARGSYNBSUB.PWY..L.arginine.biosynthesis.II..acetyl.cycle..g__Eubacterium.s__Eubacterium_eligens	gender	male	-0.493270881175839	0.188122082996257	952	354	0.00887979597348027	0.0536255461159966
THISYNARA.PWY..superpathway.of.thiamin.diphosphate.biosynthesis.III..eukaryotes..g__Bacteroides.s__Bacteroides_vulgatus_CAG_6	BMI	BMI	0.0236598930345853	0.00902701654675967	952	601	0.00890749371054756	0.0537553278977992
PWY.7219..adenosine.ribonucleotides.de.novo.biosynthesis.g__Bacteroides.s__Bacteroides_vulgatus_CAG_6	BMI	BMI	0.0269432676634062	0.0102869289879897	952	474	0.00895517750638797	0.0539412458290627
PWY.6122..5.aminoimidazole.ribonucleotide.biosynthesis.II.unclassified	study_condition	T2D	-0.27962613024108	0.106773716394133	952	910	0.00896321625265835	0.0539412458290627
PWY.6277..superpathway.of.5.aminoimidazole.ribonucleotide.biosynthesis.unclassified	study_condition	T2D	-0.27962613024108	0.106773716394133	952	910	0.00896321625265835	0.0539412458290627
PWY.6282..palmitoleate.biosynthesis.I..from..5Z..dodec.5.enoate..unclassified	gender	male	0.379395590327941	0.144830702703516	952	375	0.0089446336369008	0.0539412458290627
COBALSYN.PWY..adenosylcobalamin.salvage.from.cobinamide.I.g__Bacteroides.s__Bacteroides_uniformis_CAG_3	BMI	BMI	-0.0249589533721753	0.00953286798781754	952	599	0.00898062410252435	0.0539709956473705
PWY66.422..D.galactose.degradation.V..Leloir.pathway..g__Roseburia.s__Roseburia_inulinivorans	study_condition	T2D	0.54365267450538	0.207625482024095	952	305	0.00897462705431141	0.0539709956473705
PWY.7111..pyruvate.fermentation.to.isobutanol..engineered.	BMI	BMI	0.00348091045431818	0.00132999459750593	952	949	0.00900582332150177	0.0540712384862535
PWY.5188..tetrapyrrole.biosynthesis.I..from.glutamate..unclassified	gender	male	0.377035747928534	0.144093283139364	952	530	0.00902227940099726	0.0540712384862535
ARG.POLYAMINE.SYN..superpathway.of.arginine.and.polyamine.biosynthesis.unclassified	age_category	senior	0.303928967069565	0.116143361087124	952	317	0.0090161303963752	0.0540712384862535
PWY.6700..queuosine.biosynthesis.g__Eubacterium.s__Eubacterium_eligens	age_category	senior	0.52146110661409	0.199255929523715	952	346	0.00901092385581837	0.0540712384862535
RIBOSYN2.PWY..flavin.biosynthesis.I..bacteria.and.plants..g__Prevotella.s__Prevotella_copri_CAG_164	gender	male	0.503643045777823	0.192521085487611	952	289	0.00903718673413399	0.0541231238710929
PWY.7664..oleate.biosynthesis.IV..anaerobic..unclassified	gender	male	0.36995625182884	0.141491163774929	952	375	0.00907260963352148	0.0542602205982708
PWY.2942..L.lysine.biosynthesis.III.g__Eubacterium.s__Eubacterium_eligens_CAG_72	study_condition	T2D	-0.369959314431892	0.141488256562451	952	285	0.00907062261754444	0.0542602205982708
PEPTIDOGLYCANSYN.PWY..peptidoglycan.biosynthesis.I..meso.diaminopimelate.containing..g__Prevotella.s__Prevotella_copri	BMI	BMI	0.0295670981396047	0.0113212973169246	952	350	0.00915360873449658	0.0547068679370189
UNINTEGRATED.g__Akkermansia.s__Akkermansia_muciniphila	gender	male	-0.542636724559037	0.20789279885101	952	279	0.00919247009254867	0.0547633946040283
PWY.7220..adenosine.deoxyribonucleotides.de.novo.biosynthesis.II.g__Faecalibacterium.s__Faecalibacterium_prausnitzii	BMI	BMI	-0.0253028998739324	0.00969425359353885	952	802	0.00919468542196965	0.0547633946040283
PWY.7222..guanosine.deoxyribonucleotides.de.novo.biosynthesis.II.g__Faecalibacterium.s__Faecalibacterium_prausnitzii	BMI	BMI	-0.0253028998739324	0.00969425359353885	952	802	0.00919468542196965	0.0547633946040283
POLYAMSYN.PWY..superpathway.of.polyamine.biosynthesis.I	gender	male	0.338027254067059	0.129461416891682	952	813	0.00916978427038918	0.0547633946040283
UNINTEGRATED.g__Bacteroides.s__Bacteroides_fragilis	study_condition	T2D	0.392605635874621	0.150403044806389	952	419	0.00918763464090901	0.0547633946040283
PWY.7228..superpathway.of.guanosine.nucleotides.de.novo.biosynthesis.I.g__Bacteroides.s__Bacteroides_vulgatus_CAG_6	BMI	BMI	0.0241196247647144	0.00924214777336129	952	662	0.00920403524081243	0.0547676732540646
PWY.6737..starch.degradation.V.g__Roseburia.s__Roseburia_inulinivorans	study_condition	T2D	0.410368530461205	0.157253903981037	952	333	0.00920805222377806	0.0547676732540646
PWY.4242..pantothenate.and.coenzyme.A.biosynthesis.III.g__Bacteroides.s__Bacteroides_thetaiotaomicron	study_condition	T2D	0.438227483299405	0.168021400116529	952	240	0.00924625700776125	0.054957162448327
ILEUSYN.PWY..L.isoleucine.biosynthesis.I..from.threonine..g__Eubacterium.s__Eubacterium_eligens	study_condition	T2D	-0.507764648956941	0.195042160030339	952	290	0.0093759502782196	0.0556898006923057
FASYN.ELONG.PWY..fatty.acid.elongation....saturated.unclassified	gender	male	0.323649981266955	0.124361788183772	952	379	0.00939962835393854	0.0557921737800601
THISYN.PWY..superpathway.of.thiamin.diphosphate.biosynthesis.I.g__Bacteroides.s__Bacteroides_uniformis	BMI	BMI	-0.023026580450815	0.00885400766654843	952	612	0.00944849656907969	0.0560438221152261
PWY.7663..gondoate.biosynthesis..anaerobic..g__Alistipes.s__Alistipes_finegoldii	gender	male	-0.527889336704106	0.203106457138945	952	330	0.00949284491840349	0.0562298474646882
PWY.6703..preQ0.biosynthesis.g__Bacteroides.s__Bacteroides_vulgatus	BMI	BMI	0.0232366720694374	0.00893975603343673	952	709	0.00948806403067524	0.0562298474646882
DTDPRHAMSYN.PWY..dTDP.L.rhamnose.biosynthesis.I.g__Barnesiella.s__Barnesiella_intestinihominis	study_condition	T2D	-0.375969117605096	0.144701292680162	952	201	0.00951576945481913	0.0562502139786578
PWY.6122..5.aminoimidazole.ribonucleotide.biosynthesis.II.g__Bacteroides.s__Bacteroides_vulgatus	BMI	BMI	0.0324074869381847	0.0124718447280656	952	721	0.00951002648705485	0.0562502139786578
PWY.6277..superpathway.of.5.aminoimidazole.ribonucleotide.biosynthesis.g__Bacteroides.s__Bacteroides_vulgatus	BMI	BMI	0.0324074869381847	0.0124718447280656	952	721	0.00951002648705485	0.0562502139786578
UNINTEGRATED.g__Coprococcus.s__Coprococcus_comes_CAG_19	BMI	BMI	0.0177009254959467	0.00681715624136599	952	220	0.00956310659904809	0.0564914755441722
PWY.6123..inosine.5..phosphate.biosynthesis.I.g__Bacteroides.s__Bacteroides_vulgatus	BMI	BMI	0.0277980361091026	0.0107110181456233	952	749	0.00959774748896285	0.0566574596144638
GLYCOGENSYNTH.PWY..glycogen.biosynthesis.I..from.ADP.D.Glucose..g__Roseburia.s__Roseburia_faecis	BMI	BMI	0.023854498787937	0.00919943859889458	952	340	0.0096599296953836	0.0569856888024673
PWY.6737..starch.degradation.V.g__Bacteroides.s__Bacteroides_uniformis	BMI	BMI	-0.0247864945846279	0.00956529700069546	952	738	0.00970869319966457	0.0572343656290641
PWY.6700..queuosine.biosynthesis.g__Bacteroides.s__Bacteroides_uniformis_CAG_3	BMI	BMI	-0.0240032437679066	0.00926545789930117	952	771	0.00972769438701797	0.0573073696541331
PWY.6700..queuosine.biosynthesis.g__Eubacterium.s__Eubacterium_eligens_CAG_72	age_category	senior	0.544836525467722	0.210333706911283	952	345	0.00973534773322757	0.0573134679604016
BRANCHED.CHAIN.AA.SYN.PWY..superpathway.of.branched.amino.acid.biosynthesis.g__Bacteroides.s__Bacteroides_caccae	BMI	BMI	-0.026684224497976	0.0103090506772899	952	426	0.00978929448488571	0.0575528107529601
PWY.7219..adenosine.ribonucleotides.de.novo.biosynthesis.g__Alistipes.s__Alistipes_putredinis_CAG_67	gender	male	-0.514601230103836	0.198796758280716	952	421	0.00978498784308943	0.0575528107529601
PWY0.1261..anhydromuropeptides.recycling	study_condition	T2D	0.224965930410233	0.086925535832963	952	889	0.0098004897536994	0.0575795395298757
PWY.7220..adenosine.deoxyribonucleotides.de.novo.biosynthesis.II.g__Bacteroides.s__Bacteroides_vulgatus_CAG_6	BMI	BMI	0.0225872520638992	0.00872953620179683	952	668	0.00981685321465859	0.0575975263136473
PWY.7222..guanosine.deoxyribonucleotides.de.novo.biosynthesis.II.g__Bacteroides.s__Bacteroides_vulgatus_CAG_6	BMI	BMI	0.0225872520638992	0.00872953620179683	952	668	0.00981685321465859	0.0575975263136473
THISYN.PWY..superpathway.of.thiamin.diphosphate.biosynthesis.I	study_condition	T2D	0.129265625763799	0.0499694360285291	952	919	0.00983264260918262	0.057651106970563
COA.PWY.1..coenzyme.A.biosynthesis.II..mammalian..g__Eubacterium.s__Eubacterium_eligens_CAG_72	age_category	senior	0.496473087645727	0.19204538512253	952	324	0.00988112562053959	0.0578961758280601
PWY0.1586..peptidoglycan.maturation..meso.diaminopimelate.containing..g__Bacteroides.s__Bacteroides_uniformis	gender	male	-0.564599425560915	0.218460780828412	952	696	0.00990229618136755	0.0579809904872501
PWY.6387..UDP.N.acetylmuramoyl.pentapeptide.biosynthesis.I..meso.diaminopimelate.containing..g__Roseburia.s__Roseburia_inulinivorans	study_condition	T2D	0.411583218624046	0.159320272355095	952	256	0.00993292648848019	0.0581210428312422
PWY0.1296..purine.ribonucleosides.degradation.unclassified	study_condition	T2D	-0.355652244498483	0.137709385317109	952	881	0.00995413322577211	0.0581665274866305
PWY.5103..L.isoleucine.biosynthesis.III.g__Roseburia.s__Roseburia_inulinivorans	study_condition	T2D	0.407813888432769	0.157895642289398	952	339	0.00994904925480992	0.0581665274866305
VALSYN.PWY..L.valine.biosynthesis.g__Akkermansia.s__Akkermansia_muciniphila	gender	male	-0.441975043817987	0.171150187202556	952	249	0.00996122851762564	0.0581687383429791
PWY.6737..starch.degradation.V.g__Bacteroides.s__Bacteroides_uniformis_CAG_3	BMI	BMI	-0.026587158920496	0.0102981319785678	952	737	0.00997945763879704	0.0582359185660258
PWY.7111..pyruvate.fermentation.to.isobutanol..engineered..g__Roseburia.s__Roseburia_hominis	study_condition	T2D	-0.474150544779721	0.183831096091997	952	437	0.0100506771829925	0.0586120299021648
PWY.6151..S.adenosyl.L.methionine.cycle.I.g__Prevotella.s__Prevotella_copri_CAG_164	BMI	BMI	0.0314581269003174	0.01220077965447	952	324	0.0100767830235233	0.0587247247535074
PWY.6737..starch.degradation.V.g__Roseburia.s__Roseburia_inulinivorans_CAG_15	study_condition	T2D	0.395817518088591	0.153563729731886	952	335	0.0101006864883163	0.0588244418216675
BRANCHED.CHAIN.AA.SYN.PWY..superpathway.of.branched.amino.acid.biosynthesis.g__Roseburia.s__Roseburia_inulinivorans	study_condition	T2D	0.393725036343702	0.152848171141748	952	339	0.0101478861039984	0.0590596059547219
PWY.6936..seleno.amino.acid.biosynthesis	BMI	BMI	0.00714258692565705	0.00277530089283515	952	943	0.0102149962989	0.0594102538270477
BRANCHED.CHAIN.AA.SYN.PWY..superpathway.of.branched.amino.acid.biosynthesis	gender	male	0.0788603553537317	0.0306505398676054	952	949	0.0102367012045583	0.0594965318332044
PWY.7539..6.hydroxymethyl.dihydropterin.diphosphate.biosynthesis.III..Chlamydia..unclassified	BMI	BMI	0.0190617714272588	0.00741292941707261	952	244	0.0102797780746329	0.0597068263758023
PWY.3841..folate.transformations.II	study_condition	T2D	-0.0705107014593514	0.0274298281419862	952	947	0.0103044866688732	0.0597701637993586
PWY.6151..S.adenosyl.L.methionine.cycle.I.g__Eubacterium.s__Eubacterium_eligens	age_category	senior	0.747378406947976	0.290730394019944	952	388	0.010301311697056	0.0597701637993586
PWY.5695..urate.biosynthesis.inosine.5..phosphate.degradation.g__Barnesiella.s__Barnesiella_intestinihominis	gender	male	-0.261758734214746	0.101843771142873	952	207	0.010315898264045	0.0597963045292036
TRPSYN.PWY..L.tryptophan.biosynthesis.g__Eubacterium.s__Eubacterium_eligens	gender	male	-0.374946310383373	0.145897331664122	952	272	0.0103237707270545	0.0598019093620683
X1CMET2.PWY..N10.formyl.tetrahydrofolate.biosynthesis.g__Bacteroides.s__Bacteroides_uniformis	gender	male	-0.536964312400091	0.208987654169491	952	626	0.0103407555267972	0.0598202691129352
COA.PWY..coenzyme.A.biosynthesis.I.unclassified	BMI	BMI	-0.0154510391253419	0.00601344861958692	952	902	0.0103391259040197	0.0598202691129352
PWY.6163..chorismate.biosynthesis.from.3.dehydroquinate.g__Bacteroides.s__Bacteroides_thetaiotaomicron	study_condition	T2D	0.43261965555993	0.168490336796249	952	346	0.0103923137576616	0.0600783959555067
PWY.6386..UDP.N.acetylmuramoyl.pentapeptide.biosynthesis.II..lysine.containing.	BMI	BMI	0.00357645928238269	0.00139338659060455	952	946	0.0104186625990914	0.0601103385130789
HISTSYN.PWY..L.histidine.biosynthesis.g__Bacteroides.s__Bacteroides_uniformis_CAG_3	BMI	BMI	-0.0284645759933757	0.0110895624609213	952	682	0.0104171377373612	0.0601103385130789
PWY.7456..mannan.degradation	BMI	BMI	-0.0124922656275849	0.00486631016546073	952	896	0.0104081294357681	0.0601103385130789
VALSYN.PWY..L.valine.biosynthesis.g__Alistipes.s__Alistipes_finegoldii	gender	male	-0.390611543363929	0.15223755079242	952	333	0.0104466133634852	0.0601913983551442
VALSYN.PWY..L.valine.biosynthesis.g__Ruminococcus.s__Ruminococcus_bicirculans	BMI	BMI	-0.0229389360576239	0.0089397707629223	952	227	0.0104424441338005	0.0601913983551442
PWY.7219..adenosine.ribonucleotides.de.novo.biosynthesis.g__Prevotella.s__Prevotella_copri_CAG_164	BMI	BMI	0.0285899788067274	0.0111549426711072	952	370	0.0105311030093605	0.0606378670618762
THISYNARA.PWY..superpathway.of.thiamin.diphosphate.biosynthesis.III..eukaryotes..g__Bacteroides.s__Bacteroides_uniformis_CAG_3	BMI	BMI	-0.0253869111038482	0.0099069440315811	952	721	0.010544678116013	0.0606756893585867
PYRIDNUCSYN.PWY..NAD.biosynthesis.I..from.aspartate..g__Bacteroides.s__Bacteroides_ovatus	age_category	senior	-0.415433376262568	0.16213605211522	952	320	0.0105532850517035	0.0606848927939924
PWY.5103..L.isoleucine.biosynthesis.III.g__Eubacterium.s__Eubacterium_eligens_CAG_72	gender	male	-0.398577744529118	0.155626268561178	952	331	0.0105874452230375	0.0608409260992068
PWY.5103..L.isoleucine.biosynthesis.III.g__Bacteroides.s__Bacteroides_caccae	BMI	BMI	-0.0268977039303921	0.01050598229216	952	426	0.0106145250882574	0.0609560923503378
ARGININE.SYN4.PWY..L.ornithine.de.novo..biosynthesis.g__Bacteroides.s__Bacteroides_uniformis	BMI	BMI	-0.0234904970989805	0.00917656613441183	952	715	0.0106264269894701	0.0609840011456665
PWY.5030..L.histidine.degradation.III.g__Bacteroides.s__Bacteroides_fragilis	study_condition	T2D	0.377190265602122	0.147375623921877	952	216	0.0106402471037232	0.0610228741180417
SER.GLYSYN.PWY..superpathway.of.L.serine.and.glycine.biosynthesis.I.g__Roseburia.s__Roseburia_faecis	BMI	BMI	0.0314325216168405	0.0122984571281345	952	365	0.0107492592233657	0.0616072699366958
RIBOSYN2.PWY..flavin.biosynthesis.I..bacteria.and.plants..g__Barnesiella.s__Barnesiella_intestinihominis	BMI	BMI	-0.0221311993636767	0.00866383333698735	952	201	0.0107915126407646	0.0618085313948553
PWY.7539..6.hydroxymethyl.dihydropterin.diphosphate.biosynthesis.III..Chlamydia..g__Bacteroides.s__Bacteroides_uniformis_CAG_3	BMI	BMI	-0.0217308460685452	0.00850851269481185	952	621	0.0108045315391378	0.0618421963839614
PWY.6122..5.aminoimidazole.ribonucleotide.biosynthesis.II.g__Bacteroides.s__Bacteroides_ovatus	age_category	senior	-0.717752637745701	0.281110087919492	952	600	0.010827131381779	0.0618657585380005
PWY.6277..superpathway.of.5.aminoimidazole.ribonucleotide.biosynthesis.g__Bacteroides.s__Bacteroides_ovatus	age_category	senior	-0.717752637745701	0.281110087919492	952	600	0.010827131381779	0.0618657585380005
PWY.5104..L.isoleucine.biosynthesis.IV.unclassified	study_condition	T2D	0.424259558957935	0.166168811130158	952	605	0.0108300796701627	0.0618657585380005
THISYNARA.PWY..superpathway.of.thiamin.diphosphate.biosynthesis.III..eukaryotes..g__Bacteroides.s__Bacteroides_vulgatus	BMI	BMI	0.0250191433220915	0.00980532324872184	952	665	0.0108794692443503	0.0621069239657701
PWY.5083..NAD.NADH.phosphorylation.and.dephosphorylation.unclassified	gender	male	0.425115768680711	0.166711570653166	952	285	0.0109285610333476	0.0623460728252899
PYRIDNUCSYN.PWY..NAD.biosynthesis.I..from.aspartate..g__Bacteroides.s__Bacteroides_uniformis	gender	male	-0.388875945315725	0.152587803281703	952	661	0.0109743653055205	0.0625661642829542
PWY.3841..folate.transformations.II.g__Alistipes.s__Alistipes_finegoldii	gender	male	-0.406184893923974	0.159459601347937	952	309	0.0110144207116423	0.062753212738699
GLUTORN.PWY..L.ornithine.biosynthesis.g__Roseburia.s__Roseburia_faecis	BMI	BMI	0.0160211005073399	0.00630425869518997	952	280	0.0112021810795922	0.0637809915511298
PWY.7400..L.arginine.biosynthesis.IV..archaebacteria..g__Roseburia.s__Roseburia_faecis	BMI	BMI	0.0141626001617039	0.00557406188042342	952	263	0.0112184100965993	0.0638314266994417
PWY.1042..glycolysis.IV..plant.cytosol.	BMI	BMI	0.00319801621415812	0.00125901026441575	952	949	0.0112407615717908	0.0638809088867828
PYRIDNUCSYN.PWY..NAD.biosynthesis.I..from.aspartate..g__Bacteroides.s__Bacteroides_uniformis_CAG_3	gender	male	-0.423005263865906	0.16655966973693	952	659	0.0112548572341665	0.0638809088867828
VALSYN.PWY..L.valine.biosynthesis.g__Prevotella.s__Prevotella_copri	BMI	BMI	0.032340141462281	0.0127334747283907	952	351	0.0112512953879491	0.0638809088867828
PWY.7219..adenosine.ribonucleotides.de.novo.biosynthesis.g__Alistipes.s__Alistipes_putredinis_CAG_67	BMI	BMI	-0.0260411220724285	0.0102549283234743	952	421	0.0112639893614454	0.0638809088867828
PWY.6353..purine.nucleotides.degradation.II..aerobic..unclassified	age_category	senior	0.39464434216232	0.155397939273509	952	443	0.0112577155646525	0.0638809088867828
ARGSYN.PWY..L.arginine.biosynthesis.I..via.L.ornithine..g__Roseburia.s__Roseburia_faecis	BMI	BMI	0.0141698599624879	0.00558074654547507	952	263	0.0112740528747337	0.0638961373659643
OANTIGEN.PWY..O.antigen.building.blocks.biosynthesis..E..coli.	study_condition	T2D	0.144131788181343	0.0568030175967174	952	926	0.0113274506538768	0.064156783951977
PWY.6386..UDP.N.acetylmuramoyl.pentapeptide.biosynthesis.II..lysine.containing..g__Bacteroides.s__Bacteroides_thetaiotaomicron	study_condition	T2D	0.542242015843194	0.213772749729797	952	250	0.0113551796428059	0.0642718011154893
PWY.6737..starch.degradation.V.g__Eubacterium.s__Eubacterium_eligens_CAG_72	study_condition	T2D	-0.446399724746005	0.176047959735665	952	318	0.0113830266285915	0.0643873354693682
PWY.6147..6.hydroxymethyl.dihydropterin.diphosphate.biosynthesis.I.g__Bacteroides.s__Bacteroides_uniformis_CAG_3	BMI	BMI	-0.0215245510184475	0.00849289702430907	952	612	0.0114235378403283	0.0645743065908899
PWY.7663..gondoate.biosynthesis..anaerobic..g__Bacteroides.s__Bacteroides_caccae	BMI	BMI	-0.0285511926765662	0.0112695605274285	952	426	0.0114539844205929	0.0647041781359001
PWY.1042..glycolysis.IV..plant.cytosol..unclassified	BMI	BMI	-0.0195939254956118	0.0077370957667466	952	887	0.0114869252441239	0.0648479612869054
PWY.6305..putrescine.biosynthesis.IV.g__Faecalibacterium.s__Faecalibacterium_prausnitzii	BMI	BMI	-0.0184627982666414	0.00729205234076661	952	740	0.0115051006370224	0.0649082550596833
PWY.6125..superpathway.of.guanosine.nucleotides.de.novo.biosynthesis.II.g__Bacteroides.s__Bacteroides_vulgatus_CAG_6	BMI	BMI	0.0243836002700951	0.00963694864435173	952	620	0.0115601876179653	0.0651765786273306
TRNA.CHARGING.PWY..tRNA.charging.g__Bacteroides.s__Bacteroides_vulgatus	BMI	BMI	0.0254146357848433	0.0100489816481256	952	685	0.0115976858008121	0.0653454515517457
PEPTIDOGLYCANSYN.PWY..peptidoglycan.biosynthesis.I..meso.diaminopimelate.containing..g__Bacteroides.s__Bacteroides_uniformis_CAG_3	BMI	BMI	-0.0268186472541228	0.0106080450572891	952	679	0.0116283561472047	0.0654756594504501
PYRIDOXSYN.PWY..pyridoxal.5..phosphate.biosynthesis.I.g__Bacteroides.s__Bacteroides_uniformis	BMI	BMI	-0.0243651847182428	0.00964281934694995	952	671	0.0116735819508503	0.0656876021405869
PWY.6163..chorismate.biosynthesis.from.3.dehydroquinate.unclassified	BMI	BMI	-0.017081360269792	0.00676186814362291	952	877	0.0116947066744557	0.0657637401303806
PWY.6121..5.aminoimidazole.ribonucleotide.biosynthesis.I.g__Bacteroides.s__Bacteroides_fragilis	study_condition	T2D	0.446435297983075	0.17677219735398	952	216	0.0117161040221093	0.0658413113766818
PWY.5188..tetrapyrrole.biosynthesis.I..from.glutamate..g__Roseburia.s__Roseburia_faecis	BMI	BMI	0.0295429686191202	0.0116991031115888	952	297	0.0117243868630839	0.0658451298536359
PWY.6700..queuosine.biosynthesis.g__Bacteroides.s__Bacteroides_uniformis	BMI	BMI	-0.0245461680780799	0.00972411320366262	952	755	0.011756763678753	0.0659547267158472
HISTSYN.PWY..L.histidine.biosynthesis.g__Roseburia.s__Roseburia_inulinivorans_CAG_15	age_category	senior	-0.393484666531661	0.155885740456977	952	226	0.011759133723934	0.0659547267158472
PEPTIDOGLYCANSYN.PWY..peptidoglycan.biosynthesis.I..meso.diaminopimelate.containing..g__Roseburia.s__Roseburia_inulinivorans	study_condition	T2D	0.384727579157183	0.152502872562405	952	228	0.0118067328782224	0.0661788393044701
PWY.3841..folate.transformations.II.g__Bacteroides.s__Bacteroides_caccae	study_condition	T2D	0.451660212963752	0.179096841334816	952	407	0.011836081455772	0.066248117072052
RIBOSYN2.PWY..flavin.biosynthesis.I..bacteria.and.plants..g__Akkermansia.s__Akkermansia_muciniphila	study_condition	T2D	0.376014399489489	0.149106822237792	952	201	0.0118393701920988	0.066248117072052
PWY.5667..CDP.diacylglycerol.biosynthesis.I.g__Eubacterium.s__Eubacterium_eligens_CAG_72	study_condition	T2D	-0.442484488424898	0.175486718855395	952	267	0.0118496920721257	0.066248117072052
PWY0.1319..CDP.diacylglycerol.biosynthesis.II.g__Eubacterium.s__Eubacterium_eligens_CAG_72	study_condition	T2D	-0.442484488424898	0.175486718855395	952	267	0.0118496920721257	0.066248117072052
PWY.7282..4.amino.2.methyl.5.phosphomethylpyrimidine.biosynthesis..yeast..g__Bacteroides.s__Bacteroides_uniformis_CAG_3	gender	male	-0.527956485895736	0.20948018616078	952	584	0.0118883130264152	0.0664211553604877
PEPTIDOGLYCANSYN.PWY..peptidoglycan.biosynthesis.I..meso.diaminopimelate.containing.	BMI	BMI	0.00339562095844742	0.00134875642236103	952	948	0.0119799799943213	0.0668901526439862
GLUTORN.PWY..L.ornithine.biosynthesis.g__Eubacterium.s__Eubacterium_eligens_CAG_72	gender	male	-0.37710908656646	0.149946287677387	952	330	0.0120692010702621	0.0673448977245294
PWY.5686..UMP.biosynthesis.g__Barnesiella.s__Barnesiella_intestinihominis	study_condition	T2D	-0.221512329276038	0.0880996950493405	952	194	0.0120904361751209	0.0674199467331275
HISDEG.PWY..L.histidine.degradation.I.g__Bacteroides.s__Bacteroides_vulgatus	BMI	BMI	0.0283036450252797	0.0112585165942152	952	754	0.0121027238128924	0.0674450374643811
DTDPRHAMSYN.PWY..dTDP.L.rhamnose.biosynthesis.I.g__Barnesiella.s__Barnesiella_intestinihominis	BMI	BMI	-0.0183761743378574	0.00731332484932349	952	201	0.0121463778994997	0.0675459473736412
RIBOSYN2.PWY..flavin.biosynthesis.I..bacteria.and.plants.	gender	male	0.0757205592728468	0.0301370608899515	952	947	0.0121517836283415	0.0675459473736412
PWY.6147..6.hydroxymethyl.dihydropterin.diphosphate.biosynthesis.I.g__Bacteroides.s__Bacteroides_uniformis	BMI	BMI	-0.0199974229868868	0.00795907072782101	952	593	0.0121520307168745	0.0675459473736412
PWY.2941..L.lysine.biosynthesis.II.unclassified	BMI	BMI	-0.0166431900352265	0.00662377065754458	952	377	0.0121481491106804	0.0675459473736412
PWY.7228..superpathway.of.guanosine.nucleotides.de.novo.biosynthesis.I.g__Bacteroides.s__Bacteroides_caccae	study_condition	T2D	0.557371108992199	0.221892432679902	952	390	0.0121737562630441	0.0676233029108158
ARGSYNBSUB.PWY..L.arginine.biosynthesis.II..acetyl.cycle..g__Eubacterium.s__Eubacterium_eligens_CAG_72	gender	male	-0.528423798430585	0.210443168975481	952	359	0.0122043868693732	0.0677499937748537
PWY.6122..5.aminoimidazole.ribonucleotide.biosynthesis.II.g__Eubacterium.s__Eubacterium_eligens_CAG_72	gender	male	-0.598833901676927	0.238574144425353	952	450	0.0122370850259191	0.0678445302973494
PWY.6277..superpathway.of.5.aminoimidazole.ribonucleotide.biosynthesis.g__Eubacterium.s__Eubacterium_eligens_CAG_72	gender	male	-0.598833901676927	0.238574144425353	952	450	0.0122370850259191	0.0678445302973494
PWY.7221..guanosine.ribonucleotides.de.novo.biosynthesis.g__Eubacterium.s__Eubacterium_sp_CAG_180	age_category	senior	0.54077357205891	0.215667998976492	952	198	0.0123275002186452	0.0682147935421519
PWY.6122..5.aminoimidazole.ribonucleotide.biosynthesis.II.g__Gemmiger.s__Gemmiger_formicilis	study_condition	T2D	-0.590144602344423	0.235340630544719	952	395	0.0123211453078641	0.0682147935421519
PWY.6277..superpathway.of.5.aminoimidazole.ribonucleotide.biosynthesis.g__Gemmiger.s__Gemmiger_formicilis	study_condition	T2D	-0.590144602344423	0.235340630544719	952	395	0.0123211453078641	0.0682147935421519
POLYAMSYN.PWY..superpathway.of.polyamine.biosynthesis.I.unclassified	age_category	senior	0.333753603201705	0.133129331438279	952	392	0.012343017336745	0.0682570435097136
UNINTEGRATED.g__Fusicatenibacter.s__Fusicatenibacter_saccharivorans	study_condition	T2D	-0.370376750101681	0.147765482472144	952	361	0.01235934125897	0.0683036983424892
HISTSYN.PWY..L.histidine.biosynthesis.g__Bacteroides.s__Bacteroides_vulgatus_CAG_6	BMI	BMI	0.0217670775975862	0.00868780583323161	952	667	0.0123955956640894	0.0684303481647442
PWY.6527..stachyose.degradation.g__Roseburia.s__Roseburia_faecis	BMI	BMI	0.0303532479354296	0.0121151118553921	952	368	0.0123980619249981	0.0684303481647442
PWY.5103..L.isoleucine.biosynthesis.III	gender	male	0.0847036455230125	0.0338194129822533	952	949	0.0124265518878026	0.0685439104129748
X1CMET2.PWY..N10.formyl.tetrahydrofolate.biosynthesis.g__Bacteroides.s__Bacteroides_uniformis	BMI	BMI	-0.0269934117227931	0.0107806255621777	952	626	0.0124511637253541	0.0686359502619771
PWY.2942..L.lysine.biosynthesis.III.g__Barnesiella.s__Barnesiella_intestinihominis	study_condition	T2D	-0.482404486577951	0.192683746045933	952	252	0.012460750712533	0.068645102525786
PEPTIDOGLYCANSYN.PWY..peptidoglycan.biosynthesis.I..meso.diaminopimelate.containing..g__Faecalibacterium.s__Faecalibacterium_prausnitzii	study_condition	T2D	-0.332411887203978	0.132931146301049	952	385	0.012565212629469	0.0691601780915584
GLYCOCAT.PWY..glycogen.degradation.I..bacterial..unclassified	gender	male	0.308495166976753	0.123373888522432	952	272	0.0125702217455096	0.0691601780915584
PWY.7229..superpathway.of.adenosine.nucleotides.de.novo.biosynthesis.I.g__Bacteroides.s__Bacteroides_vulgatus	study_condition	T2D	0.474772388218772	0.189921576568267	952	692	0.0125933671979274	0.0691995938667839
SER.GLYSYN.PWY..superpathway.of.L.serine.and.glycine.biosynthesis.I.g__Roseburia.s__Roseburia_inulinivorans	study_condition	T2D	0.390251648540892	0.156101130914507	952	252	0.0125877690198224	0.0691995938667839
PANTO.PWY..phosphopantothenate.biosynthesis.I.g__Alistipes.s__Alistipes_finegoldii	gender	male	-0.460021852974251	0.184069085234323	952	265	0.012616457392717	0.0692386064771416
PWY.7357..thiamin.formation.from.pyrithiamine.and.oxythiamine..yeast..g__Roseburia.s__Roseburia_inulinivorans	study_condition	T2D	0.272765437746808	0.109134719443503	952	220	0.0126105984659169	0.0692386064771416
GLYCOGENSYNTH.PWY..glycogen.biosynthesis.I..from.ADP.D.Glucose..unclassified	study_condition	T2D	0.365929741881001	0.146458420062243	952	708	0.0126397231193249	0.0693223573232134
PWY.5103..L.isoleucine.biosynthesis.III.g__Eubacterium.s__Eubacterium_eligens	study_condition	T2D	-0.468661056533928	0.187596363486361	952	290	0.0126496938670817	0.0693331322081817
TRPSYN.PWY..L.tryptophan.biosynthesis.g__Roseburia.s__Roseburia_faecis	BMI	BMI	0.0204046048273719	0.00817403856972907	952	259	0.0127197671115899	0.0696731076447621
PWY.6969..TCA.cycle.V..2.oxoglutarate.ferredoxin.oxidoreductase..unclassified	age_category	senior	0.363345187506984	0.145763954942501	952	230	0.0128476431993802	0.0703290708638639
PWY.6317..galactose.degradation.I..Leloir.pathway..g__Roseburia.s__Roseburia_inulinivorans	study_condition	T2D	0.406695843556298	0.16320308387804	952	230	0.0128740450499844	0.0704290777845008
BRANCHED.CHAIN.AA.SYN.PWY..superpathway.of.branched.amino.acid.biosynthesis.g__Eubacterium.s__Eubacterium_eligens	study_condition	T2D	-0.471853532392696	0.189368788940789	952	290	0.0128828405920678	0.0704327017217847
PWY.7198..pyrimidine.deoxyribonucleotides.de.novo.biosynthesis.IV	study_condition	T2D	0.381444364126517	0.153099619376421	952	763	0.0128914654653106	0.0704353885991101
SER.GLYSYN.PWY..superpathway.of.L.serine.and.glycine.biosynthesis.I.g__Bacteroides.s__Bacteroides_caccae	study_condition	T2D	0.38128530623144	0.153072143926371	952	371	0.0129128174629437	0.0704716201722213
PWY.5686..UMP.biosynthesis.g__Roseburia.s__Roseburia_inulinivorans	age_category	senior	-0.441047177920867	0.177067416595071	952	245	0.012914371964586	0.0704716201722213
PWY.6700..queuosine.biosynthesis.g__Barnesiella.s__Barnesiella_intestinihominis	study_condition	T2D	-0.450225508198613	0.180806059519156	952	218	0.0129411627483016	0.0705590522421
PWY0.845..superpathway.of.pyridoxal.5..phosphate.biosynthesis.and.salvage.g__Bacteroides.s__Bacteroides_thetaiotaomicron	study_condition	T2D	0.378037110651351	0.151825236451877	952	271	0.0129466898398033	0.0705590522421
PWY.3841..folate.transformations.II.g__Bacteroides.s__Bacteroides_uniformis	BMI	BMI	-0.0261859842818478	0.0105247583428909	952	748	0.0130160546896592	0.0708212777746137
COA.PWY..coenzyme.A.biosynthesis.I.g__Barnesiella.s__Barnesiella_intestinihominis	study_condition	T2D	-0.506883105464924	0.203726654210698	952	268	0.0130153895684959	0.0708212777746137
PWY.6545..pyrimidine.deoxyribonucleotides.de.novo.biosynthesis.III.unclassified	BMI	BMI	-0.0199482859385774	0.00801797284876462	952	580	0.0130193388241553	0.0708212777746137
PWY.5100..pyruvate.fermentation.to.acetate.and.lactate.II.g__Roseburia.s__Roseburia_inulinivorans_CAG_15	study_condition	T2D	0.371730879441923	0.149483465208411	952	256	0.0130622047916578	0.071009851535315
PWY.6609..adenine.and.adenosine.salvage.III.g__Bacteroides.s__Bacteroides_uniformis_CAG_3	gender	male	-0.543064960624709	0.218447556544781	952	722	0.0130895595753007	0.0710408570541369
PWY.6126..superpathway.of.adenosine.nucleotides.de.novo.biosynthesis.II.g__Bacteroides.s__Bacteroides_vulgatus	study_condition	T2D	0.471951779837545	0.189840487803008	952	692	0.0130886820009811	0.0710408570541369
BRANCHED.CHAIN.AA.SYN.PWY..superpathway.of.branched.amino.acid.biosynthesis.g__Prevotella.s__Prevotella_copri_CAG_164	BMI	BMI	0.0280843717156329	0.0112972897174676	952	335	0.0130925182284529	0.0710408570541369
PWY.7400..L.arginine.biosynthesis.IV..archaebacteria..g__Lachnospira.s__Lachnospira_pectinoschiza	study_condition	T2D	-0.458796331973712	0.184601698544322	952	228	0.0131147481338088	0.0711131755259253
ARGSYN.PWY..L.arginine.biosynthesis.I..via.L.ornithine..g__Lachnospira.s__Lachnospira_pectinoschiza	study_condition	T2D	-0.458653182914196	0.18455935777161	952	228	0.013122269571643	0.0711131755259253
PWY66.422..D.galactose.degradation.V..Leloir.pathway..g__Roseburia.s__Roseburia_inulinivorans_CAG_15	study_condition	T2D	0.413688281064563	0.166503610296327	952	297	0.0131429794053106	0.0711808640712882
ILEUSYN.PWY..L.isoleucine.biosynthesis.I..from.threonine..g__Akkermansia.s__Akkermansia_muciniphila	study_condition	T2D	0.344538006936869	0.138713247344735	952	214	0.0131703490105762	0.0712845140197437
PWY.5695..urate.biosynthesis.inosine.5..phosphate.degradation.g__Bacteroides.s__Bacteroides_vulgatus_CAG_6	BMI	BMI	0.0254922356002384	0.0102706230735641	952	713	0.0132351938118431	0.0715014213415854
PANTO.PWY..phosphopantothenate.biosynthesis.I.g__Bacteroides.s__Bacteroides_vulgatus	BMI	BMI	0.0288034635193199	0.0116029232630742	952	741	0.0132212476936467	0.0715014213415854
ILEUSYN.PWY..L.isoleucine.biosynthesis.I..from.threonine..g__Prevotella.s__Prevotella_copri_CAG_164	BMI	BMI	0.0255869713053722	0.0103080096420599	952	335	0.0132282503613101	0.0715014213415854
PWY66.400..glycolysis.VI..metazoan..unclassified	age_category	senior	0.475168418694726	0.191501353438689	952	608	0.0132637714068351	0.0716111349022393
PWY.7111..pyruvate.fermentation.to.isobutanol..engineered..g__Bacteroides.s__Bacteroides_uniformis	BMI	BMI	-0.0256705372467513	0.0103472671160884	952	762	0.0132778061971233	0.0716143487227935
PWY.6700..queuosine.biosynthesis.g__Roseburia.s__Roseburia_inulinivorans_CAG_15	age_category	senior	-0.419045510792647	0.168914354421637	952	226	0.0132809057793079	0.0716143487227935
PWY.7539..6.hydroxymethyl.dihydropterin.diphosphate.biosynthesis.III..Chlamydia..g__Bacteroides.s__Bacteroides_uniformis	study_condition	T2D	0.46399516658619	0.187188535180901	952	599	0.0133572660391436	0.0719527874028473
P164.PWY..purine.nucleobases.degradation.I..anaerobic.	study_condition	T2D	0.408290806832276	0.164721245137903	952	540	0.0133602866216834	0.0719527874028473
ILEUSYN.PWY..L.isoleucine.biosynthesis.I..from.threonine..g__Roseburia.s__Roseburia_inulinivorans	study_condition	T2D	0.353699480718469	0.14277730171742	952	339	0.0134123299741199	0.0721881774865618
PWY.6151..S.adenosyl.L.methionine.cycle.I.g__Bacteroides.s__Bacteroides_vulgatus	BMI	BMI	0.0246583640989134	0.00995648175019475	952	707	0.0134372406125333	0.0722773314935023
PWY.7219..adenosine.ribonucleotides.de.novo.biosynthesis.g__Eubacterium.s__Eubacterium_sp_CAG_180	age_category	senior	0.627792296772011	0.253535112343402	952	207	0.0134544134646025	0.0722799135257179
PANTO.PWY..phosphopantothenate.biosynthesis.I.g__Roseburia.s__Roseburia_faecis	BMI	BMI	0.0285871604816023	0.0115449381042093	952	360	0.0134540842997968	0.0722799135257179
PWY.1042..glycolysis.IV..plant.cytosol..g__Bacteroides.s__Bacteroides_vulgatus	BMI	BMI	0.0226046062322361	0.00913760849933142	952	732	0.0135428845892682	0.0727100933310989
PWY.5667..CDP.diacylglycerol.biosynthesis.I.g__Bacteroides.s__Bacteroides_uniformis	study_condition	T2D	0.522771219042625	0.211423649229782	952	697	0.0135871864469415	0.072857606582361
PWY0.1319..CDP.diacylglycerol.biosynthesis.II.g__Bacteroides.s__Bacteroides_uniformis	study_condition	T2D	0.522771219042625	0.211423649229782	952	697	0.0135871864469415	0.072857606582361
PWY.7383..anaerobic.energy.metabolism..invertebrates..cytosol..unclassified	age_category	senior	0.465276813144208	0.188373598274289	952	468	0.0136878120669713	0.0733517651608737
PWY.5097..L.lysine.biosynthesis.VI.g__Bacteroides.s__Bacteroides_vulgatus_CAG_6	BMI	BMI	0.0192153735921252	0.00778031124746294	952	526	0.0136963566289926	0.0733521635170536
PWY.6387..UDP.N.acetylmuramoyl.pentapeptide.biosynthesis.I..meso.diaminopimelate.containing.	BMI	BMI	0.00327937897694951	0.00132859155399032	952	948	0.0137508844936143	0.0735986772031521
BRANCHED.CHAIN.AA.SYN.PWY..superpathway.of.branched.amino.acid.biosynthesis.g__Akkermansia.s__Akkermansia_muciniphila	study_condition	T2D	0.348043528037214	0.141087246148514	952	214	0.0138061326830152	0.0738487393668386
PWY.6147..6.hydroxymethyl.dihydropterin.diphosphate.biosynthesis.I.g__Bacteroides.s__Bacteroides_vulgatus_CAG_6	BMI	BMI	0.0202436075496516	0.00821347725467295	952	562	0.0138900730223374	0.0741603158899151
X1CMET2.PWY..N10.formyl.tetrahydrofolate.biosynthesis.g__Bacteroides.s__Bacteroides_ovatus	age_category	senior	-0.655326935055204	0.26587458290462	952	403	0.0138856270307266	0.0741603158899151
POLYAMINSYN3.PWY..superpathway.of.polyamine.biosynthesis.II	gender	male	0.375625000480177	0.152394529287096	952	522	0.0138847714240673	0.0741603158899151
PWY.5177..glutaryl.CoA.degradation.unclassified	age_category	senior	0.399670644470565	0.162214929656459	952	395	0.0139227561341744	0.0742890130141409
PWY.5103..L.isoleucine.biosynthesis.III.g__Prevotella.s__Prevotella_copri_CAG_164	BMI	BMI	0.030449441439862	0.012362950294295	952	335	0.0139565483339324	0.0744234658693687
DTDPRHAMSYN.PWY..dTDP.L.rhamnose.biosynthesis.I.g__Alistipes.s__Alistipes_putredinis_CAG_67	gender	male	-0.455591831734403	0.185244902630079	952	423	0.0140946771913927	0.0751137873707449
DTDPRHAMSYN.PWY..dTDP.L.rhamnose.biosynthesis.I.g__Eubacterium.s__Eubacterium_eligens	age_category	senior	0.703502679401157	0.286152204416505	952	423	0.0141302773410692	0.0752571966627668
PWY.5695..urate.biosynthesis.inosine.5..phosphate.degradation.g__Barnesiella.s__Barnesiella_intestinihominis	study_condition	T2D	-0.255349001592615	0.103947811331909	952	207	0.0142078617859481	0.0756238986271118
PWY.5667..CDP.diacylglycerol.biosynthesis.I.g__Barnesiella.s__Barnesiella_intestinihominis	BMI	BMI	-0.0114723211287305	0.00467110745393944	952	191	0.0142272881555704	0.0756343250013746
PWY0.1319..CDP.diacylglycerol.biosynthesis.II.g__Barnesiella.s__Barnesiella_intestinihominis	BMI	BMI	-0.0114723211287305	0.00467110745393944	952	191	0.0142272881555704	0.0756343250013746
ARGININE.SYN4.PWY..L.ornithine.de.novo..biosynthesis.g__Bacteroides.s__Bacteroides_uniformis_CAG_3	BMI	BMI	-0.0251030484433711	0.0102268788911665	952	708	0.0142825510045302	0.0758815286498355
PWY.5103..L.isoleucine.biosynthesis.III.g__Akkermansia.s__Akkermansia_muciniphila	study_condition	T2D	0.34904369949685	0.142281665198357	952	214	0.0143389563944396	0.0761344956320336
UNINTEGRATED.g__Blautia.s__Blautia_obeum	BMI	BMI	-0.0186145832047792	0.00758860367032242	952	414	0.0143477772823824	0.0761345166631732
HISTSYN.PWY..L.histidine.biosynthesis.g__Bacteroides.s__Bacteroides_ovatus	age_category	senior	-0.511223790221665	0.208429298704975	952	440	0.0143565433846376	0.0761345166631732
PWY.6387..UDP.N.acetylmuramoyl.pentapeptide.biosynthesis.I..meso.diaminopimelate.containing..g__Roseburia.s__Roseburia_inulinivorans_CAG_15	study_condition	T2D	0.370356182600588	0.151051410531296	952	203	0.0143918377462597	0.0762749785083286
PWY.6385..peptidoglycan.biosynthesis.III..mycobacteria..g__Bacteroides.s__Bacteroides_uniformis_CAG_3	BMI	BMI	-0.0261857060158503	0.0106930602052918	952	688	0.014511666998421	0.076863019086438
HSERMETANA.PWY..L.methionine.biosynthesis.III.g__Eubacterium.s__Eubacterium_eligens	age_category	senior	0.554061245671582	0.226394284763277	952	335	0.0145726916788978	0.0771390647550461
PWY.6122..5.aminoimidazole.ribonucleotide.biosynthesis.II.g__Barnesiella.s__Barnesiella_intestinihominis	study_condition	T2D	-0.518388701847021	0.211943016608642	952	249	0.0146307115634154	0.0773516252375931
PWY.6277..superpathway.of.5.aminoimidazole.ribonucleotide.biosynthesis.g__Barnesiella.s__Barnesiella_intestinihominis	study_condition	T2D	-0.518388701847021	0.211943016608642	952	249	0.0146307115634154	0.0773516252375931
PWY.7221..guanosine.ribonucleotides.de.novo.biosynthesis.g__Bacteroides.s__Bacteroides_uniformis_CAG_3	gender	male	-0.541327518478777	0.221345282855078	952	732	0.014641291362067	0.0773603314188531
PWY.5188..tetrapyrrole.biosynthesis.I..from.glutamate..unclassified	study_condition	T2D	0.359633698843655	0.147070176623306	952	530	0.0146535784490625	0.0773780422980982
THISYNARA.PWY..superpathway.of.thiamin.diphosphate.biosynthesis.III..eukaryotes..g__Bacteroides.s__Bacteroides_uniformis	BMI	BMI	-0.0286534845515183	0.0117211115558228	952	729	0.0146824967263791	0.0774634989771113
PWY.5989..stearate.biosynthesis.II..bacteria.and.plants..unclassified	gender	male	0.332298154955365	0.135938329056333	952	340	0.0146876518845747	0.0774634989771113
PWY.5973..cis.vaccenate.biosynthesis.g__Bacteroides.s__Bacteroides_caccae	study_condition	T2D	0.523797017375472	0.21430792623418	952	422	0.0147015960550285	0.0774898489571192
PWY0.1296..purine.ribonucleosides.degradation.g__Eubacterium.s__Eubacterium_eligens_CAG_72	gender	male	-0.479741681523303	0.196318708237389	952	353	0.0147196107634619	0.0775376090094768
PWY.5686..UMP.biosynthesis.g__Alistipes.s__Alistipes_finegoldii	gender	male	-0.465527793568095	0.190542409571935	952	308	0.0147405595671382	0.0776007573564842
PWY.3841..folate.transformations.II.g__Bacteroides.s__Bacteroides_uniformis_CAG_3	BMI	BMI	-0.0238285861523937	0.00975620325002462	952	736	0.0147717543767263	0.0777177356636995
ILEUSYN.PWY..L.isoleucine.biosynthesis.I..from.threonine..g__Bacteroides.s__Bacteroides_uniformis	gender	male	-0.455502738206656	0.186556254271753	952	735	0.0148029357408677	0.0777600636112307
PWY.7111..pyruvate.fermentation.to.isobutanol..engineered..g__Prevotella.s__Prevotella_copri_CAG_164	BMI	BMI	0.0309031825028999	0.0126572286481062	952	335	0.0148067372857875	0.0777600636112307
PWY.5686..UMP.biosynthesis.g__Bacteroides.s__Bacteroides_ovatus	age_category	senior	-0.608807400660054	0.249336504618612	952	413	0.0147999867725642	0.0777600636112307
PWY0.1586..peptidoglycan.maturation..meso.diaminopimelate.containing..g__Bacteroides.s__Bacteroides_thetaiotaomicron	study_condition	T2D	0.394426080928428	0.161592959643304	952	313	0.0148345629161962	0.0778118200207505
PWY.5723..Rubisco.shunt.unclassified	age_category	senior	0.340885017578244	0.139652881114558	952	255	0.01483116270534	0.0778118200207505
VALSYN.PWY..L.valine.biosynthesis.g__Roseburia.s__Roseburia_hominis	study_condition	T2D	-0.45681164917813	0.187240284298778	952	376	0.0148817117425551	0.0780118787472927
PANTO.PWY..phosphopantothenate.biosynthesis.I.g__Bacteroides.s__Bacteroides_uniformis_CAG_3	BMI	BMI	-0.0251335368497485	0.010306269304239	952	733	0.0149244648012184	0.0781413936992451
CALVIN.PWY..Calvin.Benson.Bassham.cycle.g__Roseburia.s__Roseburia_faecis	BMI	BMI	0.0210666576616355	0.00863833230012031	952	323	0.0149213293193477	0.0781413936992451
VALSYN.PWY..L.valine.biosynthesis.g__Bacteroides.s__Bacteroides_eggerthii	BMI	BMI	-0.0251289777856409	0.0103093622836395	952	194	0.0149726981497866	0.078346565545107
PWY.6387..UDP.N.acetylmuramoyl.pentapeptide.biosynthesis.I..meso.diaminopimelate.containing..g__Faecalibacterium.s__Faecalibacterium_prausnitzii	BMI	BMI	-0.0206039361117625	0.00845529281861215	952	612	0.0150007721537512	0.0784460669393028
PWY.7111..pyruvate.fermentation.to.isobutanol..engineered..g__Roseburia.s__Roseburia_hominis	BMI	BMI	-0.0226292866118995	0.00929097797418845	952	437	0.0150498836159522	0.0786553965685857
PWY.7111..pyruvate.fermentation.to.isobutanol..engineered..g__Lachnospiraceae_unclassified.s__Eubacterium_rectale	study_condition	T2D	-0.557413752376245	0.228895535084852	952	610	0.0150659023908436	0.0786916252742494
PWY.6609..adenine.and.adenosine.salvage.III.g__Bacteroides.s__Bacteroides_vulgatus_CAG_6	BMI	BMI	0.0268522058111749	0.011036701996668	952	668	0.0151588421832029	0.0791293389430603
GLYCOLYSIS..glycolysis.I..from.glucose.6.phosphate.	BMI	BMI	0.00649543643608683	0.00267061571206733	952	935	0.0151923608105983	0.0792205938161258
COA.PWY.1..coenzyme.A.biosynthesis.II..mammalian..g__Roseburia.s__Roseburia_faecis	BMI	BMI	0.0286856161729416	0.0117944290533222	952	349	0.0151946196684278	0.0792205938161258
PWY.7357..thiamin.formation.from.pyrithiamine.and.oxythiamine..yeast.	BMI	BMI	0.00391029047687304	0.00160815281938063	952	947	0.0152192761628181	0.079301402870039
PWY.5189..tetrapyrrole.biosynthesis.II..from.glycine.	BMI	BMI	0.0209721159858051	0.0086305475906451	952	346	0.0152843070445169	0.079592362601032
PWY.6892..thiazole.biosynthesis.I..E..coli..unclassified	study_condition	T2D	0.393832796800533	0.162088719448928	952	504	0.0152948157616123	0.0795992214516603
PWY.5103..L.isoleucine.biosynthesis.III.g__Bacteroides.s__Bacteroides_uniformis	BMI	BMI	-0.0230225207989181	0.00947788044855826	952	735	0.0153223822021039	0.0796947927148467
PWY.5667..CDP.diacylglycerol.biosynthesis.I.g__Alistipes.s__Alistipes_finegoldii	gender	male	-0.379831047604979	0.156436138541784	952	275	0.0153666508177324	0.0798116648549517
PWY0.1319..CDP.diacylglycerol.biosynthesis.II.g__Alistipes.s__Alistipes_finegoldii	gender	male	-0.379831047604979	0.156436138541784	952	275	0.0153666508177324	0.0798116648549517
PWY.7220..adenosine.deoxyribonucleotides.de.novo.biosynthesis.II.g__Bacteroides.s__Bacteroides_caccae	BMI	BMI	-0.0258276919208919	0.010640223332414	952	468	0.0153945663140717	0.0798116648549517
PWY.7222..guanosine.deoxyribonucleotides.de.novo.biosynthesis.II.g__Bacteroides.s__Bacteroides_caccae	BMI	BMI	-0.0258276919208919	0.010640223332414	952	468	0.0153945663140717	0.0798116648549517
PWY.5022..4.aminobutanoate.degradation.V	age_category	senior	0.522828324083106	0.215401110431787	952	500	0.0154001491885247	0.0798116648549517
PWY.6263..superpathway.of.menaquinol.8.biosynthesis.II	age_category	senior	0.389874762737293	0.160594870972806	952	306	0.0153807596721721	0.0798116648549517
UNINTEGRATED.g__Bacteroides.s__Bacteroides_ovatus	age_category	senior	-0.40012173437647	0.164988483414935	952	718	0.0154881873905394	0.0802199179438224
ARGININE.SYN4.PWY..L.ornithine.de.novo..biosynthesis.unclassified	age_category	senior	0.503650258038215	0.207798261316237	952	305	0.0155477773059969	0.0804804252659493
PWY.6609..adenine.and.adenosine.salvage.III.g__Lachnospira.s__Lachnospira_pectinoschiza	study_condition	T2D	-0.445047047854348	0.183666446880771	952	247	0.015574157418395	0.0805688191417566
ARGSYNBSUB.PWY..L.arginine.biosynthesis.II..acetyl.cycle.	study_condition	T2D	-0.134155444435064	0.0554236616258145	952	942	0.015684497931192	0.0810428115060398
RHAMCAT.PWY..L.rhamnose.degradation.I.g__Bacteroides.s__Bacteroides_uniformis	BMI	BMI	-0.031743466347147	0.0131140385608093	952	460	0.0156833498636817	0.0810428115060398
PWY.6386..UDP.N.acetylmuramoyl.pentapeptide.biosynthesis.II..lysine.containing..g__Faecalibacterium.s__Faecalibacterium_prausnitzii	BMI	BMI	-0.0198563035451743	0.00820585001437223	952	612	0.0157175568625091	0.0811652012100947
PWY.6121..5.aminoimidazole.ribonucleotide.biosynthesis.I.g__Bacteroides.s__Bacteroides_uniformis_CAG_3	BMI	BMI	-0.0295158622718762	0.0122035891961861	952	669	0.0157671312856491	0.0813726799366633
PWY.6387..UDP.N.acetylmuramoyl.pentapeptide.biosynthesis.I..meso.diaminopimelate.containing..g__Roseburia.s__Roseburia_inulinivorans	age_category	senior	-0.450311772293232	0.186243408917827	952	256	0.0157996560564637	0.0814919722745535
PWY.5083..NAD.NADH.phosphorylation.and.dephosphorylation.g__Bacteroides.s__Bacteroides_ovatus	age_category	senior	-0.464451298021527	0.192159127644609	952	349	0.0158364927489777	0.0816333495274685
PEPTIDOGLYCANSYN.PWY..peptidoglycan.biosynthesis.I..meso.diaminopimelate.containing..g__Bacteroides.s__Bacteroides_vulgatus	BMI	BMI	0.0216910992734586	0.00897641629048348	952	738	0.0158607083492159	0.0817095385509874
PWY.1042..glycolysis.IV..plant.cytosol..g__Bacteroides.s__Bacteroides_vulgatus_CAG_6	BMI	BMI	0.02727076792915	0.0112898993296358	952	695	0.0159020050750354	0.0818735814208124
PWY.1269..CMP.3.deoxy.D.manno.octulosonate.biosynthesis.I.g__Bacteroides.s__Bacteroides_thetaiotaomicron	study_condition	T2D	0.361907261930325	0.14991506166677	952	366	0.0159636978372407	0.0821423786515177
PWY.6124..inosine.5..phosphate.biosynthesis.II.g__Barnesiella.s__Barnesiella_intestinihominis	study_condition	T2D	-0.457796321112435	0.189767494104055	952	236	0.016036801422268	0.08246953700525
PWY.7282..4.amino.2.methyl.5.phosphomethylpyrimidine.biosynthesis..yeast..g__Bacteroides.s__Bacteroides_uniformis	BMI	BMI	-0.023248660281712	0.00964390289898894	952	646	0.0161110789770595	0.0828023406180034
PWY.6703..preQ0.biosynthesis.g__Bacteroides.s__Bacteroides_vulgatus_CAG_6	BMI	BMI	0.0238622953184352	0.00990134444777572	952	656	0.0161420570002386	0.0829123449715697
PWY.7539..6.hydroxymethyl.dihydropterin.diphosphate.biosynthesis.III..Chlamydia..g__Prevotella.s__Prevotella_copri_CAG_164	gender	male	0.474320803129176	0.196837409515697	952	244	0.0161551178355775	0.0829302433053355
PWY66.389..phytol.degradation	BMI	BMI	0.0334096945716657	0.0138676652665608	952	336	0.0161784143215804	0.0830006327161647
ARGSYN.PWY..L.arginine.biosynthesis.I..via.L.ornithine.	BMI	BMI	-0.00600335862749642	0.00249292090664546	952	940	0.0162232717801118	0.0831138219125603
PWY.5686..UMP.biosynthesis.g__Roseburia.s__Roseburia_faecis	BMI	BMI	0.0245473198679093	0.0101942451614216	952	316	0.0162322802576133	0.0831138219125603
PWY.6122..5.aminoimidazole.ribonucleotide.biosynthesis.II.g__Bacteroides.s__Bacteroides_fragilis	study_condition	T2D	0.463494579657448	0.192496365477846	952	273	0.016238866821715	0.0831138219125603
PWY.6277..superpathway.of.5.aminoimidazole.ribonucleotide.biosynthesis.g__Bacteroides.s__Bacteroides_fragilis	study_condition	T2D	0.463494579657448	0.192496365477846	952	273	0.016238866821715	0.0831138219125603
P105.PWY..TCA.cycle.IV..2.oxoglutarate.decarboxylase.	gender	male	0.299694901025082	0.124493208024141	952	302	0.0162605470922086	0.0831756277723135
PWY.7196..superpathway.of.pyrimidine.ribonucleosides.salvage	BMI	BMI	-0.020098161682523	0.00835230494862974	952	540	0.0163056525023066	0.0833079354985106
PWY.5005..biotin.biosynthesis.II	BMI	BMI	0.0235857717791111	0.00980108842327323	952	631	0.0162993143496942	0.0833079354985106
PWY.6124..inosine.5..phosphate.biosynthesis.II.g__Bacteroides.s__Bacteroides_vulgatus	BMI	BMI	0.0256876418487182	0.0106786868320243	952	766	0.016340976217115	0.0834391828067313
PWY.7220..adenosine.deoxyribonucleotides.de.novo.biosynthesis.II.g__Bacteroides.s__Bacteroides_vulgatus	BMI	BMI	0.0258497454011286	0.0107503978979137	952	751	0.016384012348129	0.0835112106738065
PWY.7222..guanosine.deoxyribonucleotides.de.novo.biosynthesis.II.g__Bacteroides.s__Bacteroides_vulgatus	BMI	BMI	0.0258497454011286	0.0107503978979137	952	751	0.016384012348129	0.0835112106738065
PWY.7357..thiamin.formation.from.pyrithiamine.and.oxythiamine..yeast..g__Bacteroides.s__Bacteroides_uniformis_CAG_3	BMI	BMI	-0.0257376097911957	0.0107033611724512	952	665	0.0163799923055821	0.0835112106738065
COBALSYN.PWY..adenosylcobalamin.salvage.from.cobinamide.I.g__Faecalibacterium.s__Faecalibacterium_prausnitzii	age_category	senior	-0.402373781628812	0.16741569363361	952	481	0.0164329553181396	0.083711407679464
PWY.6892..thiazole.biosynthesis.I..E..coli..g__Bacteroides.s__Bacteroides_uniformis	BMI	BMI	-0.0230077807625466	0.00957679084420121	952	651	0.0164771887621075	0.0838873925219585
PWY.6608..guanosine.nucleotides.degradation.III.g__Faecalibacterium.s__Faecalibacterium_prausnitzii	study_condition	T2D	-0.306406920993264	0.127596146950329	952	308	0.0165252154376606	0.084082471028285
TCA..TCA.cycle.I..prokaryotic..unclassified	age_category	senior	0.35506315607081	0.147965199860254	952	343	0.0166035243997175	0.0844313102181758
COA.PWY.1..coenzyme.A.biosynthesis.II..mammalian..g__Bacteroides.s__Bacteroides_vulgatus_CAG_6	BMI	BMI	0.0241491267259896	0.0100659703605229	952	698	0.016628501714143	0.0844591348061457
PWY.5097..L.lysine.biosynthesis.VI.g__Alistipes.s__Alistipes_finegoldii	gender	male	-0.306900840793157	0.127921972169414	952	233	0.016626719551475	0.0844591348061457
PWY.621..sucrose.degradation.III..sucrose.invertase..g__Roseburia.s__Roseburia_faecis	BMI	BMI	0.0169199215684191	0.00705586799602468	952	321	0.0166778894100474	0.0846603295961373
PWY.6609..adenine.and.adenosine.salvage.III.g__Bacteroides.s__Bacteroides_uniformis	gender	male	-0.504878418962317	0.210617418351475	952	733	0.0167167424136561	0.0848078437623091
PWY.6123..inosine.5..phosphate.biosynthesis.I.g__Alistipes.s__Alistipes_finegoldii	gender	male	-0.423077401605177	0.176550059680469	952	340	0.0167519476448619	0.0849366900494753
HISTSYN.PWY..L.histidine.biosynthesis.g__Bacteroides.s__Bacteroides_caccae	study_condition	T2D	0.457877742036739	0.191177055575704	952	339	0.0168117288534202	0.0851768993492647
UNINTEGRATED.g__Prevotella.s__Prevotella_copri_CAG_164	BMI	BMI	0.0335221865961896	0.0139974036104799	952	377	0.016818995137095	0.0851768993492647
PWY.6386..UDP.N.acetylmuramoyl.pentapeptide.biosynthesis.II..lysine.containing..g__Bacteroides.s__Bacteroides_uniformis	BMI	BMI	-0.0259586116094425	0.0108417522334185	952	549	0.0168448691301267	0.0852157546636855
PWY.7111..pyruvate.fermentation.to.isobutanol..engineered..g__Alistipes.s__Alistipes_finegoldii	gender	male	-0.384559200160541	0.160625355927337	952	341	0.0168531450528864	0.0852157546636855
SALVADEHYPOX.PWY..adenosine.nucleotides.degradation.II.g__Faecalibacterium.s__Faecalibacterium_prausnitzii	study_condition	T2D	-0.304623353386457	0.127240737648121	952	308	0.0168561879606112	0.0852157546636855
PWY.5695..urate.biosynthesis.inosine.5..phosphate.degradation.g__Prevotella.s__Prevotella_copri_CAG_164	BMI	BMI	0.0250212848682842	0.0104536365176351	952	304	0.0168800701567725	0.0852369723368223
PWY.6700..queuosine.biosynthesis.g__Roseburia.s__Roseburia_faecis	BMI	BMI	0.0272391860342297	0.0113792319852029	952	298	0.0168702521937861	0.0852369723368223
PWY.821..superpathway.of.sulfur.amino.acid.biosynthesis..Saccharomyces.cerevisiae.	BMI	BMI	0.0191437188176931	0.00800238759348041	952	340	0.0169394981336436	0.0854872108609285
PWY.6737..starch.degradation.V.g__Alistipes.s__Alistipes_finegoldii	gender	male	-0.501280064182317	0.209590606918714	952	307	0.0169643010476895	0.0855625201356968
X1CMET2.PWY..N10.formyl.tetrahydrofolate.biosynthesis.g__Alistipes.s__Alistipes_finegoldii	gender	male	-0.383490192365878	0.160368965746786	952	287	0.016983200217419	0.0856079824696441
PWY.6700..queuosine.biosynthesis.g__Bacteroides.s__Bacteroides_uniformis	gender	male	-0.450513567220127	0.188506649784941	952	755	0.0170472683330918	0.0858809445983566
DENOVOPURINE2.PWY..superpathway.of.purine.nucleotides.de.novo.biosynthesis.II	BMI	BMI	0.00490890106445173	0.00205437821411788	952	937	0.0170669041151369	0.08592987769598
DTDPRHAMSYN.PWY..dTDP.L.rhamnose.biosynthesis.I.unclassified	study_condition	T2D	-0.226902155536466	0.0950144015509611	952	930	0.0171316999828972	0.0861559360347791
THISYNARA.PWY..superpathway.of.thiamin.diphosphate.biosynthesis.III..eukaryotes..g__Bacteroides.s__Bacteroides_uniformis_CAG_3	gender	male	-0.458635882578329	0.192050914040867	952	721	0.0171310714915161	0.0861559360347791
FASYN.INITIAL.PWY..superpathway.of.fatty.acid.biosynthesis.initiation..E..coli..g__Bacteroides.s__Bacteroides_vulgatus	BMI	BMI	0.0240511061202324	0.0100723371789251	952	531	0.0171430101373844	0.0861627787520309
PANTO.PWY..phosphopantothenate.biosynthesis.I.g__Bacteroides.s__Bacteroides_uniformis	BMI	BMI	-0.0269859702265392	0.0113050620135088	952	710	0.0171786461003443	0.086229227340414
PWY.5686..UMP.biosynthesis.g__Prevotella.s__Prevotella_copri_CAG_164	BMI	BMI	0.0197701844166314	0.00828274501778518	952	271	0.0171859628382176	0.086229227340414
PWY.6147..6.hydroxymethyl.dihydropterin.diphosphate.biosynthesis.I.g__Prevotella.s__Prevotella_copri_CAG_164	gender	male	0.472046830210866	0.197764895245314	952	244	0.017186102354452	0.086229227340414
PWY.7219..adenosine.ribonucleotides.de.novo.biosynthesis.g__Barnesiella.s__Barnesiella_intestinihominis	BMI	BMI	-0.0234452626929425	0.00982641141760594	952	216	0.0172310138893744	0.0864045050851086
PWY.5686..UMP.biosynthesis.g__Gemmiger.s__Gemmiger_formicilis	study_condition	T2D	-0.341350624353846	0.143102188861067	952	271	0.0172580787229702	0.0864825490228356
PWY.5667..CDP.diacylglycerol.biosynthesis.I.g__Eubacterium.s__Eubacterium_eligens	study_condition	T2D	-0.461244968778813	0.193396789133925	952	297	0.0172765369295041	0.0864825490228356
PWY0.1319..CDP.diacylglycerol.biosynthesis.II.g__Eubacterium.s__Eubacterium_eligens	study_condition	T2D	-0.461244968778813	0.193396789133925	952	297	0.0172765369295041	0.0864825490228356
VALSYN.PWY..L.valine.biosynthesis.g__Escherichia.s__Escherichia_coli	gender	male	0.618327729631397	0.259311737597068	952	242	0.0172985474843954	0.0865427043413427
PWY.5100..pyruvate.fermentation.to.acetate.and.lactate.II	gender	male	0.187176524188953	0.0785323203204606	952	931	0.0173482666166227	0.0867413330831134
PWY.6703..preQ0.biosynthesis.g__Eubacterium.s__Eubacterium_eligens_CAG_72	gender	male	-0.385503355270537	0.161768717049394	952	336	0.017366096137785	0.086780376545423
ILEUSYN.PWY..L.isoleucine.biosynthesis.I..from.threonine..g__Bacteroides.s__Bacteroides_uniformis	BMI	BMI	-0.0229257923571615	0.00962350207517568	952	735	0.0174027624512845	0.0868252820574352
PWY.6147..6.hydroxymethyl.dihydropterin.diphosphate.biosynthesis.I.unclassified	BMI	BMI	0.0199642954187477	0.00838054154973042	952	264	0.0174051604678646	0.0868252820574352
PANTO.PWY..phosphopantothenate.biosynthesis.I.g__Barnesiella.s__Barnesiella_intestinihominis	study_condition	T2D	-0.265017486493573	0.11123664439554	952	205	0.0173936322648347	0.0868252820574352
BRANCHED.CHAIN.AA.SYN.PWY..superpathway.of.branched.amino.acid.biosynthesis.g__Bacteroides.s__Bacteroides_uniformis	BMI	BMI	-0.0226244370163325	0.00949855413492304	952	735	0.017421045937399	0.0868544950016555
PWY.7539..6.hydroxymethyl.dihydropterin.diphosphate.biosynthesis.III..Chlamydia..g__Bacteroides.s__Bacteroides_uniformis	BMI	BMI	-0.0225101430752083	0.00946066576525221	952	599	0.0175409186090762	0.0874018153939012
SULFATE.CYS.PWY..superpathway.of.sulfate.assimilation.and.cysteine.biosynthesis.unclassified	age_category	senior	0.303435613375304	0.127631652558529	952	261	0.0176313704641787	0.0878019943759562
PEPTIDOGLYCANSYN.PWY..peptidoglycan.biosynthesis.I..meso.diaminopimelate.containing..g__Prevotella.s__Prevotella_copri_CAG_164	BMI	BMI	0.0242329819135537	0.0101957267268022	952	304	0.0176624695358659	0.0879063138968957
PWY.6549..L.glutamine.biosynthesis.III	BMI	BMI	0.0207435134632092	0.00873291965203372	952	647	0.0177317962323532	0.0882006636256054
PANTO.PWY..phosphopantothenate.biosynthesis.I.g__Bacteroides.s__Bacteroides_uniformis	study_condition	T2D	0.531114946260719	0.223681720816141	952	710	0.0177748818826867	0.0883642233662839
PWY.7199..pyrimidine.deoxyribonucleosides.salvage.g__Bacteroides.s__Bacteroides_vulgatus	BMI	BMI	0.0235004719381414	0.00991505569339099	952	687	0.017978903772176	0.0893271983172943
PWY.6609..adenine.and.adenosine.salvage.III.g__Prevotella.s__Prevotella_copri_CAG_164	BMI	BMI	0.0283281768087921	0.0119589798212139	952	326	0.0180467732019665	0.0896129907849943
PWY.6385..peptidoglycan.biosynthesis.III..mycobacteria..g__Prevotella.s__Prevotella_copri_CAG_164	BMI	BMI	0.0243977926462941	0.0103063265167654	952	303	0.0181203755780916	0.0899269068803858
X1CMET2.PWY..N10.formyl.tetrahydrofolate.biosynthesis.g__Barnesiella.s__Barnesiella_intestinihominis	BMI	BMI	-0.0131748262373826	0.00557537785376558	952	218	0.0183270928028331	0.0908486683872553
PWY.561..superpathway.of.glyoxylate.cycle.and.fatty.acid.degradation	gender	male	0.326070454552809	0.137978389254621	952	293	0.018319127024294	0.0908486683872553
PWY.6151..S.adenosyl.L.methionine.cycle.I.g__Lachnospira.s__Lachnospira_pectinoschiza	study_condition	T2D	-0.529466946860348	0.2241623591817	952	249	0.0183791467546987	0.0910545828922717
PWY.5097..L.lysine.biosynthesis.VI.unclassified	study_condition	T2D	-0.29403193669589	0.124506168770779	952	878	0.018398592506671	0.0910988056648201
PWY.5695..urate.biosynthesis.inosine.5..phosphate.degradation.g__Roseburia.s__Roseburia_faecis	BMI	BMI	0.0232265330438424	0.00983806832361562	952	270	0.0184332364738328	0.0912181873505095
ILEUSYN.PWY..L.isoleucine.biosynthesis.I..from.threonine.	BMI	BMI	0.00312761196187243	0.00132612554474035	952	949	0.01855338832187	0.0915511925170336
VALSYN.PWY..L.valine.biosynthesis	BMI	BMI	0.00312761196187243	0.00132612554474035	952	949	0.01855338832187	0.0915511925170336
PWY.5177..glutaryl.CoA.degradation	BMI	BMI	-0.0123102333515824	0.00521823113466441	952	905	0.0185224443328207	0.0915511925170336
PWY.6122..5.aminoimidazole.ribonucleotide.biosynthesis.II.g__Eubacterium.s__Eubacterium_eligens	gender	male	-0.427922432851319	0.181419690890422	952	431	0.0185392513942526	0.0915511925170336
PWY.6277..superpathway.of.5.aminoimidazole.ribonucleotide.biosynthesis.g__Eubacterium.s__Eubacterium_eligens	gender	male	-0.427922432851319	0.181419690890422	952	431	0.0185392513942526	0.0915511925170336
PWY.6969..TCA.cycle.V..2.oxoglutarate.ferredoxin.oxidoreductase..unclassified	gender	male	0.28786438289469	0.12216854289515	952	230	0.0186614598769181	0.0920320287779675
PWY.5097..L.lysine.biosynthesis.VI.g__Bacteroides.s__Bacteroides_vulgatus_CAG_6	study_condition	T2D	0.362598185718898	0.153941075797561	952	526	0.0187041513805793	0.0921767105458822
CALVIN.PWY..Calvin.Benson.Bassham.cycle.g__Eubacterium.s__Eubacterium_eligens	age_category	senior	0.472982543106525	0.200818274299046	952	247	0.0187120851200532	0.0921767105458822
PWY.6549..L.glutamine.biosynthesis.III	gender	male	0.398663580589648	0.169291882145706	952	647	0.0187314902371053	0.0922198439188927
THISYNARA.PWY..superpathway.of.thiamin.diphosphate.biosynthesis.III..eukaryotes..g__Faecalibacterium.s__Faecalibacterium_prausnitzii	study_condition	T2D	-0.34389820707754	0.146059372721991	952	460	0.018750501282103	0.0922609892630752
PWY0.166..superpathway.of.pyrimidine.deoxyribonucleotides.de.novo.biosynthesis..E..coli..unclassified	BMI	BMI	-0.0178724986160745	0.00760470259907238	952	662	0.018968212413897	0.093279227430067
PWY.6122..5.aminoimidazole.ribonucleotide.biosynthesis.II.g__Roseburia.s__Roseburia_inulinivorans_CAG_15	study_condition	T2D	0.406792869859893	0.173121514541758	952	282	0.0189903581602286	0.0932821903956777
PWY.6277..superpathway.of.5.aminoimidazole.ribonucleotide.biosynthesis.g__Roseburia.s__Roseburia_inulinivorans_CAG_15	study_condition	T2D	0.406792869859893	0.173121514541758	952	282	0.0189903581602286	0.0932821903956777
PWY.6386..UDP.N.acetylmuramoyl.pentapeptide.biosynthesis.II..lysine.containing..g__Roseburia.s__Roseburia_inulinivorans	age_category	senior	-0.352601146987509	0.15019880815659	952	213	0.0191017267638964	0.0937760508930516
PWY.6936..seleno.amino.acid.biosynthesis.g__Roseburia.s__Roseburia_faecis	BMI	BMI	0.0271281204244225	0.0115623185141063	952	335	0.0191686132466765	0.0940510995559312
PWY.7539..6.hydroxymethyl.dihydropterin.diphosphate.biosynthesis.III..Chlamydia..g__Alistipes.s__Alistipes_putredinis	BMI	BMI	-0.0190936966419855	0.00814094934096963	952	320	0.019212791125701	0.0942144796990774
THISYN.PWY..superpathway.of.thiamin.diphosphate.biosynthesis.I.g__Bacteroides.s__Bacteroides_uniformis	gender	male	-0.402468195037846	0.171639232024014	952	612	0.0192404618766395	0.0942967741096198
PWY.6353..purine.nucleotides.degradation.II..aerobic.	age_category	senior	0.411570038653359	0.175606931022428	952	747	0.0192994912442156	0.0945325758907848
PWY.5667..CDP.diacylglycerol.biosynthesis.I.g__Bacteroides.s__Bacteroides_uniformis	BMI	BMI	-0.025025118342424	0.0106855287814495	952	697	0.0193890075439026	0.0948637318249695
PWY0.1319..CDP.diacylglycerol.biosynthesis.II.g__Bacteroides.s__Bacteroides_uniformis	BMI	BMI	-0.025025118342424	0.0106855287814495	952	697	0.0193890075439026	0.0948637318249695
PWY.6124..inosine.5..phosphate.biosynthesis.II.g__Akkermansia.s__Akkermansia_muciniphila	age_category	senior	0.348711533273256	0.148973218751165	952	214	0.0194509039383817	0.0950777754541321
PWY.5973..cis.vaccenate.biosynthesis.g__Alistipes.s__Alistipes_finegoldii	gender	male	-0.430076951284591	0.183766858629953	952	282	0.0194730002095166	0.0950777754541321
CALVIN.PWY..Calvin.Benson.Bassham.cycle.g__Roseburia.s__Roseburia_inulinivorans_CAG_15	age_category	senior	-0.377903235426441	0.161457001147157	952	227	0.0194605021183982	0.0950777754541321
PWY.5345..superpathway.of.L.methionine.biosynthesis..by.sulfhydrylation..unclassified	age_category	senior	0.33868793851377	0.144721779756392	952	261	0.0194766713228211	0.0950777754541321
PWY.6386..UDP.N.acetylmuramoyl.pentapeptide.biosynthesis.II..lysine.containing..g__Prevotella.s__Prevotella_copri	BMI	BMI	0.0228795132261774	0.00978092548700694	952	297	0.019532326328409	0.0951884895914587
PWY.2942..L.lysine.biosynthesis.III.g__Bacteroides.s__Bacteroides_thetaiotaomicron	study_condition	T2D	0.428101959366193	0.182986641443617	952	428	0.0195152548610732	0.0951884895914587
PWY0.1296..purine.ribonucleosides.degradation.g__Roseburia.s__Roseburia_inulinivorans	study_condition	T2D	0.381037413293526	0.162880170544512	952	306	0.0195232085043424	0.0951884895914587
COA.PWY.1..coenzyme.A.biosynthesis.II..mammalian..g__Bacteroides.s__Bacteroides_uniformis	gender	male	-0.470883144462884	0.201464636680365	952	719	0.0196311897444179	0.0956164809823727
PWY.7111..pyruvate.fermentation.to.isobutanol..engineered..g__Eubacterium.s__Eubacterium_eligens	age_category	senior	0.624970013517263	0.267420242847791	952	387	0.0196450779910058	0.0956303403047273
POLYAMINSYN3.PWY..superpathway.of.polyamine.biosynthesis.II	BMI	BMI	0.0183615270454393	0.00786126991327488	952	522	0.019715108861511	0.0959173273824072
PWY.7219..adenosine.ribonucleotides.de.novo.biosynthesis.g__Bacteroides.s__Bacteroides_thetaiotaomicron	study_condition	T2D	0.455155790462918	0.194909209389958	952	468	0.0197400261870463	0.095930766992043
PWY.3841..folate.transformations.II.g__Roseburia.s__Roseburia_inulinivorans_CAG_15	study_condition	T2D	0.306839246003603	0.131395711204831	952	225	0.0197394607452898	0.095930766992043
PWY.7221..guanosine.ribonucleotides.de.novo.biosynthesis.g__Bacteroides.s__Bacteroides_caccae	study_condition	T2D	0.546993005777319	0.234376081547559	952	437	0.0198132439224205	0.0962325812496699
ASPASN.PWY..superpathway.of.L.aspartate.and.L.asparagine.biosynthesis.g__Prevotella.s__Prevotella_copri_CAG_164	BMI	BMI	0.0284975954681683	0.0122179508681322	952	298	0.0198864886515011	0.0965341881849773
PWY.7199..pyrimidine.deoxyribonucleosides.salvage.g__Bacteroides.s__Bacteroides_uniformis	BMI	BMI	-0.0242522330444713	0.0104013420355942	952	675	0.0199283421523884	0.0966831613667695
THISYN.PWY..superpathway.of.thiamin.diphosphate.biosynthesis.I.unclassified	age_category	senior	0.372625429025703	0.159867622350013	952	339	0.0199710814685581	0.0968362628878572
HISDEG.PWY..L.histidine.degradation.I.g__Bacteroides.s__Bacteroides_vulgatus_CAG_6	BMI	BMI	0.0240974533586492	0.010354520718872	952	740	0.0201625296103678	0.0977098525046361
PWY.7197..pyrimidine.deoxyribonucleotide.phosphorylation.unclassified	study_condition	T2D	-0.381565959444709	0.163975124176764	952	698	0.0201767058322362	0.0977238660554618
PWY.6387..UDP.N.acetylmuramoyl.pentapeptide.biosynthesis.I..meso.diaminopimelate.containing..g__Bacteroides.s__Bacteroides_uniformis_CAG_3	gender	male	-0.435350896296481	0.187188421463906	952	692	0.0202430214081282	0.097935511393514
NONOXIPENT.PWY..pentose.phosphate.pathway..non.oxidative.branch..g__Roseburia.s__Roseburia_faecis	BMI	BMI	0.0260974773122246	0.0112207693140189	952	401	0.0202385895332134	0.097935511393514
BRANCHED.CHAIN.AA.SYN.PWY..superpathway.of.branched.amino.acid.biosynthesis.unclassified	age_category	senior	0.415260490340779	0.17862546548967	952	763	0.0202956868510915	0.0981354819265508
PWY.5347..superpathway.of.L.methionine.biosynthesis..transsulfuration.	BMI	BMI	0.0173699502837428	0.00747831504520907	952	787	0.0204059238925266	0.0986134491681253
PWY.6124..inosine.5..phosphate.biosynthesis.II.g__Alistipes.s__Alistipes_finegoldii	gender	male	-0.472196403062039	0.203412092904619	952	389	0.0204779039088659	0.0989061058844277
PWY.7663..gondoate.biosynthesis..anaerobic..g__Bacteroides.s__Bacteroides_caccae	study_condition	T2D	0.517374823251642	0.222979289154245	952	426	0.020537362004292	0.099027591846976
HISTSYN.PWY..L.histidine.biosynthesis.g__Bacteroides.s__Bacteroides_thetaiotaomicron	study_condition	T2D	0.389775281993791	0.167983489856431	952	419	0.0205353512732324	0.099027591846976
PWY.5913..TCA.cycle.VI..obligate.autotrophs..unclassified	age_category	senior	0.440996223530748	0.190047314738838	952	399	0.0205279722600654	0.099027591846976
PWY.6121..5.aminoimidazole.ribonucleotide.biosynthesis.I.g__Gemmiger.s__Gemmiger_formicilis	study_condition	T2D	-0.517358015741464	0.223002314682011	952	347	0.0205544715594086	0.0990549380659313
VALSYN.PWY..L.valine.biosynthesis.g__Bacteroides.s__Bacteroides_vulgatus	BMI	BMI	0.0256038769452996	0.0110394416034896	952	754	0.0205902558731618	0.0991722001454846
PWY.6700..queuosine.biosynthesis.g__Bacteroides.s__Bacteroides_uniformis_CAG_3	gender	male	-0.416496470038115	0.179615394302775	952	771	0.0206166768076474	0.0992442585626608
PEPTIDOGLYCANSYN.PWY..peptidoglycan.biosynthesis.I..meso.diaminopimelate.containing..g__Alistipes.s__Alistipes_putredinis	gender	male	-0.391024366821498	0.168655636331392	952	418	0.0206355374297346	0.0992798634119455
PWY.7219..adenosine.ribonucleotides.de.novo.biosynthesis.g__Akkermansia.s__Akkermansia_muciniphila	gender	male	-0.30044214402907	0.129607770248397	952	221	0.0206568403766268	0.0992863023596754
PWY.5484..glycolysis.II..from.fructose.6.phosphate..unclassified	age_category	senior	0.437258680897028	0.18863714773679	952	743	0.0206622580362874	0.0992863023596754
PWY.6387..UDP.N.acetylmuramoyl.pentapeptide.biosynthesis.I..meso.diaminopimelate.containing..g__Prevotella.s__Prevotella_copri_CAG_164	BMI	BMI	0.0247579673964984	0.0106815601940515	952	304	0.0206712705721126	0.0992863023596754
ILEUSYN.PWY..L.isoleucine.biosynthesis.I..from.threonine..g__Bacteroides.s__Bacteroides_uniformis_CAG_3	gender	male	-0.415845782338002	0.17955533785945	952	736	0.0207723891445083	0.0997166795961428
PWY.7388..octanoyl..acyl.carrier.protein..biosynthesis..mitochondria..yeast..g__Bacteroides.s__Bacteroides_vulgatus	BMI	BMI	0.0212567183342885	0.00918027870625525	952	513	0.0207997876007998	0.0997928867717045
PYRIDNUCSYN.PWY..NAD.biosynthesis.I..from.aspartate..g__Bacteroides.s__Bacteroides_vulgatus_CAG_6	BMI	BMI	0.0179584839698019	0.00775824723025817	952	575	0.0208391309176957	0.0999262866817525
PWY.5347..superpathway.of.L.methionine.biosynthesis..transsulfuration..unclassified	gender	male	0.280579039000973	0.121264683306523	952	433	0.0208934650040144	0.100131381812266
PWY.6143..CMP.pseudaminate.biosynthesis	BMI	BMI	-0.017016082840594	0.00735995788247038	952	213	0.0209924973439062	0.100550346791055
ARGSYN.PWY..L.arginine.biosynthesis.I..via.L.ornithine.	study_condition	T2D	-0.114000392144611	0.049324880977271	952	940	0.0210349515126418	0.100697998949407
PWY.5104..L.isoleucine.biosynthesis.IV	BMI	BMI	0.0160944778223046	0.00696605859017752	952	869	0.0210794077650194	0.100855066986226
PWY.5686..UMP.biosynthesis.g__Roseburia.s__Roseburia_inulinivorans_CAG_15	study_condition	T2D	0.334638144684422	0.144889635370768	952	246	0.0211242597340254	0.101013853835814
PWY.6703..preQ0.biosynthesis.g__Bacteroides.s__Bacteroides_uniformis	BMI	BMI	-0.0248647180399883	0.0107681209479726	952	636	0.021152247450021	0.101087891679217
PWY.6151..S.adenosyl.L.methionine.cycle.I.g__Eubacterium.s__Eubacterium_eligens	gender	male	-0.562609053105434	0.243668667104704	952	388	0.0211630886390786	0.101087891679217
PWY.7539..6.hydroxymethyl.dihydropterin.diphosphate.biosynthesis.III..Chlamydia..g__Bacteroides.s__Bacteroides_vulgatus	BMI	BMI	0.0237755946463599	0.0103003521816289	952	648	0.021200964744038	0.101157220211223
ARGININE.SYN4.PWY..L.ornithine.de.novo..biosynthesis.g__Bacteroides.s__Bacteroides_vulgatus_CAG_6	BMI	BMI	0.0211623941335523	0.00916761732579207	952	733	0.0211923576787462	0.101157220211223
PANTOSYN.PWY..pantothenate.and.coenzyme.A.biosynthesis.I.g__Bacteroides.s__Bacteroides_uniformis	study_condition	T2D	0.518481839467454	0.224687898700622	952	631	0.0212382150597085	0.101279153313368
HOMOSER.METSYN.PWY..L.methionine.biosynthesis.I	BMI	BMI	0.0182723971531127	0.00791946551413969	952	787	0.0212543272203709	0.101300205684321
PWY.7111..pyruvate.fermentation.to.isobutanol..engineered..g__Escherichia.s__Escherichia_coli	gender	male	0.575227410168504	0.249532592085227	952	248	0.0213697040227622	0.101794079668383
BRANCHED.CHAIN.AA.SYN.PWY..superpathway.of.branched.amino.acid.biosynthesis.g__Bacteroides.s__Bacteroides_uniformis	gender	male	-0.424386714670845	0.184134077861293	952	735	0.0213949869420046	0.101858486485849
PEPTIDOGLYCANSYN.PWY..peptidoglycan.biosynthesis.I..meso.diaminopimelate.containing..g__Roseburia.s__Roseburia_faecis	BMI	BMI	0.0245304039467706	0.0106500775837619	952	305	0.0214774378218547	0.10219484150399
PWY.3841..folate.transformations.II.g__Bacteroides.s__Bacteroides_ovatus	age_category	senior	-0.602381316826772	0.261564878721014	952	523	0.0214953716900314	0.102224008146992
SO4ASSIM.PWY..sulfate.reduction.I..assimilatory..unclassified	age_category	senior	0.363193257432572	0.157774019772592	952	313	0.0215522945609214	0.102438458231383
PWY.2942..L.lysine.biosynthesis.III.unclassified	study_condition	T2D	-0.287915435045354	0.125096299913613	952	879	0.0215768638732728	0.102498980330522
PWY.6700..queuosine.biosynthesis.g__Eubacterium.s__Eubacterium_eligens	study_condition	T2D	-0.392142031424181	0.170451717698598	952	346	0.0216305357892353	0.102697609613365
PWY.2942..L.lysine.biosynthesis.III.g__Akkermansia.s__Akkermansia_muciniphila	gender	male	-0.293379221881186	0.127545346023132	952	217	0.0216538043782051	0.102751751186442
METSYN.PWY..L.homoserine.and.L.methionine.biosynthesis	BMI	BMI	0.0174712336861951	0.00760234055887455	952	787	0.0217710484984594	0.10325152245162
ANAEROFRUCAT.PWY..homolactic.fermentation.unclassified	BMI	BMI	-0.016497661669094	0.00718265390669934	952	626	0.0218433400273524	0.103481030982971
GLUCONEO.PWY..gluconeogenesis.I.unclassified	study_condition	T2D	0.421046686490244	0.183299014727363	952	581	0.0218334395610106	0.103481030982971
PWY.7357..thiamin.formation.from.pyrithiamine.and.oxythiamine..yeast..g__Roseburia.s__Roseburia_faecis	BMI	BMI	0.0189606373314843	0.00825607184371212	952	333	0.0218609191039948	0.103507686954945
PWY.7221..guanosine.ribonucleotides.de.novo.biosynthesis.g__Bacteroides.s__Bacteroides_ovatus	age_category	senior	-0.547041501452618	0.238238859969453	952	583	0.0218826988269257	0.103554192262938
COA.PWY..coenzyme.A.biosynthesis.I.g__Bacteroides.s__Bacteroides_uniformis_CAG_3	gender	male	-0.488072567428773	0.212670016218844	952	732	0.0219524348237658	0.103827463448286
LACTOSECAT.PWY..lactose.and.galactose.degradation.I.unclassified	study_condition	T2D	0.277398658894732	0.120961566457229	952	270	0.0220502748478418	0.104233286125715
PWY.7221..guanosine.ribonucleotides.de.novo.biosynthesis.g__Akkermansia.s__Akkermansia_muciniphila	gender	male	-0.33638794928811	0.146906797214936	952	214	0.0222518064102751	0.104966210015883
COA.PWY.1..coenzyme.A.biosynthesis.II..mammalian..g__Bacteroides.s__Bacteroides_uniformis_CAG_3	BMI	BMI	-0.0248628030874612	0.010858205680427	952	718	0.0222538061881248	0.104966210015883
ILEUSYN.PWY..L.isoleucine.biosynthesis.I..from.threonine..g__Eubacterium.s__Eubacterium_eligens	age_category	senior	0.52218979158715	0.228001849543568	952	290	0.022223731883218	0.104966210015883
GLYCOGENSYNTH.PWY..glycogen.biosynthesis.I..from.ADP.D.Glucose..g__Roseburia.s__Roseburia_inulinivorans	study_condition	T2D	0.452042010812569	0.197408389297337	952	274	0.0222473068550202	0.104966210015883
PWY.5097..L.lysine.biosynthesis.VI.g__Bacteroides.s__Bacteroides_vulgatus	BMI	BMI	0.0211239163323616	0.00922883493104956	952	673	0.0223043517667431	0.105147352367989
PWY.6385..peptidoglycan.biosynthesis.III..mycobacteria..g__Roseburia.s__Roseburia_inulinivorans	age_category	senior	-0.346438941291147	0.151418871454407	952	210	0.0223600298553943	0.105352480167418
PWY.6897..thiamin.salvage.II.g__Bacteroides.s__Bacteroides_uniformis_CAG_3	BMI	BMI	-0.0259238032703851	0.0113518776594142	952	655	0.0226123508736129	0.1064833923684
PWY66.399..gluconeogenesis.III.unclassified	age_category	senior	0.3396471289547	0.148782460537653	952	325	0.0226604624525248	0.106651959151557
PWY0.845..superpathway.of.pyridoxal.5..phosphate.biosynthesis.and.salvage.g__Bacteroides.s__Bacteroides_uniformis	gender	male	-0.426661757516485	0.187025571201851	952	636	0.0227518715218996	0.10702401269943
PWY.6737..starch.degradation.V.unclassified	study_condition	T2D	-0.260063113170075	0.114011411816029	952	906	0.0227681865224873	0.107042614161097
PWY.7400..L.arginine.biosynthesis.IV..archaebacteria.	study_condition	T2D	-0.115127744028241	0.0505128425262084	952	940	0.0228782954225658	0.107501919891166
PWY.6123..inosine.5..phosphate.biosynthesis.I.g__Barnesiella.s__Barnesiella_intestinihominis	study_condition	T2D	-0.269307377787633	0.118242650929642	952	194	0.02297365182978	0.107891445144195
PWY.2723..trehalose.degradation.V	BMI	BMI	-0.0195057735224635	0.00856589507350438	952	492	0.0229999364835795	0.107956341435121
PWY.6121..5.aminoimidazole.ribonucleotide.biosynthesis.I.g__Phascolarctobacterium.s__Phascolarctobacterium_succinatutens	BMI	BMI	0.0114879115127743	0.00505364632525248	952	195	0.0232378258464445	0.10901385256241
ANAEROFRUCAT.PWY..homolactic.fermentation	study_condition	T2D	0.101868069881245	0.0448544790205015	952	931	0.0233659557936821	0.109555591322841
PEPTIDOGLYCANSYN.PWY..peptidoglycan.biosynthesis.I..meso.diaminopimelate.containing..g__Roseburia.s__Roseburia_inulinivorans	age_category	senior	-0.404739192485664	0.178273953690457	952	228	0.0234120331029931	0.109712233047576
PWY.5103..L.isoleucine.biosynthesis.III.g__Bacteroides.s__Bacteroides_uniformis	gender	male	-0.416930878307332	0.183733308426209	952	735	0.0234793088578831	0.109967990648603
PANTO.PWY..phosphopantothenate.biosynthesis.I	BMI	BMI	0.00290638791938312	0.00128134948737593	952	947	0.023540006337989	0.110192678317289
HISTSYN.PWY..L.histidine.biosynthesis.g__Faecalibacterium.s__Faecalibacterium_prausnitzii	BMI	BMI	-0.0175318295406358	0.00773459836301387	952	644	0.0236348554258066	0.110576903288755
PWY.7388..octanoyl..acyl.carrier.protein..biosynthesis..mitochondria..yeast..g__Bacteroides.s__Bacteroides_vulgatus	study_condition	T2D	0.411293259757484	0.181640802689379	952	513	0.0237797306055505	0.111194636632866
GLYCOCAT.PWY..glycogen.degradation.I..bacterial.	BMI	BMI	-0.0188377902877207	0.00832262953893511	952	495	0.0238340737177186	0.111388601400671
PWY.6387..UDP.N.acetylmuramoyl.pentapeptide.biosynthesis.I..meso.diaminopimelate.containing..g__Bacteroides.s__Bacteroides_ovatus	age_category	senior	-0.634937611145446	0.28063875527184	952	428	0.023894055119127	0.111608693274887
PWY.6151..S.adenosyl.L.methionine.cycle.I.unclassified	study_condition	T2D	-0.296985502148479	0.131325289507998	952	903	0.0239575501999708	0.111844951337869
PWY.6731..starch.degradation.III	BMI	BMI	-0.0193468329248345	0.008557415298799	952	487	0.0239962523077548	0.11196527208252
PEPTIDOGLYCANSYN.PWY..peptidoglycan.biosynthesis.I..meso.diaminopimelate.containing..g__Bacteroides.s__Bacteroides_uniformis_CAG_3	gender	male	-0.464663286195681	0.205642097395996	952	679	0.0240743444994934	0.112269156362742
PWY.6609..adenine.and.adenosine.salvage.III.g__Bacteroides.s__Bacteroides_vulgatus_CAG_6	study_condition	T2D	0.493206700407573	0.218371955129454	952	668	0.0241374267198977	0.112347433042706
PWY.6609..adenine.and.adenosine.salvage.III.g__Gemmiger.s__Gemmiger_formicilis	study_condition	T2D	-0.351213647724216	0.155494512601911	952	299	0.0241295572195794	0.112347433042706
PWY.7228..superpathway.of.guanosine.nucleotides.de.novo.biosynthesis.I.g__Bacteroides.s__Bacteroides_ovatus	study_condition	T2D	0.441939954171113	0.195680870757126	952	512	0.0241430222739579	0.112347433042706
PWY.6163..chorismate.biosynthesis.from.3.dehydroquinate.g__Roseburia.s__Roseburia_inulinivorans	age_category	senior	-0.371530819858317	0.16448771086683	952	228	0.0241279085309886	0.112347433042706
PWY0.1296..purine.ribonucleosides.degradation.g__Roseburia.s__Roseburia_faecis	BMI	BMI	0.0258349856510897	0.01144815703585	952	326	0.0242544765431255	0.112805460184461
THRESYN.PWY..superpathway.of.L.threonine.biosynthesis.g__Bacteroides.s__Bacteroides_vulgatus	BMI	BMI	0.0237371777767382	0.0105200753913458	952	722	0.0242748412858337	0.112839573556264
PWY.7199..pyrimidine.deoxyribonucleosides.salvage.g__Bacteroides.s__Bacteroides_vulgatus	study_condition	T2D	0.442556403596079	0.196179084806029	952	687	0.0243056330834825	0.112922093617467
ARGININE.SYN4.PWY..L.ornithine.de.novo..biosynthesis	gender	male	-0.182716199498752	0.081017950229587	952	940	0.0243448940698979	0.113043851284352
PWY.6151..S.adenosyl.L.methionine.cycle.I	BMI	BMI	0.00375463389696296	0.00166647221186118	952	951	0.0244845765660953	0.113509867806416
PWY.6936..seleno.amino.acid.biosynthesis.g__Bacteroides.s__Bacteroides_dorei	BMI	BMI	-0.0218400014558989	0.00969211065584085	952	399	0.0244633142334729	0.113509867806416
PWY.7229..superpathway.of.adenosine.nucleotides.de.novo.biosynthesis.I.g__Alistipes.s__Alistipes_putredinis_CAG_67	BMI	BMI	-0.0152685873180285	0.00677642442114365	952	320	0.0244751423744672	0.113509867806416
PWY.6163..chorismate.biosynthesis.from.3.dehydroquinate.g__Bacteroides.s__Bacteroides_vulgatus	study_condition	T2D	0.406663285698719	0.180589946427527	952	661	0.024559556273019	0.113796552875519
COBALSYN.PWY..adenosylcobalamin.salvage.from.cobinamide.I.g__Bacteroides.s__Bacteroides_uniformis	gender	male	-0.412240805739997	0.183187448898963	952	616	0.0246538277798364	0.114172271964376
PWY.7221..guanosine.ribonucleotides.de.novo.biosynthesis.g__Barnesiella.s__Barnesiella_intestinihominis	gender	male	-0.364059019262797	0.16197631243387	952	204	0.0248307601116703	0.114930188437768
PANTOSYN.PWY..pantothenate.and.coenzyme.A.biosynthesis.I.g__Roseburia.s__Roseburia_faecis	BMI	BMI	0.0264276615173254	0.0117695728699187	952	286	0.0249710334427014	0.115517708127027
COLANSYN.PWY..colanic.acid.building.blocks.biosynthesis.unclassified	gender	male	0.258309739440661	0.115073537541038	952	334	0.0250152355173635	0.115660405542108
PWY.7234..inosine.5..phosphate.biosynthesis.III.g__Alistipes.s__Alistipes_finegoldii	study_condition	T2D	0.321834756180187	0.143387491013001	952	231	0.0250297817129946	0.11566590695546
COA.PWY..coenzyme.A.biosynthesis.I.g__Roseburia.s__Roseburia_faecis	BMI	BMI	0.0307384821542132	0.0136998449535752	952	363	0.0250814654959021	0.115842928637073
FASYN.INITIAL.PWY..superpathway.of.fatty.acid.biosynthesis.initiation..E..coli..g__Bacteroides.s__Bacteroides_vulgatus	study_condition	T2D	0.446944774366634	0.199291052992914	952	531	0.0251485374528776	0.116090796557527
COA.PWY..coenzyme.A.biosynthesis.I.g__Gemmiger.s__Gemmiger_formicilis	study_condition	T2D	-0.445167253498586	0.198603851044588	952	286	0.0252257258660791	0.116373736058594
BRANCHED.CHAIN.AA.SYN.PWY..superpathway.of.branched.amino.acid.biosynthesis.g__Bacteroides.s__Bacteroides_uniformis_CAG_3	gender	male	-0.401514748910796	0.179142532988668	952	736	0.025236706272291	0.116373736058594
UNINTEGRATED.g__Phascolarctobacterium.s__Phascolarctobacterium_succinatutens	BMI	BMI	0.0205374594117221	0.00916985270393151	952	206	0.025343635666506	0.116804622071283
COA.PWY.1..coenzyme.A.biosynthesis.II..mammalian..g__Bacteroides.s__Bacteroides_uniformis_CAG_3	gender	male	-0.471348782288102	0.210491582381226	952	718	0.0253694389195566	0.116861351618808
PWY.7221..guanosine.ribonucleotides.de.novo.biosynthesis.g__Alistipes.s__Alistipes_putredinis_CAG_67	gender	male	-0.405954688285999	0.181335644445018	952	410	0.0254075790023895	0.11697481879888
RIBOSYN2.PWY..flavin.biosynthesis.I..bacteria.and.plants..g__Bacteroides.s__Bacteroides_vulgatus_CAG_6	BMI	BMI	0.0206973873100446	0.00925773385191625	952	688	0.0256046902296136	0.11760101181245
ARGSYNBSUB.PWY..L.arginine.biosynthesis.II..acetyl.cycle..g__Gemmiger.s__Gemmiger_formicilis	study_condition	T2D	-0.373639290724413	0.167073914286285	952	303	0.0255596534584235	0.11760101181245
PWY.6703..preQ0.biosynthesis.g__Bacteroides.s__Bacteroides_uniformis_CAG_3	study_condition	T2D	0.462401052956031	0.206788513965359	952	625	0.025577075050567	0.11760101181245
MET.SAM.PWY..superpathway.of.S.adenosyl.L.methionine.biosynthesis	BMI	BMI	0.0166343471932431	0.00744072070399624	952	787	0.0256114905633118	0.11760101181245
HOMOSER.METSYN.PWY..L.methionine.biosynthesis.I.unclassified	gender	male	0.296312566428697	0.132542686604201	952	453	0.0256102907743803	0.11760101181245
PWY.4242..pantothenate.and.coenzyme.A.biosynthesis.III.g__Roseburia.s__Roseburia_faecis	BMI	BMI	0.028153608120291	0.0126014730651998	952	271	0.0257057870024053	0.11788841111094
COA.PWY.1..coenzyme.A.biosynthesis.II..mammalian..g__Bacteroides.s__Bacteroides_thetaiotaomicron	study_condition	T2D	0.484596982143994	0.216904692342529	952	330	0.0257061224763842	0.11788841111094
ARG.POLYAMINE.SYN..superpathway.of.arginine.and.polyamine.biosynthesis.unclassified	gender	male	0.217465063913005	0.0973427566270158	952	317	0.0257149201603425	0.11788841111094
PWY.7219..adenosine.ribonucleotides.de.novo.biosynthesis.g__Bacteroides.s__Bacteroides_uniformis	gender	male	-0.46457263861461	0.208024324043403	952	749	0.0257646669027729	0.117991547000536
PWY.5154..L.arginine.biosynthesis.III..via.N.acetyl.L.citrulline..unclassified	gender	male	0.348612199111386	0.156094695047538	952	580	0.0257595894141549	0.117991547000536
PWY.6703..preQ0.biosynthesis.g__Bacteroides.s__Bacteroides_vulgatus	study_condition	T2D	0.39498557333114	0.176881826109944	952	709	0.0257787817994806	0.117993789843289
PWY.6147..6.hydroxymethyl.dihydropterin.diphosphate.biosynthesis.I.g__Alistipes.s__Alistipes_putredinis	gender	male	-0.333171106301771	0.149242882509786	952	332	0.0258211084977388	0.118125092229486
COA.PWY..coenzyme.A.biosynthesis.I.g__Bacteroides.s__Bacteroides_vulgatus	BMI	BMI	0.0243217773448136	0.0109040660516494	952	735	0.0259462966072394	0.118635125986639
PWY0.162..superpathway.of.pyrimidine.ribonucleotides.de.novo.biosynthesis.g__Bacteroides.s__Bacteroides_thetaiotaomicron	study_condition	T2D	0.330012260935592	0.148022996873767	952	249	0.026016758205051	0.11888488138516
PWYG.321..mycolate.biosynthesis.unclassified	gender	male	0.283333685519909	0.127095814374725	952	261	0.0260283758783213	0.11888488138516
RHAMCAT.PWY..L.rhamnose.degradation.I	study_condition	T2D	0.158015397508896	0.0709201539114381	952	938	0.0261097252549007	0.119082608658509
PWY.6519..8.amino.7.oxononanoate.biosynthesis.I.unclassified	gender	male	0.255311901793186	0.114586228164518	952	232	0.0261066707398283	0.119082608658509
COA.PWY..coenzyme.A.biosynthesis.I.g__Ruminococcus.s__Ruminococcus_bicirculans	gender	male	-0.362924201675359	0.162890401184451	952	198	0.0261129184575646	0.119082608658509
PWY.4242..pantothenate.and.coenzyme.A.biosynthesis.III.g__Bacteroides.s__Bacteroides_uniformis	study_condition	T2D	0.492882359853741	0.221282364257936	952	630	0.0261555022024474	0.119214025827997
UNINTEGRATED.g__Ruminococcus.s__Ruminococcus_bicirculans	study_condition	T2D	-0.444865714789465	0.19978288375033	952	269	0.0261987698384437	0.11934842020038
VALSYN.PWY..L.valine.biosynthesis.g__Akkermansia.s__Akkermansia_muciniphila	age_category	senior	0.454498216105898	0.204205825694467	952	249	0.0262699287222827	0.119445353358481
PANTOSYN.PWY..pantothenate.and.coenzyme.A.biosynthesis.I.g__Bacteroides.s__Bacteroides_vulgatus_CAG_6	study_condition	T2D	0.409736392867088	0.184100865195138	952	601	0.0262752191856705	0.119445353358481
PANTO.PWY..phosphopantothenate.biosynthesis.I.g__Bacteroides.s__Bacteroides_uniformis_CAG_3	gender	male	-0.44471435228127	0.199792028088659	952	733	0.0262565084583242	0.119445353358481
PWY.7117..C4.photosynthetic.carbon.assimilation.cycle..PEPCK.type.unclassified	age_category	senior	0.314738210553479	0.14140629713991	952	301	0.0262641836227132	0.119445353358481
PWY.6121..5.aminoimidazole.ribonucleotide.biosynthesis.I.g__Eubacterium.s__Eubacterium_eligens	gender	male	-0.39190747650545	0.176107792889789	952	399	0.0262903019535057	0.119451214542161
PWY.7323..superpathway.of.GDP.mannose.derived.O.antigen.building.blocks.biosynthesis.unclassified	study_condition	T2D	0.267378259145854	0.120205136498007	952	289	0.0263600099353075	0.119680244421118
PWY.5686..UMP.biosynthesis.g__Dialister.s__Dialister_invisus	study_condition	T2D	-0.418210909771284	0.188025357599749	952	202	0.0263683494636829	0.119680244421118
SER.GLYSYN.PWY..superpathway.of.L.serine.and.glycine.biosynthesis.I.g__Bacteroides.s__Bacteroides_uniformis_CAG_3	gender	male	-0.399986911605638	0.179889988799523	952	749	0.026416820537876	0.119837436279731
PWY.7221..guanosine.ribonucleotides.de.novo.biosynthesis.g__Bacteroides.s__Bacteroides_vulgatus	BMI	BMI	0.0246168812532101	0.0110798345847791	952	762	0.0265343301356231	0.120307486374082
PWY.1042..glycolysis.IV..plant.cytosol..g__Alistipes.s__Alistipes_putredinis_CAG_67	BMI	BMI	-0.0206739986115507	0.00930802065674508	952	236	0.026580390970149	0.1204532631091
LACTOSECAT.PWY..lactose.and.galactose.degradation.I.unclassified	BMI	BMI	0.0135756870713732	0.00611349914986649	952	270	0.0266134855164634	0.120540159295279
PWY.7219..adenosine.ribonucleotides.de.novo.biosynthesis.g__Ruminococcus.s__Ruminococcus_bicirculans	gender	male	-0.430942614243456	0.194177893362141	952	222	0.0267013490538337	0.120874899532775
ARGININE.SYN4.PWY..L.ornithine.de.novo..biosynthesis.g__Bacteroides.s__Bacteroides_uniformis	gender	male	-0.394670369509499	0.177892184335778	952	715	0.0267508880457185	0.121035888440921
PWY.7221..guanosine.ribonucleotides.de.novo.biosynthesis.g__Eubacterium.s__Eubacterium_eligens_CAG_72	gender	male	-0.489785297091194	0.220898222668949	952	398	0.0268432015293697	0.121390143730727
COA.PWY.1..coenzyme.A.biosynthesis.II..mammalian..g__Bacteroides.s__Bacteroides_ovatus	age_category	senior	-0.536918174598884	0.242256550315148	952	441	0.0269065680319276	0.121613193714245
PWY.5304..superpathway.of.sulfur.oxidation..Acidianus.ambivalens.	study_condition	T2D	-0.650583233842906	0.293638902185804	952	681	0.0269568244668358	0.121654641830835
PANTOSYN.PWY..pantothenate.and.coenzyme.A.biosynthesis.I.g__Bacteroides.s__Bacteroides_thetaiotaomicron	study_condition	T2D	0.35737341977341	0.161300601226386	952	286	0.0269578819484264	0.121654641830835
PANTO.PWY..phosphopantothenate.biosynthesis.I.g__Phascolarctobacterium.s__Phascolarctobacterium_succinatutens	BMI	BMI	0.0209932815764049	0.00947357788957389	952	193	0.0269298032023937	0.121654641830835
PWY.1042..glycolysis.IV..plant.cytosol.	gender	male	0.0539444437402151	0.0244065244839472	952	949	0.027326502320037	0.123253911506
PWY.6126..superpathway.of.adenosine.nucleotides.de.novo.biosynthesis.II.g__Alistipes.s__Alistipes_putredinis_CAG_67	BMI	BMI	-0.0163398103446168	0.00739753921772127	952	320	0.0274261811945657	0.123574781032747
PWY.7388..octanoyl..acyl.carrier.protein..biosynthesis..mitochondria..yeast..unclassified	gender	male	0.32484953435886	0.147065427300587	952	425	0.0274219469042329	0.123574781032747
PWY.7220..adenosine.deoxyribonucleotides.de.novo.biosynthesis.II.g__Akkermansia.s__Akkermansia_muciniphila	gender	male	-0.313434399657404	0.141956581532539	952	240	0.0274861018399039	0.123716030111002
PWY.7222..guanosine.deoxyribonucleotides.de.novo.biosynthesis.II.g__Akkermansia.s__Akkermansia_muciniphila	gender	male	-0.313434399657404	0.141956581532539	952	240	0.0274861018399039	0.123716030111002
HSERMETANA.PWY..L.methionine.biosynthesis.III.g__Eubacterium.s__Eubacterium_eligens_CAG_72	gender	male	-0.387488245829722	0.175560381247484	952	349	0.0275427285963757	0.123906508906293
TRNA.CHARGING.PWY..tRNA.charging.g__Alistipes.s__Alistipes_putredinis	gender	male	-0.330212436087521	0.149636653675919	952	404	0.0275700119624162	0.123964851295184
PANTO.PWY..phosphopantothenate.biosynthesis.I.g__Bacteroides.s__Bacteroides_uniformis_CAG_3	study_condition	T2D	0.449825001263918	0.203919629137109	952	733	0.02763095870701	0.124121035508393
GLUTORN.PWY..L.ornithine.biosynthesis.unclassified	study_condition	T2D	-0.269711106106951	0.12227034811675	952	856	0.0276334129861642	0.124121035508393
GLYCOGENSYNTH.PWY..glycogen.biosynthesis.I..from.ADP.D.Glucose..g__Roseburia.s__Roseburia_inulinivorans_CAG_15	study_condition	T2D	0.39208652784434	0.177787222945229	952	257	0.0276678051020968	0.124211089779242
PWY.5686..UMP.biosynthesis.g__Bacteroides.s__Bacteroides_uniformis	gender	male	-0.383489972421741	0.173955480511621	952	697	0.0277269667295847	0.124347763789852
PWY.5918..superpathay.of.heme.biosynthesis.from.glutamate	gender	male	0.287373255374855	0.130348099597356	952	334	0.0277177558084227	0.124347763789852
SER.GLYSYN.PWY..superpathway.of.L.serine.and.glycine.biosynthesis.I.g__Bacteroides.s__Bacteroides_vulgatus	BMI	BMI	0.0207569450405592	0.0094196912476174	952	749	0.0277946904762335	0.124538471398421
PWY.7400..L.arginine.biosynthesis.IV..archaebacteria..g__Eubacterium.s__Eubacterium_eligens	gender	male	-0.280956384780188	0.127503491320463	952	303	0.0277982523340817	0.124538471398421
PWY.6151..S.adenosyl.L.methionine.cycle.I.g__Bacteroides.s__Bacteroides_vulgatus_CAG_6	study_condition	T2D	0.456215779468179	0.20721136735568	952	540	0.0279275232526407	0.12494135391487
PWY.6124..inosine.5..phosphate.biosynthesis.II.g__Bacteroides.s__Bacteroides_caccae	BMI	BMI	-0.0208876001552906	0.00948560912210748	952	443	0.0279035858462913	0.12494135391487
VALSYN.PWY..L.valine.biosynthesis.g__Prevotella.s__Prevotella_copri_CAG_164	BMI	BMI	0.0315921476091503	0.0143507134631013	952	356	0.0279458894380028	0.12494135391487
ARGSYN.PWY..L.arginine.biosynthesis.I..via.L.ornithine..g__Eubacterium.s__Eubacterium_eligens	gender	male	-0.281552680555392	0.12788850725853	952	303	0.0279377997383311	0.12494135391487
PWY.7323..superpathway.of.GDP.mannose.derived.O.antigen.building.blocks.biosynthesis	BMI	BMI	-0.0111863583388584	0.0050829544854294	952	888	0.0279938137982432	0.125091035857991
PEPTIDOGLYCANSYN.PWY..peptidoglycan.biosynthesis.I..meso.diaminopimelate.containing..g__Bacteroides.s__Bacteroides_ovatus	age_category	senior	-0.601900056837473	0.273529372319793	952	423	0.0280125779655254	0.125110327581975
PWY.6125..superpathway.of.guanosine.nucleotides.de.novo.biosynthesis.II.g__Bacteroides.s__Bacteroides_vulgatus	study_condition	T2D	0.490190928017065	0.222843266521565	952	706	0.0280683409550402	0.125294759108582
PANTOSYN.PWY..pantothenate.and.coenzyme.A.biosynthesis.I.g__Blautia.s__Ruminococcus_torques	gender	male	-0.284357950931123	0.129308197746246	952	210	0.0281139836411796	0.125433847672651
PWY.621..sucrose.degradation.III..sucrose.invertase..unclassified	BMI	BMI	-0.0181515898335061	0.00825585368216352	952	412	0.0281452877677386	0.125508852764478
PWY.6703..preQ0.biosynthesis.g__Bacteroides.s__Bacteroides_massiliensis	age_category	senior	-0.339854428013014	0.154641253397055	952	219	0.0282122538621884	0.125742726941097
PWY.5103..L.isoleucine.biosynthesis.III.g__Bacteroides.s__Bacteroides_uniformis_CAG_3	gender	male	-0.419936702937743	0.191228661144394	952	736	0.0283343466402517	0.126221935136101
PWY.7219..adenosine.ribonucleotides.de.novo.biosynthesis.g__Roseburia.s__Roseburia_faecis	BMI	BMI	0.0268983576630466	0.0122668358253524	952	345	0.0285665375204389	0.127190856003599
TRPSYN.PWY..L.tryptophan.biosynthesis.g__Bacteroides.s__Bacteroides_vulgatus	study_condition	T2D	0.469687772376015	0.214228943793186	952	598	0.0285892212375452	0.12722644188959
PWY.6897..thiamin.salvage.II.g__Faecalibacterium.s__Faecalibacterium_prausnitzii	study_condition	T2D	-0.536760873450529	0.244944354111776	952	581	0.0286688308836481	0.127384338354229
PWY.6122..5.aminoimidazole.ribonucleotide.biosynthesis.II.g__Roseburia.s__Roseburia_faecis	BMI	BMI	0.0250714748759119	0.0114402320498712	952	334	0.028657253670884	0.127384338354229
PWY.6277..superpathway.of.5.aminoimidazole.ribonucleotide.biosynthesis.g__Roseburia.s__Roseburia_faecis	BMI	BMI	0.0250714748759119	0.0114402320498712	952	334	0.028657253670884	0.127384338354229
X1CMET2.PWY..N10.formyl.tetrahydrofolate.biosynthesis.g__Alistipes.s__Alistipes_putredinis_CAG_67	BMI	BMI	-0.012846366731283	0.00586336439286503	952	196	0.0286981201449762	0.127449087413074
PWY.5030..L.histidine.degradation.III.g__Bacteroides.s__Bacteroides_uniformis	gender	male	-0.504152521479849	0.230214836051938	952	727	0.0287732041953819	0.127651612875004
PWY.5083..NAD.NADH.phosphorylation.and.dephosphorylation.g__Bacteroides.s__Bacteroides_fragilis	BMI	BMI	0.0169563900797499	0.0077427764721342	952	227	0.0287702533724161	0.127651612875004
PWY0.1241..ADP.L.glycero..beta..D.manno.heptose.biosynthesis	BMI	BMI	0.0125293330783168	0.00572662437755033	952	877	0.0289200135809338	0.128237233799737
PWY.7221..guanosine.ribonucleotides.de.novo.biosynthesis.g__Barnesiella.s__Barnesiella_intestinihominis	study_condition	T2D	-0.361485914102682	0.165322660150654	952	204	0.0290196497310418	0.128547399831622
PWY.7328..superpathway.of.UDP.glucose.derived.O.antigen.building.blocks.biosynthesis.unclassified	gender	male	0.264924784242727	0.12114998833315	952	264	0.0290048078466846	0.128547399831622
HISTSYN.PWY..L.histidine.biosynthesis.g__Roseburia.s__Roseburia_inulinivorans	age_category	senior	-0.367831622944886	0.168297093371796	952	227	0.0290885588492625	0.128786768729352
PWY.5695..urate.biosynthesis.inosine.5..phosphate.degradation.g__Bacteroides.s__Bacteroides_vulgatus	BMI	BMI	0.0223143055978047	0.0102114098288382	952	752	0.029116212702313	0.128843332653056
PWY.6897..thiamin.salvage.II.g__Bacteroides.s__Bacteroides_uniformis	gender	male	-0.401897572938745	0.18396006128128	952	679	0.0291553812067864	0.128884941935054
COA.PWY..coenzyme.A.biosynthesis.I.g__Bacteroides.s__Bacteroides_thetaiotaomicron	study_condition	T2D	0.464357285818733	0.212531323077966	952	416	0.0291415056097568	0.128884941935054
COA.PWY..coenzyme.A.biosynthesis.I.g__Bacteroides.s__Bacteroides_uniformis	gender	male	-0.426397859938869	0.195224435643396	952	732	0.0291965000674247	0.129000862542805
UNINTEGRATED.g__Roseburia.s__Roseburia_intestinalis	age_category	senior	0.414026126960061	0.189610524611012	952	465	0.0292393406255624	0.129124268137364
PWY.6151..S.adenosyl.L.methionine.cycle.I.g__Bacteroides.s__Bacteroides_stercoris	BMI	BMI	0.0215863931628799	0.00988770014482928	952	222	0.0292692209259274	0.129190343128711
PWY.6507..4.deoxy.L.threo.hex.4.enopyranuronate.degradation.unclassified	gender	male	0.290922301427521	0.133319944814113	952	500	0.0293446164614131	0.129380380003128
HEMESYN2.PWY..heme.biosynthesis.II..anaerobic.	gender	male	0.37517869151014	0.171944742888745	952	623	0.0293567522589152	0.129380380003128
X1CMET2.PWY..N10.formyl.tetrahydrofolate.biosynthesis.g__Roseburia.s__Roseburia_faecis	BMI	BMI	0.0175367415889578	0.00803712203632832	952	308	0.0293570954626035	0.129380380003128
PWY.5100..pyruvate.fermentation.to.acetate.and.lactate.II.g__Roseburia.s__Roseburia_faecis	BMI	BMI	0.0174574890372057	0.00801244383302859	952	320	0.0295926825586134	0.130352304657982
PWY.7220..adenosine.deoxyribonucleotides.de.novo.biosynthesis.II.g__Bacteroides.s__Bacteroides_ovatus	age_category	senior	-0.503254613891616	0.231081966149868	952	656	0.0296657066706335	0.130541168581142
PWY.7222..guanosine.deoxyribonucleotides.de.novo.biosynthesis.II.g__Bacteroides.s__Bacteroides_ovatus	age_category	senior	-0.503254613891616	0.231081966149868	952	656	0.0296657066706335	0.130541168581142
PWY.7400..L.arginine.biosynthesis.IV..archaebacteria.	BMI	BMI	-0.00555638096812664	0.00255296148095525	952	940	0.0297684696211306	0.130860379146696
PWY.6386..UDP.N.acetylmuramoyl.pentapeptide.biosynthesis.II..lysine.containing..g__Prevotella.s__Prevotella_copri_CAG_164	BMI	BMI	0.022528773378455	0.0103508856515019	952	297	0.0297638571769868	0.130860379146696
UDPNAGSYN.PWY..UDP.N.acetyl.D.glucosamine.biosynthesis.I.unclassified	gender	male	0.352205030910247	0.161859130218551	952	768	0.0298020561641988	0.130941555749346
RIBOSYN2.PWY..flavin.biosynthesis.I..bacteria.and.plants..g__Bacteroides.s__Bacteroides_ovatus	age_category	senior	-0.54075748980695	0.248786477879053	952	331	0.029983800350151	0.131673281456545
PWY.5030..L.histidine.degradation.III.g__Bacteroides.s__Bacteroides_uniformis	BMI	BMI	-0.0258100576588326	0.0118756294777168	952	727	0.0300001954690024	0.131678506214678
PWY.6147..6.hydroxymethyl.dihydropterin.diphosphate.biosynthesis.I.g__Bacteroides.s__Bacteroides_uniformis	study_condition	T2D	0.342175206344768	0.157478007141317	952	593	0.0300393651975496	0.131783638607284
PWY0.162..superpathway.of.pyrimidine.ribonucleotides.de.novo.biosynthesis.unclassified	gender	male	0.334513121873904	0.153995324514585	952	575	0.0300858679506434	0.131920818456999
PWY.1042..glycolysis.IV..plant.cytosol..g__Roseburia.s__Roseburia_inulinivorans_CAG_15	age_category	senior	-0.380882963024964	0.175427645881529	952	241	0.0301661728191007	0.132206000310431
ASPASN.PWY..superpathway.of.L.aspartate.and.L.asparagine.biosynthesis.g__Bacteroides.s__Bacteroides_vulgatus	BMI	BMI	0.0213679994472347	0.00984460012453268	952	774	0.0302146003073036	0.132351258806904
RIBOSYN2.PWY..flavin.biosynthesis.I..bacteria.and.plants..g__Bacteroides.s__Bacteroides_uniformis	gender	male	-0.472806495979515	0.217883272403513	952	685	0.0302549200335868	0.132460873352306
PWY.241..C4.photosynthetic.carbon.assimilation.cycle..NADP.ME.type.unclassified	gender	male	0.247784668228991	0.114226625003618	952	276	0.0303128455927189	0.132636229930921
SER.GLYSYN.PWY..superpathway.of.L.serine.and.glycine.biosynthesis.I.g__Roseburia.s__Roseburia_inulinivorans_CAG_15	study_condition	T2D	0.328915502714992	0.151638965453059	952	238	0.0303256045338595	0.132636229930921
PANTO.PWY..phosphopantothenate.biosynthesis.I.g__Akkermansia.s__Akkermansia_muciniphila	gender	male	-0.292643727451389	0.134970350911051	952	225	0.0303913248660072	0.132856574123989
PWY.6387..UDP.N.acetylmuramoyl.pentapeptide.biosynthesis.I..meso.diaminopimelate.containing..g__Bacteroides.s__Bacteroides_vulgatus	BMI	BMI	0.0203932594126471	0.00941195807170117	952	747	0.0305035047670331	0.133279692877148
PWY.5097..L.lysine.biosynthesis.VI.g__Bacteroides.s__Bacteroides_uniformis	gender	male	-0.455034163857969	0.210083426879475	952	732	0.0305625120433367	0.133470173623447
DTDPRHAMSYN.PWY..dTDP.L.rhamnose.biosynthesis.I.g__Bacteroides.s__Bacteroides_ovatus	age_category	senior	-0.524897248948176	0.242387007088417	952	484	0.0305958806326843	0.133548551551938
VALSYN.PWY..L.valine.biosynthesis.g__Bacteroides.s__Bacteroides_uniformis	gender	male	-0.410149530233735	0.189423238199479	952	817	0.0306173098374568	0.13357476231354
PWY.6121..5.aminoimidazole.ribonucleotide.biosynthesis.I.g__Alistipes.s__Alistipes_putredinis	gender	male	-0.408595893513435	0.188783430811548	952	432	0.0306858147366226	0.133806221359089
PWY.6703..preQ0.biosynthesis.g__Bacteroides.s__Bacteroides_vulgatus_CAG_6	study_condition	T2D	0.423976135565506	0.195907794386738	952	656	0.0307013145422899	0.133806433787735
PWY.7197..pyrimidine.deoxyribonucleotide.phosphorylation.unclassified	BMI	BMI	-0.0179221556471451	0.00828744047894218	952	698	0.030824143830009	0.134210788608956
UNINTEGRATED.g__Eubacterium.s__Eubacterium_eligens_CAG_72	gender	male	-0.558008355614428	0.258031860692017	952	491	0.0308250875915951	0.134210788608956
PWY.7111..pyruvate.fermentation.to.isobutanol..engineered..g__Phascolarctobacterium.s__Phascolarctobacterium_succinatutens	BMI	BMI	0.0256243489043024	0.0118505346517547	952	194	0.0308452690197803	0.134231170709194
PWY.5695..urate.biosynthesis.inosine.5..phosphate.degradation.g__Bacteroides.s__Bacteroides_uniformis_CAG_3	gender	male	-0.462526138409344	0.214009269298443	952	749	0.0309265866300455	0.134517448626918
PWY.5695..urate.biosynthesis.inosine.5..phosphate.degradation.g__Bacteroides.s__Bacteroides_thetaiotaomicron	age_category	senior	0.502162632289779	0.232425893927859	952	338	0.0309820422374932	0.13469100691601
SER.GLYSYN.PWY..superpathway.of.L.serine.and.glycine.biosynthesis.I.g__Bacteroides.s__Bacteroides_dorei	BMI	BMI	-0.027754105152194	0.0128509890547999	952	492	0.0310473750926344	0.13490730973518
PWY.6125..superpathway.of.guanosine.nucleotides.de.novo.biosynthesis.II.g__Bacteroides.s__Bacteroides_ovatus	study_condition	T2D	0.48271192903179	0.223598852568281	952	503	0.031113964838705	0.135128854314536
RIBOSYN2.PWY..flavin.biosynthesis.I..bacteria.and.plants..g__Bacteroides.s__Bacteroides_vulgatus	BMI	BMI	0.0201717574996145	0.00934531925101567	952	718	0.0311406194070618	0.135176824092809
PWY.5667..CDP.diacylglycerol.biosynthesis.I.g__Alistipes.s__Alistipes_finegoldii	study_condition	T2D	0.34455022695681	0.159668029101371	952	275	0.0311851733654192	0.135234652651242
PWY0.1319..CDP.diacylglycerol.biosynthesis.II.g__Alistipes.s__Alistipes_finegoldii	study_condition	T2D	0.34455022695681	0.159668029101371	952	275	0.0311851733654192	0.135234652651242
VALSYN.PWY..L.valine.biosynthesis.g__Eubacterium.s__Eubacterium_eligens_CAG_72	gender	male	-0.542327489550364	0.251373063119927	952	415	0.0312207226155074	0.135321049975122
PWY.7219..adenosine.ribonucleotides.de.novo.biosynthesis.g__Roseburia.s__Roseburia_inulinivorans_CAG_15	study_condition	T2D	0.354177527599968	0.16424257055306	952	335	0.0313013133958081	0.135602488247973
PWY.6700..queuosine.biosynthesis	study_condition	T2D	-0.0581148997360816	0.0269810207796884	952	950	0.0314983776577781	0.136113734414365
CALVIN.PWY..Calvin.Benson.Bassham.cycle.unclassified	BMI	BMI	-0.0123090125187242	0.00571281313497138	952	842	0.0314421976496599	0.136113734414365
PWY0.1296..purine.ribonucleosides.degradation	BMI	BMI	-0.00736549178022371	0.00341951262184908	952	938	0.0314950919800676	0.136113734414365
PANTO.PWY..phosphopantothenate.biosynthesis.I.g__Bacteroides.s__Bacteroides_thetaiotaomicron	study_condition	T2D	0.428405686243402	0.198847897589822	952	479	0.0314573871160751	0.136113734414365
METSYN.PWY..L.homoserine.and.L.methionine.biosynthesis.unclassified	gender	male	0.265337254174355	0.123191768141115	952	448	0.0315032839885638	0.136113734414365
UNINTEGRATED.g__Ruminococcus.s__Ruminococcus_bicirculans	BMI	BMI	-0.0217465697097804	0.0100971947184347	952	269	0.0315136301963974	0.136113734414365
PWY.7219..adenosine.ribonucleotides.de.novo.biosynthesis.g__Bacteroides.s__Bacteroides_vulgatus	BMI	BMI	0.0230679094935133	0.0107131128669006	952	738	0.0315516876509171	0.136210176997479
DTDPRHAMSYN.PWY..dTDP.L.rhamnose.biosynthesis.I.g__Roseburia.s__Roseburia_inulinivorans_CAG_15	study_condition	T2D	0.313284454014865	0.145520435353625	952	276	0.0315820471899434	0.136273307755311
PWY.6387..UDP.N.acetylmuramoyl.pentapeptide.biosynthesis.I..meso.diaminopimelate.containing..g__Akkermansia.s__Akkermansia_muciniphila	gender	male	-0.289777418689396	0.134628859956731	952	186	0.03161664622066	0.136354659497468
PWY.6385..peptidoglycan.biosynthesis.III..mycobacteria..g__Bacteroides.s__Bacteroides_uniformis_CAG_3	gender	male	-0.445859030909294	0.20729015726483	952	688	0.0317370717156863	0.136770678323024
UDPNAGSYN.PWY..UDP.N.acetyl.D.glucosamine.biosynthesis.I.unclassified	study_condition	T2D	0.355318259896079	0.165203057010739	952	768	0.0317446955461061	0.136770678323024
PWY.2942..L.lysine.biosynthesis.III.g__Eubacterium.s__Eubacterium_eligens	study_condition	T2D	-0.27915334145067	0.129838117963893	952	275	0.031807030832392	0.136971102440833
UNINTEGRATED.g__Barnesiella.s__Barnesiella_intestinihominis	study_condition	T2D	-0.41000393569273	0.191042985224896	952	367	0.0321158101358669	0.138167925296364
PWY.7208..superpathway.of.pyrimidine.nucleobases.salvage.unclassified	study_condition	T2D	-0.328148071045676	0.152902853149795	952	741	0.0321168630048015	0.138167925296364
P108.PWY..pyruvate.fermentation.to.propanoate.I	BMI	BMI	-0.0174744569520288	0.0081445685957736	952	742	0.0321637931012558	0.138232480524504
BRANCHED.CHAIN.AA.SYN.PWY..superpathway.of.branched.amino.acid.biosynthesis.g__Eubacterium.s__Eubacterium_eligens	age_category	senior	0.474990202759083	0.221369749584445	952	290	0.0321516174006441	0.138232480524504
PWY.7111..pyruvate.fermentation.to.isobutanol..engineered..g__Bacteroides.s__Bacteroides_uniformis_CAG_3	gender	male	-0.442639880530483	0.206361319622465	952	772	0.032208668372347	0.138356680607403
PWY.6122..5.aminoimidazole.ribonucleotide.biosynthesis.II.g__Roseburia.s__Roseburia_inulinivorans	BMI	BMI	0.0211825551379864	0.0098798706033645	952	309	0.0322860222400606	0.138551512685295
PWY.6277..superpathway.of.5.aminoimidazole.ribonucleotide.biosynthesis.g__Roseburia.s__Roseburia_inulinivorans	BMI	BMI	0.0211825551379864	0.0098798706033645	952	309	0.0322860222400606	0.138551512685295
PWY.6609..adenine.and.adenosine.salvage.III.g__Barnesiella.s__Barnesiella_intestinihominis	study_condition	T2D	-0.356374151813843	0.16638027795365	952	220	0.0324540107110136	0.139203433757988
PWY0.1586..peptidoglycan.maturation..meso.diaminopimelate.containing..g__Bacteroides.s__Bacteroides_ovatus	age_category	senior	-0.478594820924597	0.223535845275558	952	458	0.0325271248328842	0.139447970818206
SER.GLYSYN.PWY..superpathway.of.L.serine.and.glycine.biosynthesis.I.g__Alistipes.s__Alistipes_finegoldii	gender	male	-0.424560561832061	0.198317078794258	952	398	0.0325435877982485	0.139449515256226
HISTSYN.PWY..L.histidine.biosynthesis.g__Bacteroides.s__Bacteroides_uniformis	study_condition	T2D	0.435521524725252	0.203470342283517	952	693	0.0325719212791634	0.13950189825794
VALSYN.PWY..L.valine.biosynthesis.g__Roseburia.s__Roseburia_hominis	BMI	BMI	-0.0202500930848302	0.00946328120912758	952	376	0.0326211201738045	0.139643549532944
PWY.7208..superpathway.of.pyrimidine.nucleobases.salvage.g__Dialister.s__Dialister_invisus_CAG_218	study_condition	T2D	-0.376294555866498	0.175921194713628	952	192	0.0326912769436796	0.139874732377601
PWY.7220..adenosine.deoxyribonucleotides.de.novo.biosynthesis.II.g__Bacteroides.s__Bacteroides_fragilis_CAG_47	gender	male	-0.374657300576027	0.175260395988949	952	258	0.0327951359857581	0.140180591133596
PWY.7222..guanosine.deoxyribonucleotides.de.novo.biosynthesis.II.g__Bacteroides.s__Bacteroides_fragilis_CAG_47	gender	male	-0.374657300576027	0.175260395988949	952	258	0.0327951359857581	0.140180591133596
PWY.7111..pyruvate.fermentation.to.isobutanol..engineered..g__Bacteroides.s__Bacteroides_uniformis	gender	male	-0.428444703280313	0.200586790551662	952	762	0.0329388430506335	0.140586683498515
GLYCOLYSIS..glycolysis.I..from.glucose.6.phosphate..unclassified	age_category	senior	0.419439459359329	0.19635070515727	952	744	0.0329210070941489	0.140586683498515
PYRIDOXSYN.PWY..pyridoxal.5..phosphate.biosynthesis.I.g__Bacteroides.s__Bacteroides_dorei	BMI	BMI	-0.0250904130027222	0.0117460648770093	952	385	0.0329296104204358	0.140586683498515
PWY.5103..L.isoleucine.biosynthesis.III.g__Eubacterium.s__Eubacterium_eligens	age_category	senior	0.468239053239773	0.219297806360863	952	290	0.0330028512884288	0.140790488747682
PWY.6387..UDP.N.acetylmuramoyl.pentapeptide.biosynthesis.I..meso.diaminopimelate.containing..g__Akkermansia.s__Akkermansia_muciniphila	study_condition	T2D	0.293247257763982	0.137410223301531	952	186	0.0330908630740023	0.140901840177089
PWY.4242..pantothenate.and.coenzyme.A.biosynthesis.III.g__Bacteroides.s__Bacteroides_uniformis_CAG_3	BMI	BMI	-0.0242947517517575	0.011384276004843	952	637	0.0330940349792379	0.140901840177089
PWY.7199..pyrimidine.deoxyribonucleosides.salvage.g__Barnesiella.s__Barnesiella_intestinihominis	study_condition	T2D	-0.385656774200625	0.180686480121429	952	199	0.0330665136895616	0.140901840177089
PWY.6387..UDP.N.acetylmuramoyl.pentapeptide.biosynthesis.I..meso.diaminopimelate.containing..g__Roseburia.s__Roseburia_inulinivorans_CAG_15	age_category	senior	-0.376917797990169	0.176577212700798	952	203	0.0330517300793829	0.140901840177089
DTDPRHAMSYN.PWY..dTDP.L.rhamnose.biosynthesis.I.g__Prevotella.s__Prevotella_copri_CAG_164	BMI	BMI	0.023287385110643	0.010914238889889	952	303	0.0331262213383979	0.140969570904435
PWY.6122..5.aminoimidazole.ribonucleotide.biosynthesis.II.g__Alistipes.s__Alistipes_putredinis_CAG_67	gender	male	-0.308961107220453	0.144946423648954	952	405	0.0333004509924448	0.14157187314412
PWY.6277..superpathway.of.5.aminoimidazole.ribonucleotide.biosynthesis.g__Alistipes.s__Alistipes_putredinis_CAG_67	gender	male	-0.308961107220453	0.144946423648954	952	405	0.0333004509924448	0.14157187314412
PWY.5188..tetrapyrrole.biosynthesis.I..from.glutamate..g__Eubacterium.s__Eubacterium_eligens_CAG_72	gender	male	-0.33464127661564	0.157039574926534	952	300	0.0333514698541031	0.141719199674452
PWY.6628..superpathway.of.L.phenylalanine.biosynthesis	BMI	BMI	0.016838254890274	0.00791267977301376	952	418	0.0335940450232772	0.142679955812448
PWY.6122..5.aminoimidazole.ribonucleotide.biosynthesis.II.g__Akkermansia.s__Akkermansia_muciniphila	gender	male	-0.288129009029982	0.135447493908768	952	217	0.0336582373729112	0.14281251134219
PWY.6277..superpathway.of.5.aminoimidazole.ribonucleotide.biosynthesis.g__Akkermansia.s__Akkermansia_muciniphila	gender	male	-0.288129009029982	0.135447493908768	952	217	0.0336582373729112	0.14281251134219
PWY0.1586..peptidoglycan.maturation..meso.diaminopimelate.containing..g__Escherichia.s__Escherichia_coli	gender	male	0.464039560368139	0.218183372234216	952	261	0.0336919624984679	0.142885600017988
PWY.5667..CDP.diacylglycerol.biosynthesis.I.g__Barnesiella.s__Barnesiella_intestinihominis	gender	male	-0.192493839793928	0.0905516830671957	952	191	0.0337789949339403	0.142974631538574
PWY0.1319..CDP.diacylglycerol.biosynthesis.II.g__Barnesiella.s__Barnesiella_intestinihominis	gender	male	-0.192493839793928	0.0905516830671957	952	191	0.0337789949339403	0.142974631538574
PWY.5690..TCA.cycle.II..plants.and.fungi..unclassified	age_category	senior	0.383444446680388	0.180357065525919	952	366	0.0337589716038576	0.142974631538574
PWY.5030..L.histidine.degradation.III.g__Bacteroides.s__Bacteroides_ovatus	age_category	senior	-0.546971443998152	0.257279334370847	952	455	0.0337628714891343	0.142974631538574
PWY0.1586..peptidoglycan.maturation..meso.diaminopimelate.containing..g__Prevotella.s__Prevotella_copri	BMI	BMI	0.0244698774205522	0.0115144350250038	952	292	0.0338326449658863	0.14313175642627
PWY.6122..5.aminoimidazole.ribonucleotide.biosynthesis.II.g__Bacteroides.s__Bacteroides_uniformis_CAG_3	gender	male	-0.477770246632831	0.22495076552851	952	749	0.033938162271172	0.143438011355954
PWY.6277..superpathway.of.5.aminoimidazole.ribonucleotide.biosynthesis.g__Bacteroides.s__Bacteroides_uniformis_CAG_3	gender	male	-0.477770246632831	0.22495076552851	952	749	0.033938162271172	0.143438011355954
PWY.3001..superpathway.of.L.isoleucine.biosynthesis.I.unclassified	age_category	senior	0.314946984998233	0.148406357595601	952	797	0.0340805477777151	0.143969533539031
PWY.7111..pyruvate.fermentation.to.isobutanol..engineered..g__Eubacterium.s__Eubacterium_eligens_CAG_72	gender	male	-0.49888299365646	0.235173403163035	952	407	0.0341523487251912	0.144202506075161
X1CMET2.PWY..N10.formyl.tetrahydrofolate.biosynthesis	BMI	BMI	0.00281951294351341	0.0013301523166606	952	946	0.0342916563074066	0.14454666646551
PWY.6122..5.aminoimidazole.ribonucleotide.biosynthesis.II.g__Bacteroides.s__Bacteroides_caccae	BMI	BMI	-0.0232732231261516	0.0109811021177402	952	441	0.0343173148098255	0.14454666646551
PWY.6277..superpathway.of.5.aminoimidazole.ribonucleotide.biosynthesis.g__Bacteroides.s__Bacteroides_caccae	BMI	BMI	-0.0232732231261516	0.0109811021177402	952	441	0.0343173148098255	0.14454666646551
PWY.6385..peptidoglycan.biosynthesis.III..mycobacteria..g__Bacteroides.s__Bacteroides_ovatus	age_category	senior	-0.583096890519682	0.275101466262614	952	412	0.0343019393864498	0.14454666646551
GALACT.GLUCUROCAT.PWY..superpathway.of.hexuronide.and.hexuronate.degradation.unclassified	gender	male	0.226642612348191	0.10691634427089	952	328	0.0342814363939553	0.14454666646551
PWY.6737..starch.degradation.V.g__Gemmiger.s__Gemmiger_formicilis	study_condition	T2D	-0.289590989603491	0.136658500264993	952	290	0.0343430248485698	0.144563763104244
PWY.3841..folate.transformations.II.g__Alistipes.s__Alistipes_putredinis_CAG_67	gender	male	-0.454346859426814	0.214421100552173	952	408	0.0343547603312396	0.144563763104244
PANTO.PWY..phosphopantothenate.biosynthesis.I.g__Alistipes.s__Alistipes_finegoldii	study_condition	T2D	0.398037575738909	0.187871858330271	952	265	0.0343786109131126	0.144572150777501
PWY.5690..TCA.cycle.II..plants.and.fungi..unclassified	gender	male	0.320212972532416	0.151161924117923	952	366	0.0344058506305301	0.144572150777501
PWY.6305..putrescine.biosynthesis.IV.g__Ruminococcus.s__Ruminococcus_bicirculans	BMI	BMI	-0.0115323982017357	0.00544409256004058	952	197	0.0344068363455461	0.144572150777501
DTDPRHAMSYN.PWY..dTDP.L.rhamnose.biosynthesis.I.g__Alistipes.s__Alistipes_finegoldii	gender	male	-0.381426175064388	0.180119142668621	952	408	0.0344662685718733	0.144681476409318
PWY0.1586..peptidoglycan.maturation..meso.diaminopimelate.containing.	gender	male	0.0827981341255686	0.0390982929182837	952	948	0.0344612414580134	0.144681476409318
PWY.6305..putrescine.biosynthesis.IV.g__Ruminococcus.s__Ruminococcus_bicirculans	gender	male	-0.223456212546248	0.105536374178145	952	197	0.0344912854525985	0.144716343032705
PWY.6703..preQ0.biosynthesis.g__Bacteroides.s__Bacteroides_ovatus	age_category	senior	-0.424383841517333	0.200617012267416	952	348	0.0346570411732604	0.145341393007475
PWY.7357..thiamin.formation.from.pyrithiamine.and.oxythiamine..yeast..g__Dialister.s__Dialister_invisus_CAG_218	study_condition	T2D	-0.283523415034074	0.134048775187459	952	198	0.034684081696135	0.145384388910227
RIBOSYN2.PWY..flavin.biosynthesis.I..bacteria.and.plants..g__Akkermansia.s__Akkermansia_muciniphila	gender	male	-0.30885267366892	0.146088704372415	952	201	0.0347637671367312	0.14564790682346
PWY.7539..6.hydroxymethyl.dihydropterin.diphosphate.biosynthesis.III..Chlamydia..unclassified	gender	male	0.3036677460357	0.143703231362862	952	244	0.0348482665673713	0.14593132904905
NONMEVIPP.PWY..methylerythritol.phosphate.pathway.I	age_category	senior	-0.498899556101689	0.236124650667032	952	310	0.0348734608946292	0.145966250047119
COA.PWY..coenzyme.A.biosynthesis.I.g__Fusicatenibacter.s__Fusicatenibacter_saccharivorans	study_condition	T2D	-0.329895920471023	0.156159948512591	952	185	0.0349004047499736	0.145990894126656
RIBOSYN2.PWY..flavin.biosynthesis.I..bacteria.and.plants..g__Bacteroides.s__Bacteroides_uniformis_CAG_3	gender	male	-0.40061070083197	0.189646815072124	952	635	0.0349130648656242	0.145990894126656
DTDPRHAMSYN.PWY..dTDP.L.rhamnose.biosynthesis.I.g__Bacteroides.s__Bacteroides_vulgatus	BMI	BMI	0.0213078455168902	0.0100888750456322	952	762	0.0349465920835783	0.146060563438122
PWY.6700..queuosine.biosynthesis.g__Akkermansia.s__Akkermansia_muciniphila	study_condition	T2D	0.275845172635186	0.130634584811486	952	220	0.0349840666936295	0.146146655845071
PWY0.845..superpathway.of.pyridoxal.5..phosphate.biosynthesis.and.salvage.g__Bacteroides.s__Bacteroides_uniformis_CAG_3	gender	male	-0.438260949626484	0.207695579969321	952	554	0.0351104772402964	0.146503316262056
RHAMCAT.PWY..L.rhamnose.degradation.I.g__Eubacterium.s__Eubacterium_eligens_CAG_72	BMI	BMI	-0.0158009762574664	0.00748737509055948	952	274	0.0350900058698892	0.146503316262056
PWY.6385..peptidoglycan.biosynthesis.III..mycobacteria..g__Dialister.s__Dialister_invisus_CAG_218	study_condition	T2D	-0.285072937700125	0.135105687573025	952	198	0.0351201945219433	0.146503316262056
RHAMCAT.PWY..L.rhamnose.degradation.I.g__Eubacterium.s__Eubacterium_eligens	BMI	BMI	-0.0160541144842112	0.00760975661792244	952	275	0.0351482171647571	0.146549619955126
HEME.BIOSYNTHESIS.II..heme.biosynthesis.I..aerobic.	gender	male	0.323756920981134	0.153484418124456	952	521	0.0351737551763839	0.146585524459809
PWY.6387..UDP.N.acetylmuramoyl.pentapeptide.biosynthesis.I..meso.diaminopimelate.containing..g__Alistipes.s__Alistipes_putredinis	gender	male	-0.359148992294741	0.170315085282362	952	424	0.0352297423909572	0.146748229488066
PWY.6123..inosine.5..phosphate.biosynthesis.I.g__Bacteroides.s__Bacteroides_vulgatus_CAG_6	BMI	BMI	0.0195235082475922	0.00926568654834749	952	633	0.0353734239044738	0.147179661437728
PWY.841..superpathway.of.purine.nucleotides.de.novo.biosynthesis.I.unclassified	gender	male	0.298468695850784	0.141659052530561	952	620	0.0353843019761373	0.147179661437728
ASPASN.PWY..superpathway.of.L.aspartate.and.L.asparagine.biosynthesis.g__Bacteroides.s__Bacteroides_vulgatus_CAG_6	BMI	BMI	0.0216488484852069	0.0102744536201324	952	742	0.0353751908012145	0.147179661437728
PWY.6122..5.aminoimidazole.ribonucleotide.biosynthesis.II.g__Bacteroides.s__Bacteroides_caccae	study_condition	T2D	0.457681512201535	0.217271857086569	952	441	0.0354241898801505	0.147204167160318
PWY.6277..superpathway.of.5.aminoimidazole.ribonucleotide.biosynthesis.g__Bacteroides.s__Bacteroides_caccae	study_condition	T2D	0.457681512201535	0.217271857086569	952	441	0.0354241898801505	0.147204167160318
PWY.7199..pyrimidine.deoxyribonucleosides.salvage.g__Bacteroides.s__Bacteroides_vulgatus_CAG_6	study_condition	T2D	0.402240444465327	0.191086550495682	952	609	0.0355527414693735	0.147596711948597
PWY.5686..UMP.biosynthesis.g__Alistipes.s__Alistipes_putredinis	gender	male	-0.350162981608548	0.166337598180339	952	436	0.0355425103625011	0.147596711948597
X1CMET2.PWY..N10.formyl.tetrahydrofolate.biosynthesis.g__Akkermansia.s__Akkermansia_muciniphila	study_condition	T2D	0.264094512425331	0.125500388629406	952	177	0.0356125464255202	0.147774150476763
P185.PWY..formaldehyde.assimilation.III..dihydroxyacetone.cycle.	BMI	BMI	0.0166945310223459	0.00793550448710867	952	361	0.0356611068302826	0.14790478216008
OANTIGEN.PWY..O.antigen.building.blocks.biosynthesis..E..coli..unclassified	gender	male	0.316784248507221	0.150613479759706	952	753	0.0357034841694681	0.148009656729341
ARGININE.SYN4.PWY..L.ornithine.de.novo..biosynthesis.g__Bacteroides.s__Bacteroides_uniformis_CAG_3	gender	male	-0.416339111579563	0.198253006433944	952	708	0.0359894098587838	0.149123583434004
PWY.3841..folate.transformations.II.g__Barnesiella.s__Barnesiella_intestinihominis	gender	male	-0.405657165381545	0.193201385165834	952	236	0.0360228990181095	0.14915207912545
COA.PWY..coenzyme.A.biosynthesis.I.g__Alistipes.s__Alistipes_finegoldii	gender	male	-0.406081940224379	0.193447322504624	952	313	0.0360647132364919	0.14915207912545
PWY.7234..inosine.5..phosphate.biosynthesis.III	gender	male	-0.266830287887983	0.127098140826511	952	866	0.0360455125375302	0.14915207912545
PWY.6143..CMP.pseudaminate.biosynthesis	gender	male	-0.299503470204419	0.142676352478105	952	213	0.0360651794097798	0.14915207912545
PWY.6122..5.aminoimidazole.ribonucleotide.biosynthesis.II.g__Bacteroides.s__Bacteroides_uniformis	gender	male	-0.460872570293842	0.219620312815155	952	748	0.0361256358736031	0.149188367508537
PWY.6277..superpathway.of.5.aminoimidazole.ribonucleotide.biosynthesis.g__Bacteroides.s__Bacteroides_uniformis	gender	male	-0.460872570293842	0.219620312815155	952	748	0.0361256358736031	0.149188367508537
PWY.6545..pyrimidine.deoxyribonucleotides.de.novo.biosynthesis.III.unclassified	study_condition	T2D	-0.332962893988599	0.158643443275736	952	580	0.0360977054795209	0.149188367508537
PWY.6703..preQ0.biosynthesis.g__Bacteroides.s__Bacteroides_uniformis	gender	male	-0.437900555335021	0.208745246159497	952	636	0.0361895604325002	0.149309953952097
PWY.5345..superpathway.of.L.methionine.biosynthesis..by.sulfhydrylation.	age_category	senior	0.391351098138983	0.186546204095252	952	592	0.0361804717194331	0.149309953952097
PWY.724..superpathway.of.L.lysine..L.threonine.and.L.methionine.biosynthesis.II.g__Dialister.s__Dialister_invisus	study_condition	T2D	-0.403649328001542	0.192673622831044	952	195	0.0364370265001032	0.150259356900426
PWY.2942..L.lysine.biosynthesis.III.g__Bacteroides.s__Bacteroides_ovatus	age_category	senior	-0.485391131476266	0.231752062417752	952	427	0.0364859450616823	0.150389473695464
PWY.6122..5.aminoimidazole.ribonucleotide.biosynthesis.II.g__Roseburia.s__Roseburia_inulinivorans	study_condition	T2D	0.409287128030473	0.195482913349845	952	309	0.0365500701527221	0.150510512374024
PWY.6277..superpathway.of.5.aminoimidazole.ribonucleotide.biosynthesis.g__Roseburia.s__Roseburia_inulinivorans	study_condition	T2D	0.409287128030473	0.195482913349845	952	309	0.0365500701527221	0.150510512374024
MET.SAM.PWY..superpathway.of.S.adenosyl.L.methionine.biosynthesis.unclassified	gender	male	0.25285593550404	0.120784005979883	952	447	0.0365740093615986	0.150537510014945
PEPTIDOGLYCANSYN.PWY..peptidoglycan.biosynthesis.I..meso.diaminopimelate.containing..g__Alistipes.s__Alistipes_putredinis_CAG_67	gender	male	-0.373608313365872	0.178543503494059	952	407	0.0366564892195797	0.150805319069625
HISDEG.PWY..L.histidine.degradation.I.g__Bacteroides.s__Bacteroides_uniformis	gender	male	-0.480366806824886	0.229703534978173	952	739	0.0367719179172554	0.151136949251638
PWY.6527..stachyose.degradation.g__Roseburia.s__Roseburia_inulinivorans_CAG_15	study_condition	T2D	0.327546905729276	0.156627634157039	952	235	0.036772003703603	0.151136949251638
PWY.5097..L.lysine.biosynthesis.VI.g__Bacteroides.s__Bacteroides_uniformis_CAG_3	gender	male	-0.442560028229387	0.211663034372523	952	725	0.0368057244750404	0.151203782710555
PWY.7199..pyrimidine.deoxyribonucleosides.salvage.g__Bacteroides.s__Bacteroides_dorei	gender	male	-0.424102568388705	0.202941805813365	952	452	0.0369043866978455	0.151537216122969
PWY.5695..urate.biosynthesis.inosine.5..phosphate.degradation.g__Bacteroides.s__Bacteroides_ovatus	study_condition	T2D	0.492755119892169	0.235842163843992	952	440	0.0369432811298846	0.15162503060891
DTDPRHAMSYN.PWY..dTDP.L.rhamnose.biosynthesis.I.g__Bacteroides.s__Bacteroides_vulgatus_CAG_6	BMI	BMI	0.0172795533124018	0.00827127816751704	952	733	0.0369648935555872	0.151641865557264
THISYNARA.PWY..superpathway.of.thiamin.diphosphate.biosynthesis.III..eukaryotes..g__Bacteroides.s__Bacteroides_uniformis	gender	male	-0.47447851959943	0.227219431208545	952	729	0.0370468879757129	0.15176290882871
PWY.7539..6.hydroxymethyl.dihydropterin.diphosphate.biosynthesis.III..Chlamydia..g__Alistipes.s__Alistipes_putredinis_CAG_67	age_category	senior	0.459633020680952	0.220097228745186	952	279	0.0370357805552854	0.15176290882871
GALACTUROCAT.PWY..D.galacturonate.degradation.I.unclassified	age_category	senior	0.286314164234938	0.137110887605838	952	467	0.0370469733561076	0.15176290882871
PWY.7357..thiamin.formation.from.pyrithiamine.and.oxythiamine..yeast..g__Dialister.s__Dialister_invisus	study_condition	T2D	-0.371149100653723	0.177791199366284	952	201	0.0371046929900577	0.151878355907901
PWY.5791..1.4.dihydroxy.2.naphthoate.biosynthesis.II..plants.	age_category	senior	0.427507783344175	0.204813652868626	952	368	0.0371277689904189	0.151878355907901
PWY.5837..1.4.dihydroxy.2.naphthoate.biosynthesis.I	age_category	senior	0.427507783344175	0.204813652868626	952	368	0.0371277689904189	0.151878355907901
PWY.7539..6.hydroxymethyl.dihydropterin.diphosphate.biosynthesis.III..Chlamydia..g__Bacteroides.s__Bacteroides_vulgatus_CAG_6	BMI	BMI	0.0181169986491784	0.00868548445679622	952	567	0.0372554016643954	0.152328507277462
PWY.6892..thiazole.biosynthesis.I..E..coli.	gender	male	-0.162195060557261	0.0777758803608216	952	920	0.0372988289902581	0.152362197667752
PWY.6700..queuosine.biosynthesis.g__Bacteroides.s__Bacteroides_thetaiotaomicron	study_condition	T2D	0.422451711000596	0.20255679076128	952	477	0.0372824269002988	0.152362197667752
UNINTEGRATED.g__Firmicutes_unclassified.s__Firmicutes_bacterium_CAG_83	BMI	BMI	-0.01740490611454	0.00834936183102266	952	194	0.0373749647076099	0.152601223181472
PWY.6507..4.deoxy.L.threo.hex.4.enopyranuronate.degradation.unclassified	study_condition	T2D	0.283618579655644	0.136074266641957	952	500	0.0374010796912842	0.152635886016268
PWY.7111..pyruvate.fermentation.to.isobutanol..engineered..g__Ruminococcaceae_unclassified.s__Eubacterium_siraeum	study_condition	T2D	-0.334133234216012	0.160500788119886	952	173	0.0376272664454885	0.153486635618432
PYRIDOXSYN.PWY..pyridoxal.5..phosphate.biosynthesis.I.g__Bacteroides.s__Bacteroides_ovatus	study_condition	T2D	0.426230243881538	0.204793159381086	952	323	0.0376772050916514	0.153617983094963
PANTO.PWY..phosphopantothenate.biosynthesis.I.g__Bacteroides.s__Bacteroides_uniformis	gender	male	-0.455827991675812	0.219154109083683	952	710	0.0377992565737906	0.153825921959129
PWY.5897..superpathway.of.menaquinol.11.biosynthesis	age_category	senior	0.402642113078328	0.193575696592983	952	368	0.0377917737674364	0.153825921959129
PWY.5898..superpathway.of.menaquinol.12.biosynthesis	age_category	senior	0.402642113078328	0.193575696592983	952	368	0.0377917737674364	0.153825921959129
PWY.5899..superpathway.of.menaquinol.13.biosynthesis	age_category	senior	0.402642113078328	0.193575696592983	952	368	0.0377917737674364	0.153825921959129
PWY.6121..5.aminoimidazole.ribonucleotide.biosynthesis.I.g__Roseburia.s__Roseburia_inulinivorans_CAG_15	BMI	BMI	0.0159290895197782	0.00765956051388287	952	209	0.0378275674989293	0.153868827872582
PWY.6387..UDP.N.acetylmuramoyl.pentapeptide.biosynthesis.I..meso.diaminopimelate.containing..g__Bacteroides.s__Bacteroides_uniformis_CAG_3	study_condition	T2D	0.397161349910072	0.191055638449907	952	692	0.0379069214067511	0.154119220367354
UNINTEGRATED.g__Eubacterium.s__Eubacterium_eligens	gender	male	-0.412815974731979	0.198608643088863	952	484	0.0379284420687673	0.15413435397256
PWY.7282..4.amino.2.methyl.5.phosphomethylpyrimidine.biosynthesis..yeast.	gender	male	-0.19865480205643	0.0955962512900717	952	889	0.0379726593838707	0.154241665227167
PWY0.1586..peptidoglycan.maturation..meso.diaminopimelate.containing..g__Prevotella.s__Prevotella_copri_CAG_164	BMI	BMI	0.019145651494668	0.00921662864447468	952	292	0.0380434388651409	0.154456718505448
LACTOSECAT.PWY..lactose.and.galactose.degradation.I.unclassified	gender	male	0.246114638038982	0.11851314552471	952	270	0.0380996924150159	0.154612622452689
COBALSYN.PWY..adenosylcobalamin.salvage.from.cobinamide.I.g__Bacteroides.s__Bacteroides_uniformis	BMI	BMI	-0.0196199536025353	0.00944972229157922	952	616	0.0381404271836082	0.154705432978945
COA.PWY..coenzyme.A.biosynthesis.I.g__Bacteroides.s__Bacteroides_uniformis	BMI	BMI	-0.020903659712757	0.0100706501042977	952	732	0.0381909971975789	0.154838031709285
ARGSYN.PWY..L.arginine.biosynthesis.I..via.L.ornithine..g__Eubacterium.s__Eubacterium_eligens_CAG_72	gender	male	-0.32508240123533	0.156696033652117	952	314	0.0382927764597918	0.155178027207205
PWY.7400..L.arginine.biosynthesis.IV..archaebacteria..g__Eubacterium.s__Eubacterium_eligens_CAG_72	gender	male	-0.324121922872542	0.156344968589515	952	314	0.038431045125711	0.155665505513871
PWY.5686..UMP.biosynthesis.g__Roseburia.s__Roseburia_inulinivorans	study_condition	T2D	0.3139112290669	0.151470751105005	952	245	0.0384962660882501	0.155856785565333
PWY.1269..CMP.3.deoxy.D.manno.octulosonate.biosynthesis.I.g__Bacteroides.s__Bacteroides_uniformis_CAG_3	BMI	BMI	-0.0182376495568521	0.00880226960842247	952	625	0.0385425771036922	0.155971363419614
PWY.6629..superpathway.of.L.tryptophan.biosynthesis	age_category	senior	0.384692731150688	0.185792809837133	952	288	0.0386716718439566	0.15642068106897
UDPNAGSYN.PWY..UDP.N.acetyl.D.glucosamine.biosynthesis.I.g__Phascolarctobacterium.s__Phascolarctobacterium_succinatutens	BMI	BMI	0.0206445748703884	0.0099740091814902	952	192	0.038738265111454	0.156616888825953
PWY.7560..methylerythritol.phosphate.pathway.II	age_category	senior	-0.451174589027582	0.2180071154756	952	306	0.0387661136152033	0.156656343400682
DTDPRHAMSYN.PWY..dTDP.L.rhamnose.biosynthesis.I.g__Fusicatenibacter.s__Fusicatenibacter_saccharivorans	study_condition	T2D	-0.294350700995874	0.142370753430351	952	249	0.0389587902901407	0.157308001973717
PWY.5695..urate.biosynthesis.inosine.5..phosphate.degradation.g__Bacteroides.s__Bacteroides_uniformis	gender	male	-0.469671834917154	0.22721052818701	952	751	0.038993935498042	0.157308001973717
PWY.6122..5.aminoimidazole.ribonucleotide.biosynthesis.II.g__Alistipes.s__Alistipes_putredinis	gender	male	-0.515606113045144	0.249439689442293	952	446	0.0390000323599965	0.157308001973717
PWY.6277..superpathway.of.5.aminoimidazole.ribonucleotide.biosynthesis.g__Alistipes.s__Alistipes_putredinis	gender	male	-0.515606113045144	0.249439689442293	952	446	0.0390000323599965	0.157308001973717
PWY.4242..pantothenate.and.coenzyme.A.biosynthesis.III.g__Lachnospiraceae_unclassified.s__Eubacterium_rectale	BMI	BMI	0.0170433363685639	0.00824652007382898	952	347	0.0390308759087537	0.157359117956149
RIBOSYN2.PWY..flavin.biosynthesis.I..bacteria.and.plants..unclassified	study_condition	T2D	-0.31108768619788	0.150576822861571	952	815	0.0391025112895891	0.157501278031554
PWY.5188..tetrapyrrole.biosynthesis.I..from.glutamate..g__Dialister.s__Dialister_invisus_CAG_218	BMI	BMI	0.0192209304367113	0.00930294980474172	952	193	0.0390894389884607	0.157501278031554
PWY.6124..inosine.5..phosphate.biosynthesis.II.g__Bacteroides.s__Bacteroides_ovatus	age_category	senior	-0.506438664662976	0.245274595011378	952	561	0.03921535617261	0.157869411615067
PWY.241..C4.photosynthetic.carbon.assimilation.cycle..NADP.ME.type.unclassified	age_category	senior	0.28138318345758	0.136288149352417	952	276	0.0392308044081644	0.157869411615067
PWY.7219..adenosine.ribonucleotides.de.novo.biosynthesis.g__Dialister.s__Dialister_invisus_CAG_218	study_condition	T2D	-0.291313797500919	0.141110859595849	952	207	0.0392485962133072	0.157869411615067
PWY.4242..pantothenate.and.coenzyme.A.biosynthesis.III.g__Blautia.s__Ruminococcus_torques	gender	male	-0.289271627079115	0.140247311353686	952	228	0.0394245624161044	0.158503579630206
PWY.2942..L.lysine.biosynthesis.III.g__Eubacterium.s__Eubacterium_eligens	gender	male	-0.262318368985949	0.127210023973608	952	275	0.0394716210684034	0.158619136172795
PYRIDNUCSYN.PWY..NAD.biosynthesis.I..from.aspartate..g__Alistipes.s__Alistipes_putredinis	gender	male	-0.357290436873922	0.173441785245579	952	402	0.0396711317972726	0.15934693940834
PWY.7219..adenosine.ribonucleotides.de.novo.biosynthesis.g__Gemmiger.s__Gemmiger_formicilis	study_condition	T2D	-0.373156674574853	0.181285689103674	952	315	0.0398258320045087	0.159560078964687
COA.PWY.1..coenzyme.A.biosynthesis.II..mammalian..g__Bacteroides.s__Bacteroides_uniformis	BMI	BMI	-0.0213920941321195	0.0103925507978081	952	719	0.0398242589525831	0.159560078964687
PYRIDNUCSYN.PWY..NAD.biosynthesis.I..from.aspartate..g__Bacteroides.s__Bacteroides_vulgatus	BMI	BMI	0.0197073117257689	0.00957239939353078	952	690	0.0397899015521938	0.159560078964687
PWY.7328..superpathway.of.UDP.glucose.derived.O.antigen.building.blocks.biosynthesis	BMI	BMI	-0.0167256943505992	0.00812421706982275	952	524	0.0397916948845126	0.159560078964687
POLYAMSYN.PWY..superpathway.of.polyamine.biosynthesis.I.unclassified	gender	male	0.229649392473523	0.111579137962027	952	392	0.0398465177288756	0.159560078964687
PWY.5686..UMP.biosynthesis.g__Dialister.s__Dialister_invisus_CAG_218	study_condition	T2D	-0.275648426176503	0.133933066517338	952	198	0.0398531698384085	0.159560078964687
PWY.6385..peptidoglycan.biosynthesis.III..mycobacteria..g__Dialister.s__Dialister_invisus	study_condition	T2D	-0.384094331594939	0.186597377198424	952	203	0.0398237040479568	0.159560078964687
PWY.7111..pyruvate.fermentation.to.isobutanol..engineered..g__Bacteroides.s__Bacteroides_vulgatus	BMI	BMI	0.0262093333244224	0.012754366268512	952	756	0.0401596136833351	0.160268320045015
PWY.7199..pyrimidine.deoxyribonucleosides.salvage.g__Bacteroides.s__Bacteroides_dorei	BMI	BMI	-0.0215182657070907	0.010468750549311	952	452	0.0401068066347896	0.160268320045015
PWY0.845..superpathway.of.pyridoxal.5..phosphate.biosynthesis.and.salvage.g__Bacteroides.s__Bacteroides_uniformis_CAG_3	study_condition	T2D	0.435633773093773	0.211986464354655	952	554	0.0401521377857808	0.160268320045015
PWY.7111..pyruvate.fermentation.to.isobutanol..engineered..g__Barnesiella.s__Barnesiella_intestinihominis	study_condition	T2D	-0.253265937125499	0.123209509142138	952	240	0.0400975883679451	0.160268320045015
VALSYN.PWY..L.valine.biosynthesis.g__Barnesiella.s__Barnesiella_intestinihominis	study_condition	T2D	-0.253265937125499	0.123209509142138	952	240	0.0400975883679451	0.160268320045015
PWY.6703..preQ0.biosynthesis.g__Eubacterium.s__Eubacterium_eligens	gender	male	-0.417632250349131	0.203129806846798	952	349	0.0400574134077949	0.160268320045015
PWY.6387..UDP.N.acetylmuramoyl.pentapeptide.biosynthesis.I..meso.diaminopimelate.containing..g__Dialister.s__Dialister_invisus_CAG_218	study_condition	T2D	-0.28886135785065	0.140547489174461	952	201	0.0401278908918221	0.160268320045015
PWY0.845..superpathway.of.pyridoxal.5..phosphate.biosynthesis.and.salvage.g__Bacteroides.s__Bacteroides_ovatus	study_condition	T2D	0.368968097520038	0.179607163272865	952	306	0.0402200777718295	0.160435685630605
PWY.5188..tetrapyrrole.biosynthesis.I..from.glutamate.	study_condition	T2D	0.16653406979738	0.081120848135115	952	920	0.0403552878346297	0.160900917425365
DTDPRHAMSYN.PWY..dTDP.L.rhamnose.biosynthesis.I.g__Bacteroides.s__Bacteroides_uniformis_CAG_3	gender	male	-0.422070462433049	0.205682844431013	952	746	0.0404397723043359	0.160963860544543
PWY.6386..UDP.N.acetylmuramoyl.pentapeptide.biosynthesis.II..lysine.containing..g__Bacteroides.s__Bacteroides_uniformis	age_category	senior	0.514667989763942	0.250764985955861	952	549	0.0404060190994064	0.160963860544543
PYRIDOXSYN.PWY..pyridoxal.5..phosphate.biosynthesis.I.g__Bacteroides.s__Bacteroides_uniformis	gender	male	-0.383579431772423	0.18693072895226	952	671	0.0404454226957188	0.160963860544543
SER.GLYSYN.PWY..superpathway.of.L.serine.and.glycine.biosynthesis.I.g__Eubacterium.s__Eubacterium_eligens_CAG_72	age_category	senior	0.366376350464399	0.178536816751488	952	246	0.0404339034665633	0.160963860544543
COA.PWY.1..coenzyme.A.biosynthesis.II..mammalian..g__Alistipes.s__Alistipes_finegoldii	gender	male	-0.366159720339811	0.178526279469416	952	285	0.0405403875143052	0.161267687585615
PWY.7221..guanosine.ribonucleotides.de.novo.biosynthesis.g__Eubacterium.s__Eubacterium_eligens	gender	male	-0.399138053808423	0.194661815161463	952	409	0.0405985093696687	0.161424743407406
PWY.7197..pyrimidine.deoxyribonucleotide.phosphorylation.g__Dialister.s__Dialister_invisus_CAG_218	study_condition	T2D	-0.267168257888807	0.130386959321604	952	195	0.0407332067046543	0.161861773472483
PWY.6629..superpathway.of.L.tryptophan.biosynthesis	gender	male	0.319052100559756	0.155717762097988	952	288	0.0407458044076227	0.161861773472483
PWY.6124..inosine.5..phosphate.biosynthesis.II.g__Bacteroides.s__Bacteroides_vulgatus_CAG_6	BMI	BMI	0.0184399298928464	0.00900372557257441	952	703	0.0408320739935252	0.162057313037016
PWY.7400..L.arginine.biosynthesis.IV..archaebacteria..g__Blautia.s__Ruminococcus_torques	BMI	BMI	0.0190586353932345	0.00930613176180304	952	321	0.0408387474651404	0.162057313037016
PWY.6151..S.adenosyl.L.methionine.cycle.I.g__Eubacterium.s__Eubacterium_eligens_CAG_72	gender	male	-0.495751324653005	0.242085120670413	952	390	0.0408511679399315	0.162057313037016
PWY.6147..6.hydroxymethyl.dihydropterin.diphosphate.biosynthesis.I.g__Bacteroides.s__Bacteroides_dorei	gender	male	-0.376173450669867	0.183782558522298	952	399	0.0409494097217226	0.16237265942771
ARGININE.SYN4.PWY..L.ornithine.de.novo..biosynthesis.unclassified	BMI	BMI	-0.0183801930423552	0.00898409821904858	952	305	0.0410460996949862	0.162681566754499
PWY.5121..superpathway.of.geranylgeranyl.diphosphate.biosynthesis.II..via.MEP.	age_category	senior	-0.383115314948973	0.187392528411802	952	296	0.0411848586404242	0.163156850789604
COA.PWY.1..coenzyme.A.biosynthesis.II..mammalian..g__Bacteroides.s__Bacteroides_vulgatus	BMI	BMI	0.0223101119759021	0.0109155966192527	952	733	0.0412421414025276	0.163210124714368
PWY.7111..pyruvate.fermentation.to.isobutanol..engineered..g__Akkermansia.s__Akkermansia_muciniphila	gender	male	-0.280796537491789	0.13736790727491	952	223	0.041217821689984	0.163210124714368
VALSYN.PWY..L.valine.biosynthesis.g__Lachnospiraceae_unclassified.s__Eubacterium_rectale	study_condition	T2D	-0.451217398399611	0.220800091367855	952	567	0.0412736920467051	0.163210124714368
PWY.2942..L.lysine.biosynthesis.III.g__Bacteroides.s__Bacteroides_vulgatus_CAG_6	study_condition	T2D	0.323810812091043	0.15845001454409	952	625	0.0412678761137234	0.163210124714368
PWY.5484..glycolysis.II..from.fructose.6.phosphate.	BMI	BMI	0.00571470925446718	0.00279871798219235	952	935	0.041437834394495	0.163784411618588
PWY.5838..superpathway.of.menaquinol.8.biosynthesis.I	age_category	senior	0.390432857555294	0.19126986565062	952	366	0.0415010635313724	0.163959493696024
UNINTEGRATED.g__Alistipes.s__Alistipes_finegoldii	gender	male	-0.39115342373749	0.191730321966896	952	489	0.0416150891603709	0.164260105801646
PWY.7237..myo...chiro..and.scillo.inositol.degradation	age_category	senior	-0.352478682992318	0.172764013890194	952	416	0.0416041978016851	0.164260105801646
PWY.6122..5.aminoimidazole.ribonucleotide.biosynthesis.II.g__Bacteroides.s__Bacteroides_fragilis	BMI	BMI	0.0198355173715933	0.00972892796587016	952	273	0.0417454327108305	0.164624520617392
PWY.6277..superpathway.of.5.aminoimidazole.ribonucleotide.biosynthesis.g__Bacteroides.s__Bacteroides_fragilis	BMI	BMI	0.0198355173715933	0.00972892796587016	952	273	0.0417454327108305	0.164624520617392
PWY.6386..UDP.N.acetylmuramoyl.pentapeptide.biosynthesis.II..lysine.containing..g__Bacteroides.s__Bacteroides_uniformis	study_condition	T2D	0.437150561779988	0.21451468318665	952	549	0.041841568523259	0.164928531366146
DTDPRHAMSYN.PWY..dTDP.L.rhamnose.biosynthesis.I.g__Eubacterium.s__Eubacterium_eligens	gender	male	-0.488686644953289	0.239831567918074	952	423	0.0418650414675721	0.164945977756676
SO4ASSIM.PWY..sulfate.reduction.I..assimilatory.	age_category	senior	0.428860852901958	0.210908346277164	952	601	0.0422906210750491	0.166546966125478
ARG.POLYAMINE.SYN..superpathway.of.arginine.and.polyamine.biosynthesis	gender	male	0.250545650580165	0.123264659464659	952	800	0.042373249023055	0.166720734456909
PWY.4702..phytate.degradation.I	gender	male	0.371308953689295	0.182677394212887	952	314	0.0423721459093973	0.166720734456909
ARGSYN.PWY..L.arginine.biosynthesis.I..via.L.ornithine..g__Blautia.s__Ruminococcus_torques	BMI	BMI	0.0188261191216571	0.0092634442429873	952	326	0.0424016971483538	0.166756901591618
PWY.5861..superpathway.of.demethylmenaquinol.8.biosynthesis	age_category	senior	0.398832261348651	0.196331647079225	952	366	0.0424911093202929	0.166956899597884
PWY.2942..L.lysine.biosynthesis.III.g__Dialister.s__Dialister_invisus_CAG_218	study_condition	T2D	-0.342256186226432	0.168476818892496	952	199	0.0424857974114841	0.166956899597884
GLCMANNANAUT.PWY..superpathway.of.N.acetylglucosamine..N.acetylmannosamine.and.N.acetylneuraminate.degradation.g__Roseburia.s__Roseburia_inulinivorans	study_condition	T2D	0.253146517860887	0.124645163882868	952	215	0.0425402705733023	0.166964022188561
PWY.6122..5.aminoimidazole.ribonucleotide.biosynthesis.II.g__Dialister.s__Dialister_invisus_CAG_218	study_condition	T2D	-0.383748194144162	0.188960872562589	952	212	0.0425507617748446	0.166964022188561
PWY.6277..superpathway.of.5.aminoimidazole.ribonucleotide.biosynthesis.g__Dialister.s__Dialister_invisus_CAG_218	study_condition	T2D	-0.383748194144162	0.188960872562589	952	212	0.0425507617748446	0.166964022188561
HSERMETANA.PWY..L.methionine.biosynthesis.III.g__Akkermansia.s__Akkermansia_muciniphila	gender	male	-0.256106871996159	0.126217196917262	952	220	0.0427277634003672	0.167582622756875
PWY.2942..L.lysine.biosynthesis.III.g__Bacteroides.s__Bacteroides_uniformis_CAG_3	gender	male	-0.418953141302477	0.206527668324077	952	744	0.0427828472120285	0.16766234286439
PWY0.1296..purine.ribonucleosides.degradation.g__Gemmiger.s__Gemmiger_formicilis	study_condition	T2D	-0.391102373344806	0.192806827820171	952	287	0.042791993395156	0.16766234286439
PWY.6163..chorismate.biosynthesis.from.3.dehydroquinate.g__Roseburia.s__Roseburia_inulinivorans	BMI	BMI	0.0144246197884313	0.00711157899442246	952	228	0.0428061709091417	0.16766234286439
PWY.7111..pyruvate.fermentation.to.isobutanol..engineered..g__Akkermansia.s__Akkermansia_muciniphila	study_condition	T2D	0.28428805921772	0.140205857935482	952	223	0.0428758361216533	0.16785928608206
UNINTEGRATED.g__Dialister.s__Dialister_invisus_CAG_218	study_condition	T2D	-0.350334508260727	0.172904999797851	952	226	0.0430275180934745	0.16822496916004
PWY.6122..5.aminoimidazole.ribonucleotide.biosynthesis.II	gender	male	0.0509660731908958	0.0251522136427824	952	950	0.0430133471741517	0.16822496916004
PWY.6277..superpathway.of.5.aminoimidazole.ribonucleotide.biosynthesis	gender	male	0.0509660731908958	0.0251522136427824	952	950	0.0430133471741517	0.16822496916004
PWY.5695..urate.biosynthesis.inosine.5..phosphate.degradation.g__Faecalibacterium.s__Faecalibacterium_prausnitzii	BMI	BMI	-0.0139072799015592	0.0068648738020659	952	445	0.043059002338809	0.168272093977476
PWY.6317..galactose.degradation.I..Leloir.pathway..unclassified	age_category	senior	0.331622615096408	0.163738933068871	952	804	0.0431152999176316	0.168416101617812
RHAMCAT.PWY..L.rhamnose.degradation.I.g__Bacteroides.s__Bacteroides_caccae	study_condition	T2D	0.38896935655817	0.192134015970605	952	330	0.0432021748940275	0.168679366358106
PWY.621..sucrose.degradation.III..sucrose.invertase..g__Bacteroides.s__Bacteroides_thetaiotaomicron	study_condition	T2D	0.260969718984665	0.128988516607323	952	221	0.0433329255861487	0.169113625766583
PWY.6936..seleno.amino.acid.biosynthesis.g__Eubacterium.s__Eubacterium_eligens	gender	male	-0.320712824338935	0.158540579611839	952	340	0.0433633281950192	0.169156046022012
UNINTEGRATED.g__Anaerostipes.s__Anaerostipes_hadrus	BMI	BMI	-0.0158145868098956	0.00781867776349613	952	228	0.0433880462413204	0.169176263147157
PWY.6700..queuosine.biosynthesis.g__Bacteroides.s__Bacteroides_caccae	study_condition	T2D	0.41761667605542	0.206589693863861	952	378	0.0435110986550033	0.169268011486139
PEPTIDOGLYCANSYN.PWY..peptidoglycan.biosynthesis.I..meso.diaminopimelate.containing.	study_condition	T2D	-0.0539518112910192	0.0266864663948799	952	948	0.0434890226714481	0.169268011486139
PWY.5667..CDP.diacylglycerol.biosynthesis.I.unclassified	study_condition	T2D	-0.258798573236054	0.128032624042489	952	876	0.0435245804880406	0.169268011486139
PWY0.1319..CDP.diacylglycerol.biosynthesis.II.unclassified	study_condition	T2D	-0.258793797697263	0.128032871934787	952	876	0.0435288523764008	0.169268011486139
PWY.6123..inosine.5..phosphate.biosynthesis.I.g__Bacteroides.s__Bacteroides_ovatus	age_category	senior	-0.494829948219246	0.244800883686042	952	512	0.0435237296023549	0.169268011486139
PWY.7046..4.coumarate.degradation..anaerobic.	gender	male	0.285799062791653	0.141332182451498	952	245	0.0434385212130929	0.169268011486139
PANTOSYN.PWY..pantothenate.and.coenzyme.A.biosynthesis.I.g__Bacteroides.s__Bacteroides_uniformis	BMI	BMI	-0.022932569893418	0.0113559150887587	952	631	0.0437229699597382	0.169946552895571
PWY.7219..adenosine.ribonucleotides.de.novo.biosynthesis.g__Akkermansia.s__Akkermansia_muciniphila	age_category	senior	0.312243683139188	0.154639981250324	952	221	0.0437513841535127	0.169980702902387
PWY.7219..adenosine.ribonucleotides.de.novo.biosynthesis.g__Alistipes.s__Alistipes_finegoldii	gender	male	-0.355584859124507	0.176160333010439	952	275	0.0438175988058204	0.170161616887177
RHAMCAT.PWY..L.rhamnose.degradation.I.g__Bacteroides.s__Bacteroides_thetaiotaomicron	study_condition	T2D	0.392942895824249	0.19474518830663	952	475	0.0439011911454126	0.170409823092458
NONOXIPENT.PWY..pentose.phosphate.pathway..non.oxidative.branch..g__Eubacterium.s__Eubacterium_eligens_CAG_72	gender	male	-0.338860263287897	0.167968998146028	952	282	0.0439357340448044	0.170467498578856
PWY.7663..gondoate.biosynthesis..anaerobic..g__Bacteroides.s__Bacteroides_vulgatus	BMI	BMI	0.0200498681919689	0.00994138936681375	952	609	0.0439974332740802	0.170477750404266
SER.GLYSYN.PWY..superpathway.of.L.serine.and.glycine.biosynthesis.I.unclassified	BMI	BMI	-0.0128298659176543	0.00636103673546288	952	829	0.0439829709939444	0.170477750404266
PWY.6385..peptidoglycan.biosynthesis.III..mycobacteria..g__Bacteroides.s__Bacteroides_thetaiotaomicron	study_condition	T2D	0.436182889157437	0.21626339141604	952	305	0.0439871469871188	0.170477750404266
PENTOSE.P.PWY..pentose.phosphate.pathway	gender	male	-0.193855104929602	0.0961592833965116	952	905	0.0440841532286877	0.170737373417011
X1CMET2.PWY..N10.formyl.tetrahydrofolate.biosynthesis.g__Akkermansia.s__Akkermansia_muciniphila	gender	male	-0.247773587214553	0.122960095976464	952	177	0.0441791609986297	0.170890926539499
PWY.7539..6.hydroxymethyl.dihydropterin.diphosphate.biosynthesis.III..Chlamydia..g__Alistipes.s__Alistipes_putredinis_CAG_67	BMI	BMI	-0.0191729781907799	0.00951584054776036	952	279	0.0442027338855055	0.170890926539499
PWY.4242..pantothenate.and.coenzyme.A.biosynthesis.III.g__Bacteroides.s__Bacteroides_ovatus	age_category	senior	-0.452990185059003	0.224816461537019	952	298	0.0441938371965191	0.170890926539499
DTDPRHAMSYN.PWY..dTDP.L.rhamnose.biosynthesis.I.g__Roseburia.s__Roseburia_inulinivorans_CAG_15	gender	male	0.287292591419117	0.142574910667855	952	276	0.0441837862164564	0.170890926539499
PWY.6387..UDP.N.acetylmuramoyl.pentapeptide.biosynthesis.I..meso.diaminopimelate.containing.	study_condition	T2D	-0.0529433544575292	0.0262874847305774	952	948	0.0442904852218258	0.171153771539943
CITRULBIO.PWY..L.citrulline.biosynthesis.unclassified	age_category	senior	0.371101968726533	0.18428141639003	952	318	0.0443152237899385	0.171172987520458
CALVIN.PWY..Calvin.Benson.Bassham.cycle.g__Blautia.s__Ruminococcus_torques	BMI	BMI	0.0184285988711279	0.00915252682414455	952	348	0.0443447092859554	0.171210513783493
PWY.6121..5.aminoimidazole.ribonucleotide.biosynthesis.I.g__Alistipes.s__Alistipes_putredinis_CAG_67	BMI	BMI	-0.0111038581938993	0.00551918755380559	952	184	0.0445170350157408	0.171788219496461
FERMENTATION.PWY..mixed.acid.fermentation.unclassified	age_category	senior	0.30605971122348	0.152139539485544	952	334	0.0445340130218886	0.171788219496461
PWY.5384..sucrose.degradation.IV..sucrose.phosphorylase.	BMI	BMI	-0.0155989388685379	0.00775964017962898	952	672	0.0446862186702292	0.172205491917665
PWY0.1061..superpathway.of.L.alanine.biosynthesis.g__Blautia.s__Ruminococcus_torques	BMI	BMI	0.0202467080013551	0.0100737724485573	952	293	0.0447309687373766	0.172205491917665
PWY.5030..L.histidine.degradation.III.g__Bacteroides.s__Bacteroides_thetaiotaomicron	study_condition	T2D	0.380085272406198	0.189087856466622	952	464	0.0447039159290131	0.172205491917665
PWY.6700..queuosine.biosynthesis.g__Eubacterium.s__Eubacterium_eligens	gender	male	-0.335742679276183	0.167001551122384	952	346	0.0446702403947763	0.172205491917665
PWY.6121..5.aminoimidazole.ribonucleotide.biosynthesis.I.g__Eubacterium.s__Eubacterium_eligens_CAG_72	gender	male	-0.463520421922263	0.230636622458902	952	414	0.0447416116414257	0.172205491917665
PWY.5097..L.lysine.biosynthesis.VI.g__Dialister.s__Dialister_invisus_CAG_218	study_condition	T2D	-0.364782933441117	0.181533959319439	952	200	0.0447730267080798	0.172249849529974
PWY.6147..6.hydroxymethyl.dihydropterin.diphosphate.biosynthesis.I	study_condition	T2D	0.115670918436372	0.0576002372761911	952	941	0.0449090779977865	0.172696543277456
PWY0.162..superpathway.of.pyrimidine.ribonucleotides.de.novo.biosynthesis	study_condition	T2D	0.182340344563445	0.0908246719121055	952	906	0.0449686399996637	0.172848833731508
PWY.6124..inosine.5..phosphate.biosynthesis.II.unclassified	BMI	BMI	-0.016023070646783	0.007990795832549	952	819	0.0452268176483344	0.173610035830929
PWY.7228..superpathway.of.guanosine.nucleotides.de.novo.biosynthesis.I.g__Bacteroides.s__Bacteroides_vulgatus	study_condition	T2D	0.43829063103732	0.218560533523369	952	718	0.0452096504726723	0.173610035830929
PWY.7199..pyrimidine.deoxyribonucleosides.salvage.g__Bacteroides.s__Bacteroides_thetaiotaomicron	study_condition	T2D	0.354172328205865	0.17661140319039	952	395	0.0452069618573428	0.173610035830929
PWY.6385..peptidoglycan.biosynthesis.III..mycobacteria..g__Bacteroides.s__Bacteroides_vulgatus_CAG_6	study_condition	T2D	0.398389730647363	0.19871076214114	952	710	0.0452609186709439	0.173663959100742
UNINTEGRATED.g__Akkermansia.s__Akkermansia_muciniphila	age_category	senior	0.497117658934498	0.24804483909247	952	279	0.0453389802275347	0.173704630545296
TRNA.CHARGING.PWY..tRNA.charging.unclassified	age_category	senior	0.289546234993255	0.144464635919813	952	870	0.0453254256568639	0.173704630545296
PWY.6386..UDP.N.acetylmuramoyl.pentapeptide.biosynthesis.II..lysine.containing..g__Bacteroides.s__Bacteroides_vulgatus_CAG_6	study_condition	T2D	0.397616979612316	0.198366854012435	952	685	0.0453059040434689	0.173704630545296
VALSYN.PWY..L.valine.biosynthesis.g__Bacteroides.s__Bacteroides_ovatus	age_category	senior	-0.530916392165918	0.264949699773167	952	671	0.0453718099646028	0.173704630545296
PWY.7282..4.amino.2.methyl.5.phosphomethylpyrimidine.biosynthesis..yeast..g__Bacteroides.s__Bacteroides_uniformis	study_condition	T2D	0.382362672182164	0.190814061280862	952	646	0.0453706161326187	0.173704630545296
PWY.7184..pyrimidine.deoxyribonucleotides.de.novo.biosynthesis.I	study_condition	T2D	0.106401694384919	0.0531264097034104	952	937	0.0454831623055746	0.17405399273808
PWY.7316..dTDP.N.acetylviosamine.biosynthesis	study_condition	T2D	0.319152848558059	0.159412955492268	952	254	0.0455640561778762	0.174286539973678
PWY.7199..pyrimidine.deoxyribonucleosides.salvage.g__Bacteroides.s__Bacteroides_uniformis	study_condition	T2D	0.411917755154304	0.205800736213462	952	675	0.0456194673891642	0.174421451474685
CENTFERM.PWY..pyruvate.fermentation.to.butanoate	BMI	BMI	-0.013704184626611	0.00684758140792225	952	589	0.0456431263697715	0.174434896011572
PWY0.1296..purine.ribonucleosides.degradation	study_condition	T2D	-0.135379474040767	0.0676584052961168	952	938	0.0456853676875804	0.174519313707299
ARGSYNBSUB.PWY..L.arginine.biosynthesis.II..acetyl.cycle..g__Akkermansia.s__Akkermansia_muciniphila	gender	male	-0.268676583710203	0.134316768121225	952	195	0.0457508094742441	0.17469224428878
PWY0.1296..purine.ribonucleosides.degradation.g__Fusicatenibacter.s__Fusicatenibacter_saccharivorans	BMI	BMI	-0.0184523428736906	0.0092280037904752	952	189	0.0458284482741484	0.174911574285643
PANTOSYN.PWY..pantothenate.and.coenzyme.A.biosynthesis.I.g__Bacteroides.s__Bacteroides_ovatus	BMI	BMI	0.0194836160457981	0.00974645169609428	952	352	0.0458886524953143	0.175064198506353
PWY0.1297..superpathway.of.purine.deoxyribonucleosides.degradation	gender	male	0.315506198542513	0.157871128658623	952	553	0.0459474695839543	0.175211398765762
PWY.7111..pyruvate.fermentation.to.isobutanol..engineered..g__Ruminococcaceae_unclassified.s__Eubacterium_siraeum	gender	male	-0.314125158774367	0.157252041424318	952	173	0.046046775608982	0.175435581510684
ILEUSYN.PWY..L.isoleucine.biosynthesis.I..from.threonine..g__Roseburia.s__Roseburia_intestinalis_CAG_13	BMI	BMI	0.017685896006531	0.00885343755881855	952	316	0.0460424211841581	0.175435581510684
PWY.6123..inosine.5..phosphate.biosynthesis.I.g__Akkermansia.s__Akkermansia_muciniphila	gender	male	-0.240779110966683	0.120577030908315	952	177	0.0461229171797575	0.175648400517458
PWY.6123..inosine.5..phosphate.biosynthesis.I.unclassified	BMI	BMI	-0.014795554501592	0.0074127137417823	952	824	0.0462231895768284	0.175875580727299
PWY0.1586..peptidoglycan.maturation..meso.diaminopimelate.containing..g__Ruminococcus.s__Ruminococcus_bicirculans	gender	male	-0.265416904378257	0.132969993727626	952	223	0.0462127081430669	0.175875580727299
PEPTIDOGLYCANSYN.PWY..peptidoglycan.biosynthesis.I..meso.diaminopimelate.containing..g__Dialister.s__Dialister_invisus_CAG_218	study_condition	T2D	-0.278162017092037	0.139394796969403	952	200	0.04627470717017	0.175994274964283
PWY.6590..superpathway.of.Clostridium.acetobutylicum.acidogenic.fermentation	BMI	BMI	-0.0134078815100196	0.00672513198268468	952	589	0.0464715326298463	0.176665264519082
COA.PWY.1..coenzyme.A.biosynthesis.II..mammalian..g__Bacteroides.s__Bacteroides_uniformis	study_condition	T2D	0.409854320472786	0.205626792966292	952	719	0.0465266378331904	0.176719598085714
PWY.5097..L.lysine.biosynthesis.VI.g__Bacteroides.s__Bacteroides_ovatus	age_category	senior	-0.373213257425606	0.187238494756923	952	285	0.0465205455314504	0.176719598085714
ARGININE.SYN4.PWY..L.ornithine.de.novo..biosynthesis.g__Bacteroides.s__Bacteroides_vulgatus	BMI	BMI	0.0244882909453259	0.0122908789641643	952	768	0.0466143996493457	0.176975318265381
PWY.2942..L.lysine.biosynthesis.III.g__Dialister.s__Dialister_invisus	study_condition	T2D	-0.365383609422185	0.183521801215017	952	201	0.0467728508712355	0.177499074734838
PWY.3841..folate.transformations.II.g__Bacteroides.s__Bacteroides_thetaiotaomicron	study_condition	T2D	0.334601224569896	0.168081880785922	952	503	0.046800512501492	0.177526254166851
UDPNAGSYN.PWY..UDP.N.acetyl.D.glucosamine.biosynthesis.I.g__Ruminococcus.s__Ruminococcus_bicirculans	study_condition	T2D	-0.389769410081711	0.195850316857184	952	212	0.0468627472033279	0.177684496839238
FASYN.INITIAL.PWY..superpathway.of.fatty.acid.biosynthesis.initiation..E..coli..unclassified	gender	male	0.285430148577343	0.14357303848149	952	431	0.047093900538587	0.178482791537927
PWY.7400..L.arginine.biosynthesis.IV..archaebacteria..unclassified	study_condition	T2D	-0.250463668103935	0.12605113815064	952	839	0.0472101142948091	0.178843224279729
PWY.5695..urate.biosynthesis.inosine.5..phosphate.degradation.g__Alistipes.s__Alistipes_putredinis	gender	male	-0.466013610089138	0.23455267251575	952	423	0.0472303064581686	0.178843224279729
PWY.5686..UMP.biosynthesis.g__Roseburia.s__Roseburia_inulinivorans_CAG_15	age_category	senior	-0.336415164823064	0.169374174481504	952	246	0.0472963005852128	0.179014843998227
PYRIDNUCSYN.PWY..NAD.biosynthesis.I..from.aspartate..g__Alistipes.s__Alistipes_putredinis_CAG_67	gender	male	-0.291574447066735	0.146864064579034	952	403	0.047395244058464	0.179310971405111
COA.PWY..coenzyme.A.biosynthesis.I.g__Bacteroides.s__Bacteroides_uniformis	study_condition	T2D	0.395395296556321	0.199257672569582	952	732	0.0475060523129704	0.179651708746866
PWY.621..sucrose.degradation.III..sucrose.invertase..unclassified	gender	male	0.317333178947219	0.160043726985113	952	412	0.0476794235190535	0.180228637134441
PWY0.845..superpathway.of.pyridoxal.5..phosphate.biosynthesis.and.salvage.g__Bacteroides.s__Bacteroides_uniformis	study_condition	T2D	0.378359870963534	0.190889423784783	952	636	0.0477579768133747	0.180446805935351
HISDEG.PWY..L.histidine.degradation.I.unclassified	age_category	senior	0.445397163541441	0.224732092260975	952	581	0.0477788783516656	0.180447050381781
HEMESYN2.PWY..heme.biosynthesis.II..anaerobic..unclassified	gender	male	0.248919350957518	0.125677204254142	952	316	0.047922403740415	0.180910207668698
PWY.6125..superpathway.of.guanosine.nucleotides.de.novo.biosynthesis.II.g__Bacteroides.s__Bacteroides_vulgatus_CAG_6	study_condition	T2D	0.37758663949625	0.190676464543897	952	620	0.0479647752130587	0.180951973494646
THISYN.PWY..superpathway.of.thiamin.diphosphate.biosynthesis.I	BMI	BMI	0.00500087497406685	0.00252549726022056	952	919	0.0479752576378415	0.180951973494646
PWY.724..superpathway.of.L.lysine..L.threonine.and.L.methionine.biosynthesis.II.g__Dialister.s__Dialister_invisus_CAG_218	study_condition	T2D	-0.279996523793527	0.141494241259985	952	194	0.0481217311375897	0.181425420832184
PWY.6700..queuosine.biosynthesis.g__Akkermansia.s__Akkermansia_muciniphila	gender	male	-0.253203975589912	0.127990369286412	952	220	0.0481837727773395	0.181580275131314
PWY.5667..CDP.diacylglycerol.biosynthesis.I.g__Roseburia.s__Roseburia_faecis	BMI	BMI	0.0216167357341898	0.0109324865490369	952	288	0.0482980996211242	0.181852844660407
PWY0.1319..CDP.diacylglycerol.biosynthesis.II.g__Roseburia.s__Roseburia_faecis	BMI	BMI	0.0216167357341898	0.0109324865490369	952	288	0.0482980996211242	0.181852844660407
PANTOSYN.PWY..pantothenate.and.coenzyme.A.biosynthesis.I.unclassified	study_condition	T2D	-0.302050399610958	0.152872198976765	952	787	0.0484632779210135	0.182395474487604
PWY.5188..tetrapyrrole.biosynthesis.I..from.glutamate..g__Dialister.s__Dialister_invisus_CAG_218	study_condition	T2D	-0.363403149347865	0.184067970481211	952	193	0.0486392506895704	0.182978241082398
PWY.7229..superpathway.of.adenosine.nucleotides.de.novo.biosynthesis.I.g__Bacteroides.s__Bacteroides_thetaiotaomicron	study_condition	T2D	0.329934654667849	0.167142416538609	952	381	0.048675071819966	0.183033487607862
PWY.6859..all.trans.farnesol.biosynthesis	gender	male	-0.279052127102136	0.141408348674265	952	835	0.048742907751327	0.183209019586151
SER.GLYSYN.PWY..superpathway.of.L.serine.and.glycine.biosynthesis.I.g__Eubacterium.s__Eubacterium_eligens_CAG_72	gender	male	-0.295235150366502	0.149636326513449	952	246	0.0487839898435503	0.183283883750605
PANTO.PWY..phosphopantothenate.biosynthesis.I.unclassified	age_category	senior	0.319062960291437	0.161777006546499	952	847	0.0488729173864413	0.183538362778223
DENOVOPURINE2.PWY..superpathway.of.purine.nucleotides.de.novo.biosynthesis.II.unclassified	age_category	senior	0.328655140443113	0.166700445899134	952	608	0.048953890946159	0.183762763586362
COBALSYN.PWY..adenosylcobalamin.salvage.from.cobinamide.I.g__Bacteroides.s__Bacteroides_uniformis_CAG_3	gender	male	-0.364059609657348	0.184799268538827	952	599	0.0491262745653783	0.184171102724013
SULFATE.CYS.PWY..superpathway.of.sulfate.assimilation.and.cysteine.biosynthesis	age_category	senior	0.37124325750559	0.188443141785586	952	598	0.0491231570065099	0.184171102724013
PWY.6126..superpathway.of.adenosine.nucleotides.de.novo.biosynthesis.II.g__Bacteroides.s__Bacteroides_thetaiotaomicron	study_condition	T2D	0.321389866666872	0.163139943422485	952	381	0.0491264719737262	0.184171102724013
HISDEG.PWY..L.histidine.degradation.I	gender	male	-0.152267193555304	0.0773022785157117	952	938	0.0491565873853603	0.184204260820952
UNINTEGRATED.g__Ruminococcus.s__Ruminococcus_bicirculans	gender	male	-0.385428301821813	0.195739015860223	952	269	0.0492336403008064	0.184413202856827
PWY.6386..UDP.N.acetylmuramoyl.pentapeptide.biosynthesis.II..lysine.containing..g__Bacteroides.s__Bacteroides_vulgatus	study_condition	T2D	0.352424583327744	0.179052298058441	952	711	0.0493275024147312	0.184684898794454
PWY.6123..inosine.5..phosphate.biosynthesis.I.g__Bacteroides.s__Bacteroides_vulgatus	study_condition	T2D	0.417026658511059	0.211927981256806	952	749	0.0493853543323216	0.184821594000823
PWY.3841..folate.transformations.II.g__Bacteroides.s__Bacteroides_caccae	BMI	BMI	-0.0178078521352137	0.0090517047630275	952	407	0.0494346633542857	0.184926213670892
PWY.7221..guanosine.ribonucleotides.de.novo.biosynthesis.g__Dialister.s__Dialister_invisus_CAG_218	study_condition	T2D	-0.281610536014644	0.143260734899133	952	202	0.0496227792157364	0.18553493060197
PWY.6897..thiamin.salvage.II.g__Bacteroides.s__Bacteroides_ovatus	BMI	BMI	0.0165831833354229	0.00843683367434647	952	254	0.0496402348966242	0.18553493060197
BRANCHED.CHAIN.AA.SYN.PWY..superpathway.of.branched.amino.acid.biosynthesis.g__Roseburia.s__Roseburia_intestinalis_CAG_13	BMI	BMI	0.0169994972912794	0.00864959920147338	952	316	0.0496655632772997	0.185549515954019
PWY.2942..L.lysine.biosynthesis.III.g__Bacteroides.s__Bacteroides_uniformis	gender	male	-0.378220706440021	0.192527842504092	952	753	0.0497643626459662	0.185758353669857
PWY.7221..guanosine.ribonucleotides.de.novo.biosynthesis.g__Roseburia.s__Roseburia_faecis	BMI	BMI	0.0192212486227258	0.00978418431253856	952	329	0.0497616260086695	0.185758353669857
COA.PWY.1..coenzyme.A.biosynthesis.II..mammalian..g__Alistipes.s__Alistipes_putredinis	gender	male	-0.395597249496	0.201527546430728	952	441	0.0499393024120286	0.186331046483485
PWY.7199..pyrimidine.deoxyribonucleosides.salvage.g__Bacteroides.s__Bacteroides_uniformis_CAG_3	gender	male	-0.402897216615945	0.205310032051856	952	597	0.0500102196839902	0.186434998908031
PWY.7117..C4.photosynthetic.carbon.assimilation.cycle..PEPCK.type.unclassified	gender	male	0.232578293644522	0.118516277118002	952	301	0.0500064905212208	0.186434998908031
PWY.5097..L.lysine.biosynthesis.VI.g__Dialister.s__Dialister_invisus	study_condition	T2D	-0.38926726436996	0.198423432449314	952	202	0.0500782598432875	0.186608317660443
PWY.6122..5.aminoimidazole.ribonucleotide.biosynthesis.II.g__Akkermansia.s__Akkermansia_muciniphila	age_category	senior	0.316703025320034	0.161607578606687	952	217	0.0503233731430532	0.187360452028737
PWY.6277..superpathway.of.5.aminoimidazole.ribonucleotide.biosynthesis.g__Akkermansia.s__Akkermansia_muciniphila	age_category	senior	0.316703025320034	0.161607578606687	952	217	0.0503233731430532	0.187360452028737
PWY.7196..superpathway.of.pyrimidine.ribonucleosides.salvage	gender	male	-0.317002209094521	0.161913481555866	952	540	0.05054101614336	0.188089901074988
PWY.7282..4.amino.2.methyl.5.phosphomethylpyrimidine.biosynthesis..yeast..g__Bacteroides.s__Bacteroides_ovatus	BMI	BMI	0.0176917028554816	0.0090395829391377	952	253	0.0506248144853393	0.188320830516769
PWY.6386..UDP.N.acetylmuramoyl.pentapeptide.biosynthesis.II..lysine.containing..g__Bacteroides.s__Bacteroides_ovatus	age_category	senior	-0.473572107345547	0.242031160386532	952	367	0.0506812873670001	0.188380087987719
PANTOSYN.PWY..pantothenate.and.coenzyme.A.biosynthesis.I.g__Bacteroides.s__Bacteroides_ovatus	age_category	senior	-0.441085930147961	0.225431163715123	952	352	0.0506842500013148	0.188380087987719
PWY0.1241..ADP.L.glycero..beta..D.manno.heptose.biosynthesis.unclassified	BMI	BMI	-0.0171066857176746	0.00874983890597645	952	220	0.0508667850130916	0.188977416650954
PWY.6385..peptidoglycan.biosynthesis.III..mycobacteria..g__Bacteroides.s__Bacteroides_vulgatus	study_condition	T2D	0.404763003934921	0.20722942599155	952	722	0.0510886648888793	0.189720342168823
PWY.6737..starch.degradation.V.unclassified	age_category	senior	0.260140801281567	0.133277916728796	952	906	0.0512484015161682	0.190009512682553
PWY.3841..folate.transformations.II.g__Akkermansia.s__Akkermansia_muciniphila	study_condition	T2D	0.246577657565606	0.126332320951752	952	203	0.0512542981092892	0.190009512682553
PWY.6124..inosine.5..phosphate.biosynthesis.II.g__Dialister.s__Dialister_invisus_CAG_218	study_condition	T2D	-0.332117598011178	0.17012088941082	952	191	0.0512035291155618	0.190009512682553
PWY.6892..thiazole.biosynthesis.I..E..coli..g__Eubacterium.s__Eubacterium_eligens_CAG_72	gender	male	-0.280698004962149	0.143812275361275	952	326	0.0512520952178554	0.190009512682553
PWY.5695..urate.biosynthesis.inosine.5..phosphate.degradation.g__Bacteroides.s__Bacteroides_vulgatus_CAG_6	study_condition	T2D	0.396543899893991	0.20321433356169	952	713	0.0513090114150983	0.190049631674402
RHAMCAT.PWY..L.rhamnose.degradation.I.g__Eubacterium.s__Eubacterium_eligens_CAG_72	study_condition	T2D	-0.289099071188739	0.148145047117033	952	274	0.051296909725599	0.190049631674402
NAGLIPASYN.PWY..lipid.IVA.biosynthesis.g__Bacteroides.s__Bacteroides_uniformis_CAG_3	gender	male	-0.335966624747273	0.172200611136942	952	699	0.0513494035418971	0.19011792846209
PWY.6124..inosine.5..phosphate.biosynthesis.II.g__Alistipes.s__Alistipes_putredinis	gender	male	-0.502255160252843	0.257481119652698	952	442	0.0513935321434526	0.190199995026624
PWY.6703..preQ0.biosynthesis.g__Parabacteroides.s__Parabacteroides_merdae	BMI	BMI	0.0122807337390189	0.0062966395900723	952	269	0.0514275635773254	0.190244639290747
PWY.5188..tetrapyrrole.biosynthesis.I..from.glutamate.	BMI	BMI	0.00799342996271138	0.00409991578842384	952	920	0.0515118425445306	0.190475045446471
UNINTEGRATED.g__Coprococcus.s__Coprococcus_comes	BMI	BMI	0.0135406500563918	0.006946605609458	952	296	0.0515608521692265	0.190493592058661
PWY.5097..L.lysine.biosynthesis.VI.g__Eubacterium.s__Eubacterium_eligens	gender	male	-0.282813030140502	0.145077350561117	952	342	0.0515431861918529	0.190493592058661
COA.PWY.1..coenzyme.A.biosynthesis.II..mammalian..g__Dialister.s__Dialister_invisus_CAG_218	study_condition	T2D	-0.301599178615272	0.154841212946973	952	210	0.0517344948020165	0.191053614066296
PWY.6609..adenine.and.adenosine.salvage.III.g__Barnesiella.s__Barnesiella_intestinihominis	BMI	BMI	-0.0163770510441039	0.00840899897062631	952	220	0.0517625591479154	0.191075772472697
PWY.5005..biotin.biosynthesis.II	gender	male	-0.369999137403708	0.189998851743243	952	631	0.0517849737633585	0.191077065526495
RIBOSYN2.PWY..flavin.biosynthesis.I..bacteria.and.plants..unclassified	gender	male	0.287172352381544	0.147528950253398	952	815	0.0518842197886539	0.19136173056633
COA.PWY..coenzyme.A.biosynthesis.I.g__Bacteroides.s__Bacteroides_ovatus	age_category	senior	-0.479145943240186	0.246214479279365	952	490	0.0519441093913574	0.191501058888529
COA.PWY.1..coenzyme.A.biosynthesis.II..mammalian..g__Lachnospiraceae_unclassified.s__Eubacterium_rectale	BMI	BMI	0.0189548030261925	0.00974316413880496	952	434	0.0520168924689443	0.191606247886456
PWY.7219..adenosine.ribonucleotides.de.novo.biosynthesis.g__Ruminococcus.s__Ruminococcus_bicirculans	BMI	BMI	-0.0194887117027193	0.0100166642336297	952	222	0.0519949067404842	0.191606247886456
PWY.1269..CMP.3.deoxy.D.manno.octulosonate.biosynthesis.I.g__Prevotella.s__Prevotella_copri_CAG_164	BMI	BMI	0.0210604010407036	0.0108272318071359	952	289	0.0520546946088153	0.191663969095383
ARGSYN.PWY..L.arginine.biosynthesis.I..via.L.ornithine..g__Gemmiger.s__Gemmiger_formicilis	study_condition	T2D	-0.33597230515521	0.172760065477895	952	235	0.0521027888793237	0.191759520482339
COLANSYN.PWY..colanic.acid.building.blocks.biosynthesis.unclassified	BMI	BMI	-0.0115418292230182	0.00593606701446117	952	334	0.0521483101340667	0.1918455249622
COBALSYN.PWY..adenosylcobalamin.salvage.from.cobinamide.I.unclassified	study_condition	T2D	0.301018336437563	0.154924921762407	952	350	0.052312827699397	0.192369039438122
PWY.7400..L.arginine.biosynthesis.IV..archaebacteria..g__Gemmiger.s__Gemmiger_formicilis	study_condition	T2D	-0.336672052094473	0.173333284026525	952	235	0.0523922113183361	0.192415839701777
PWY0.1241..ADP.L.glycero..beta..D.manno.heptose.biosynthesis.g__Akkermansia.s__Akkermansia_muciniphila	study_condition	T2D	0.28232819126104	0.145343322923203	952	214	0.0523737568822475	0.192415839701777
PWY.6897..thiamin.salvage.II.g__Dialister.s__Dialister_invisus	study_condition	T2D	-0.340306932572002	0.175186826787831	952	197	0.0523682367918825	0.192415839701777
PWY.5667..CDP.diacylglycerol.biosynthesis.I.g__Bacteroides.s__Bacteroides_vulgatus_CAG_6	study_condition	T2D	0.347524383381446	0.179154356229623	952	645	0.0527001154353397	0.193382626978831
PWY0.1319..CDP.diacylglycerol.biosynthesis.II.g__Bacteroides.s__Bacteroides_vulgatus_CAG_6	study_condition	T2D	0.347524383381446	0.179154356229623	952	645	0.0527001154353397	0.193382626978831
PWY.6609..adenine.and.adenosine.salvage.III.g__Eubacterium.s__Eubacterium_eligens_CAG_72	gender	male	-0.382594764608162	0.197276914900986	952	332	0.05275187873395	0.193490584428635
PWY.5097..L.lysine.biosynthesis.VI.g__Bacteroides.s__Bacteroides_uniformis	study_condition	T2D	0.415487778077653	0.214423642959892	952	732	0.0529573667063943	0.194074508210167
PWY.7220..adenosine.deoxyribonucleotides.de.novo.biosynthesis.II.g__Akkermansia.s__Akkermansia_muciniphila	age_category	senior	0.328103867973454	0.169373819675163	952	240	0.0530231277627316	0.194074508210167
PWY.7222..guanosine.deoxyribonucleotides.de.novo.biosynthesis.II.g__Akkermansia.s__Akkermansia_muciniphila	age_category	senior	0.328103867973454	0.169373819675163	952	240	0.0530231277627316	0.194074508210167
PANTOSYN.PWY..pantothenate.and.coenzyme.A.biosynthesis.I.g__Lachnospiraceae_unclassified.s__Eubacterium_rectale	BMI	BMI	0.0181509600291493	0.00936965579467301	952	292	0.0530171806207518	0.194074508210167
PWY.6897..thiamin.salvage.II.g__Dialister.s__Dialister_invisus_CAG_218	study_condition	T2D	-0.248638869336471	0.128324569680639	952	194	0.0529717557396884	0.194074508210167
HISTSYN.PWY..L.histidine.biosynthesis.g__Bacteroides.s__Bacteroides_thetaiotaomicron	age_category	senior	0.380315479168371	0.196370601997495	952	419	0.0530763879720975	0.194187376357568
GOLPDLCAT.PWY..superpathway.of.glycerol.degradation.to.1.3.propanediol	BMI	BMI	0.014677445334529	0.00758057804502575	952	369	0.0531416206818768	0.194343933743688
PWY.5667..CDP.diacylglycerol.biosynthesis.I.g__Dialister.s__Dialister_invisus	study_condition	T2D	-0.251497020071562	0.129947309876503	952	201	0.0532414906832072	0.194544856251719
PWY0.1319..CDP.diacylglycerol.biosynthesis.II.g__Dialister.s__Dialister_invisus	study_condition	T2D	-0.251497020071562	0.129947309876503	952	201	0.0532414906832072	0.194544856251719
PWY.6147..6.hydroxymethyl.dihydropterin.diphosphate.biosynthesis.I.g__Bacteroides.s__Bacteroides_vulgatus	study_condition	T2D	0.36632328517957	0.189341725596681	952	648	0.0533221691333564	0.194757479837565
PYRIDOXSYN.PWY..pyridoxal.5..phosphate.biosynthesis.I.g__Bacteroides.s__Bacteroides_dorei	gender	male	-0.440468645039574	0.227703163439891	952	385	0.0533617595623296	0.194761611405793
PWY.6386..UDP.N.acetylmuramoyl.pentapeptide.biosynthesis.II..lysine.containing..g__Roseburia.s__Roseburia_faecis	BMI	BMI	0.0201550324513736	0.0104195620504418	952	289	0.0533682798921416	0.194761611405793
PWY.7228..superpathway.of.guanosine.nucleotides.de.novo.biosynthesis.I.g__Bacteroides.s__Bacteroides_fragilis_CAG_47	gender	male	-0.257155783383542	0.132963396407767	952	201	0.0534065645836073	0.194819228851744
PWY.5686..UMP.biosynthesis.g__Bacteroides.s__Bacteroides_vulgatus	study_condition	T2D	0.378040193741915	0.195608852790721	952	682	0.0535792964821164	0.195052596973802
PEPTIDOGLYCANSYN.PWY..peptidoglycan.biosynthesis.I..meso.diaminopimelate.containing..g__Bacteroides.s__Bacteroides_uniformis	BMI	BMI	-0.0207270034490952	0.0107342422651861	952	687	0.0537907009141539	0.195052596973802
PWY.6387..UDP.N.acetylmuramoyl.pentapeptide.biosynthesis.I..meso.diaminopimelate.containing..g__Bacteroides.s__Bacteroides_uniformis	BMI	BMI	-0.020611996203105	0.0106754709731296	952	694	0.0538083896270685	0.195052596973802
COA.PWY.1..coenzyme.A.biosynthesis.II..mammalian..g__Bacteroides.s__Bacteroides_vulgatus_CAG_6	study_condition	T2D	0.38496460031419	0.199165079257022	952	698	0.0535473664580031	0.195052596973802
PWY.6123..inosine.5..phosphate.biosynthesis.I	gender	male	-0.0779415280789525	0.0403357546258767	952	946	0.0536181687863642	0.195052596973802
COA.PWY..coenzyme.A.biosynthesis.I.g__Bacteroides.s__Bacteroides_uniformis_CAG_3	BMI	BMI	-0.0211941973079222	0.0109705801630665	952	732	0.0536683920212713	0.195052596973802
PWY.7282..4.amino.2.methyl.5.phosphomethylpyrimidine.biosynthesis..yeast..g__Bacteroides.s__Bacteroides_uniformis	gender	male	-0.360967825899488	0.186951734133963	952	646	0.0538050925270131	0.195052596973802
TRPSYN.PWY..L.tryptophan.biosynthesis.g__Bacteroides.s__Bacteroides_vulgatus	BMI	BMI	0.0209238123853942	0.0108273107245145	952	598	0.0535953695582401	0.195052596973802
VALSYN.PWY..L.valine.biosynthesis.g__Roseburia.s__Roseburia_inulinivorans	study_condition	T2D	0.294222051798611	0.152216977897187	952	456	0.0535448828540543	0.195052596973802
COA.PWY.1..coenzyme.A.biosynthesis.II..mammalian..g__Bacteroides.s__Bacteroides_fragilis	BMI	BMI	0.0159469184790268	0.00825736270099859	952	266	0.0537520027837762	0.195052596973802
HEMESYN2.PWY..heme.biosynthesis.II..anaerobic..unclassified	study_condition	T2D	0.247935107690017	0.128273630973508	952	316	0.0535511904289036	0.195052596973802
PWY.7663..gondoate.biosynthesis..anaerobic..g__Bacteroides.s__Bacteroides_fragilis_CAG_47	gender	male	-0.25015281708186	0.129533066752268	952	206	0.0537578723269736	0.195052596973802
GLYCOGENSYNTH.PWY..glycogen.biosynthesis.I..from.ADP.D.Glucose..g__Eubacterium.s__Eubacterium_eligens_CAG_72	gender	male	-0.283271371440004	0.146617218687613	952	301	0.0536517137523586	0.195052596973802
PWY.6122..5.aminoimidazole.ribonucleotide.biosynthesis.II.g__Phascolarctobacterium.s__Phascolarctobacterium_succinatutens	BMI	BMI	0.0212746443875274	0.0110155411160411	952	196	0.0537404104876865	0.195052596973802
PWY.6277..superpathway.of.5.aminoimidazole.ribonucleotide.biosynthesis.g__Phascolarctobacterium.s__Phascolarctobacterium_succinatutens	BMI	BMI	0.0212746443875274	0.0110155411160411	952	196	0.0537404104876865	0.195052596973802
PWY.5103..L.isoleucine.biosynthesis.III.g__Roseburia.s__Roseburia_intestinalis_CAG_13	BMI	BMI	0.0173989618968158	0.00901317796930727	952	316	0.0538566646092642	0.195145906073736
PWY.6572..chondroitin.sulfate.degradation.I..bacterial..g__Bacteroides.s__Bacteroides_thetaiotaomicron	study_condition	T2D	0.26363797015319	0.136594870593612	952	228	0.0538962558375616	0.195207685300411
PWY.3841..folate.transformations.II.g__Dialister.s__Dialister_invisus	study_condition	T2D	-0.329600603621879	0.17091278629483	952	204	0.054095037953015	0.195845747773039
PWY.7357..thiamin.formation.from.pyrithiamine.and.oxythiamine..yeast..g__Bacteroides.s__Bacteroides_uniformis_CAG_3	age_category	senior	0.476654723734792	0.247564061260966	952	665	0.0544811177021184	0.197078729866477
PWY.6892..thiazole.biosynthesis.I..E..coli..g__Bacteroides.s__Bacteroides_uniformis	gender	male	-0.357458353963389	0.185650734408512	952	651	0.0544741932137152	0.197078729866477
PWY.5686..UMP.biosynthesis.g__Akkermansia.s__Akkermansia_muciniphila	gender	male	-0.263380490657292	0.136850829411801	952	225	0.0545811490299679	0.197358142212744
PWY.6387..UDP.N.acetylmuramoyl.pentapeptide.biosynthesis.I..meso.diaminopimelate.containing..g__Bacteroides.s__Bacteroides_uniformis	study_condition	T2D	0.406444856665729	0.21122464564449	952	694	0.0546251245814489	0.197434715724269
UNINTEGRATED.g__Ruminococcaceae_unclassified.s__Eubacterium_siraeum	gender	male	-0.32965973740749	0.171404695351891	952	187	0.0547440812811254	0.197733263747924
PWY.3841..folate.transformations.II.g__Alistipes.s__Alistipes_putredinis	gender	male	-0.354238008012398	0.184208513312837	952	420	0.0547762239874445	0.197733263747924
X1CMET2.PWY..N10.formyl.tetrahydrofolate.biosynthesis.g__Alistipes.s__Alistipes_putredinis_CAG_67	gender	male	-0.218599701632717	0.113664161967077	952	196	0.0547536465974534	0.197733263747924
TEICHOICACID.PWY..teichoic.acid..poly.glycerol..biosynthesis	gender	male	-0.26053336261418	0.135517422291991	952	812	0.0548415348318653	0.197886538184981
PWY.5030..L.histidine.degradation.III.g__Bacteroides.s__Bacteroides_dorei	BMI	BMI	-0.0227139625360872	0.0118167087763423	952	494	0.0548815756618471	0.197948540288045
ANAGLYCOLYSIS.PWY..glycolysis.III..from.glucose.	gender	male	-0.0836542007464779	0.043533231241498	952	939	0.0549538114010315	0.198044114329144
PWY.6126..superpathway.of.adenosine.nucleotides.de.novo.biosynthesis.II.unclassified	age_category	senior	0.28677369565322	0.149232980387224	952	821	0.0549495432541211	0.198044114329144
PWY.7219..adenosine.ribonucleotides.de.novo.biosynthesis.g__Roseburia.s__Roseburia_inulinivorans	study_condition	T2D	0.337285789664183	0.175573832517761	952	333	0.0550255875390305	0.198220294545759
POLYISOPRENSYN.PWY..polyisoprenoid.biosynthesis..E..coli.	gender	male	-0.215135543642566	0.112029701947082	952	884	0.0551145620807264	0.198428333719031
PWY.5505..L.glutamate.and.L.glutamine.biosynthesis	study_condition	T2D	0.296449260077096	0.154382300450919	952	865	0.0551291652341789	0.198428333719031
FERMENTATION.PWY..mixed.acid.fermentation.unclassified	gender	male	0.244772683420895	0.127512085295846	952	334	0.0552081669561431	0.198630131217366
ILEUSYN.PWY..L.isoleucine.biosynthesis.I..from.threonine..unclassified	age_category	senior	0.319065819616779	0.166315416882598	952	763	0.0553558985297083	0.198913726666919
PANTOSYN.PWY..pantothenate.and.coenzyme.A.biosynthesis.I.g__Bacteroides.s__Bacteroides_uniformis_CAG_3	BMI	BMI	-0.0217676354991497	0.0113463186359055	952	641	0.0553511310145801	0.198913726666919
PWY.5659..GDP.mannose.biosynthesis.unclassified	gender	male	0.238751439117725	0.124442229877944	952	601	0.05533884130346	0.198913726666919
PWY.6387..UDP.N.acetylmuramoyl.pentapeptide.biosynthesis.I..meso.diaminopimelate.containing..g__Alistipes.s__Alistipes_putredinis_CAG_67	gender	male	-0.345938009333248	0.180473145443347	952	415	0.0555590371912467	0.199560871869016
HISDEG.PWY..L.histidine.degradation.I.g__Alistipes.s__Alistipes_putredinis	gender	male	-0.490081734269451	0.25574724721074	952	431	0.0556310395194127	0.199736651010827
PWY.6121..5.aminoimidazole.ribonucleotide.biosynthesis.I.g__Dialister.s__Dialister_invisus	study_condition	T2D	-0.41096791830227	0.214504008698184	952	216	0.0556788533071151	0.199825474363704
COA.PWY..coenzyme.A.biosynthesis.I.g__Alistipes.s__Alistipes_putredinis	gender	male	-0.422794836578528	0.220754479115296	952	436	0.0557645777150454	0.200050224942955
RIBOSYN2.PWY..flavin.biosynthesis.I..bacteria.and.plants..g__Bacteroides.s__Bacteroides_dorei	BMI	BMI	-0.0237295873860682	0.0123923899349103	952	486	0.0558124573794855	0.200139081120639
VALSYN.PWY..L.valine.biosynthesis.g__Bacteroides.s__Bacteroides_uniformis_CAG_3	gender	male	-0.371759460098708	0.194272081030008	952	810	0.0559722544601115	0.200594910196921
HISTSYN.PWY..L.histidine.biosynthesis.g__Barnesiella.s__Barnesiella_intestinihominis	study_condition	T2D	-0.381319000029819	0.199278751800673	952	198	0.0559859004556533	0.200594910196921
PWY.7199..pyrimidine.deoxyribonucleosides.salvage.g__Barnesiella.s__Barnesiella_intestinihominis	gender	male	-0.338692222162311	0.17702914851512	952	199	0.0560237188496862	0.200647396707313
PWY.6385..peptidoglycan.biosynthesis.III..mycobacteria..g__Bacteroides.s__Bacteroides_uniformis_CAG_3	study_condition	T2D	0.404342608382353	0.211572665824581	952	688	0.0562896934995406	0.201350163447345
PWY.5695..urate.biosynthesis.inosine.5..phosphate.degradation.g__Alistipes.s__Alistipes_putredinis_CAG_67	gender	male	-0.329113858749621	0.172207920745908	952	423	0.0562879400658426	0.201350163447345
PEPTIDOGLYCANSYN.PWY..peptidoglycan.biosynthesis.I..meso.diaminopimelate.containing..g__Dialister.s__Dialister_invisus	study_condition	T2D	-0.337048628730928	0.176330282017006	952	205	0.0562468410422839	0.201350163447345
PHOSLIPSYN.PWY..superpathway.of.phospholipid.biosynthesis.I..bacteria..unclassified	age_category	senior	0.302183986276026	0.158167031381152	952	465	0.0563658496240969	0.201539330200115
PWY.6703..preQ0.biosynthesis.g__Bacteroides.s__Bacteroides_thetaiotaomicron	study_condition	T2D	0.312021508965722	0.163416017711266	952	355	0.0565164402856172	0.201994375927959
PWY.6121..5.aminoimidazole.ribonucleotide.biosynthesis.I.g__Bacteroides.s__Bacteroides_uniformis	gender	male	-0.411195220509675	0.21552871664778	952	697	0.0567135667031288	0.202615300185271
PEPTIDOGLYCANSYN.PWY..peptidoglycan.biosynthesis.I..meso.diaminopimelate.containing..g__Alistipes.s__Alistipes_finegoldii	gender	male	-0.273392665956575	0.143378110786693	952	260	0.0568495308693095	0.203017293743596
PWY.6151..S.adenosyl.L.methionine.cycle.I.g__Bacteroides.s__Bacteroides_dorei	BMI	BMI	-0.0214748548202082	0.0112653868592266	952	482	0.0569178292820653	0.203177412029137
PWY.7254..TCA.cycle.VII..acetate.producers.	gender	male	0.260276948388306	0.136563595721259	952	360	0.0569653524176814	0.203263268206477
DTDPRHAMSYN.PWY..dTDP.L.rhamnose.biosynthesis.I.g__Roseburia.s__Roseburia_inulinivorans_CAG_15	age_category	senior	-0.324007133806034	0.170111571784534	952	276	0.057125175322171	0.203749595671335
HSERMETANA.PWY..L.methionine.biosynthesis.III.g__Akkermansia.s__Akkermansia_muciniphila	study_condition	T2D	0.24526037025595	0.128824779608683	952	220	0.0572353306363602	0.203974470498304
PWY.7219..adenosine.ribonucleotides.de.novo.biosynthesis.g__Alistipes.s__Alistipes_putredinis	gender	male	-0.346217821657838	0.181843812665893	952	440	0.0572222251067381	0.203974470498304
PWY4LZ.257..superpathway.of.fermentation..Chlamydomonas.reinhardtii.	age_category	senior	0.383317248898035	0.201362716053817	952	350	0.0572631660122104	0.203989723433049
PWY.6121..5.aminoimidazole.ribonucleotide.biosynthesis.I.g__Bacteroides.s__Bacteroides_dorei	BMI	BMI	-0.0222188521560791	0.0116738349291947	952	481	0.057303919598525	0.204050963701985
PWY.5659..GDP.mannose.biosynthesis.unclassified	age_category	senior	0.282469801440651	0.148476777728623	952	601	0.0574153346924916	0.204363665613225
PHOSLIPSYN.PWY..superpathway.of.phospholipid.biosynthesis.I..bacteria.	study_condition	T2D	0.114803619677584	0.0603592324338811	952	929	0.057473572068783	0.204486908017938
PWY.5097..L.lysine.biosynthesis.VI.g__Akkermansia.s__Akkermansia_muciniphila	study_condition	T2D	0.236729220698938	0.124536133271539	952	185	0.057620088566992	0.204839887926991
P161.PWY..acetylene.degradation	BMI	BMI	0.0173459441505799	0.00912503830075945	952	357	0.0576162093819576	0.204839887926991
COA.PWY..coenzyme.A.biosynthesis.I.g__Dialister.s__Dialister_invisus_CAG_218	study_condition	T2D	-0.2924445432579	0.153893459229569	952	206	0.0576965568805269	0.205027567741224
PWY.7229..superpathway.of.adenosine.nucleotides.de.novo.biosynthesis.I	BMI	BMI	0.00248292334522152	0.00130742878700081	952	946	0.0578564851350244	0.205511550971826
SER.GLYSYN.PWY..superpathway.of.L.serine.and.glycine.biosynthesis.I.g__Bacteroides.s__Bacteroides_thetaiotaomicron	age_category	senior	0.394068808122009	0.20757361229006	952	497	0.0579401816368932	0.205724466164615
PWY.6609..adenine.and.adenosine.salvage.III.g__Eubacterium.s__Eubacterium_eligens	gender	male	-0.281870277618283	0.148493331972998	952	324	0.0579733610936344	0.205757912733965
PWY.7663..gondoate.biosynthesis..anaerobic..g__Bacteroides.s__Bacteroides_uniformis	gender	male	-0.326031424970604	0.171849693079053	952	715	0.0581069343749948	0.206147501715467
PWY.7111..pyruvate.fermentation.to.isobutanol..engineered..g__Bacteroides.s__Bacteroides_ovatus	age_category	senior	-0.508088292336197	0.267858065926771	952	616	0.0581509411703868	0.206219144363452
PWY.6386..UDP.N.acetylmuramoyl.pentapeptide.biosynthesis.II..lysine.containing..g__Eubacterium.s__Eubacterium_eligens_CAG_72	gender	male	-0.296164246479115	0.156153535325182	952	268	0.0581819207870168	0.206244549330972
UNINTEGRATED.g__Bacteroides.s__Bacteroides_vulgatus_CAG_6	BMI	BMI	0.0191050941502271	0.0100749136701132	952	785	0.0582240644540441	0.206288130186548
PWY.7539..6.hydroxymethyl.dihydropterin.diphosphate.biosynthesis.III..Chlamydia.	study_condition	T2D	0.108416965993912	0.0571768457047	952	941	0.0582418566173337	0.206288130186548
PWY.1042..glycolysis.IV..plant.cytosol..g__Roseburia.s__Roseburia_faecis	BMI	BMI	0.0143644936833274	0.00757828511200719	952	316	0.0583330146978751	0.206442136200898
PWY.5030..L.histidine.degradation.III.g__Bacteroides.s__Bacteroides_thetaiotaomicron	age_category	senior	0.418987884509916	0.221041343030206	952	464	0.0583280566202646	0.206442136200898
NONOXIPENT.PWY..pentose.phosphate.pathway..non.oxidative.branch.	age_category	senior	0.127799314048792	0.0674670783115957	952	944	0.0584967057027631	0.206936875566147
VALSYN.PWY..L.valine.biosynthesis.g__Bacteroides.s__Bacteroides_caccae	study_condition	T2D	0.444133426025405	0.234533697634766	952	482	0.0585711330355807	0.206946557359498
PWY0.1297..superpathway.of.purine.deoxyribonucleosides.degradation	age_category	senior	0.35670392578442	0.188362073731755	952	553	0.0585675284707402	0.206946557359498
PANTOSYN.PWY..pantothenate.and.coenzyme.A.biosynthesis.I.g__Bacteroides.s__Bacteroides_stercoris	BMI	BMI	0.0175904456930977	0.00928749404670778	952	214	0.0585305038933751	0.206946557359498
UNINTEGRATED.unclassified	age_category	senior	0.13340540151797	0.0704730326787998	952	950	0.0586626469540333	0.20718536811661
RIBOSYN2.PWY..flavin.biosynthesis.I..bacteria.and.plants..g__Eubacterium.s__Eubacterium_eligens	gender	male	-0.283362151110149	0.149789491438378	952	316	0.0588310747570123	0.207695518710039
PWY.5695..urate.biosynthesis.inosine.5..phosphate.degradation.unclassified	BMI	BMI	-0.0119185539352943	0.00630216026531594	952	904	0.0589045703925599	0.207870244335602
PWY.6123..inosine.5..phosphate.biosynthesis.I.g__Alistipes.s__Alistipes_putredinis	gender	male	-0.392732361155723	0.207757080692426	952	442	0.0590170784400375	0.208182443702943
RHAMCAT.PWY..L.rhamnose.degradation.I.g__Eubacterium.s__Eubacterium_eligens	study_condition	T2D	-0.284514084923525	0.150566485460666	952	275	0.0591134632791245	0.208437537458151
PWY.6385..peptidoglycan.biosynthesis.III..mycobacteria..g__Bacteroides.s__Bacteroides_uniformis	BMI	BMI	-0.0203999909112614	0.0107991313690908	952	689	0.0591918006368247	0.208459127090241
PWY.3841..folate.transformations.II.g__Akkermansia.s__Akkermansia_muciniphila	gender	male	-0.233839834806624	0.123775188896245	952	203	0.0591662770664723	0.208459127090241
PWY.5686..UMP.biosynthesis.g__Dialister.s__Dialister_invisus_CAG_218	BMI	BMI	0.0127879578881835	0.00676908965611219	952	198	0.0591744247914669	0.208459127090241
PWY.6124..inosine.5..phosphate.biosynthesis.II.g__Dialister.s__Dialister_invisus	study_condition	T2D	-0.301565141534057	0.159684601611045	952	211	0.0592636256041398	0.208627234850346
PWY0.1415..superpathway.of.heme.biosynthesis.from.uroporphyrinogen.III	BMI	BMI	0.0145697052455655	0.00771718625040268	952	320	0.0593374114315829	0.208802106053437
PWY.6387..UDP.N.acetylmuramoyl.pentapeptide.biosynthesis.I..meso.diaminopimelate.containing..g__Alistipes.s__Alistipes_finegoldii	gender	male	-0.275695256487978	0.146179534853699	952	271	0.0596001710651763	0.209556427699727
PWY.6387..UDP.N.acetylmuramoyl.pentapeptide.biosynthesis.I..meso.diaminopimelate.containing..g__Eubacterium.s__Eubacterium_eligens	gender	male	-0.334400444233649	0.177303971896065	952	313	0.0595968532719225	0.209556427699727
PWY.4242..pantothenate.and.coenzyme.A.biosynthesis.III.g__Bacteroides.s__Bacteroides_uniformis_CAG_3	gender	male	-0.415953137238446	0.220689710717451	952	637	0.0597645912942265	0.210041841867236
LACTOSECAT.PWY..lactose.and.galactose.degradation.I	gender	male	0.2959987937682	0.157059913425719	952	464	0.059786736743965	0.210041841867236
PWY.1269..CMP.3.deoxy.D.manno.octulosonate.biosynthesis.I.unclassified	study_condition	T2D	0.333807927548476	0.1771891093715	952	667	0.0598836170653156	0.2102968871799
PWY.5097..L.lysine.biosynthesis.VI.g__Eubacterium.s__Eubacterium_eligens_CAG_72	gender	male	-0.364784191621856	0.193677748995609	952	343	0.0599443540074095	0.210424850305702
NAGLIPASYN.PWY..lipid.IVA.biosynthesis.g__Bacteroides.s__Bacteroides_uniformis	gender	male	-0.347645321647654	0.184678234026419	952	703	0.0600829638213471	0.210825958951728
PWY.6737..starch.degradation.V.g__Bacteroides.s__Bacteroides_uniformis	study_condition	T2D	0.356170214876053	0.189258766619446	952	738	0.0601530952209784	0.21098655512907
PWY.7539..6.hydroxymethyl.dihydropterin.diphosphate.biosynthesis.III..Chlamydia..g__Bacteroides.s__Bacteroides_dorei	gender	male	-0.364543313236361	0.193774573823729	952	406	0.0602410592659913	0.211209543823273
PWY.1269..CMP.3.deoxy.D.manno.octulosonate.biosynthesis.I.unclassified	gender	male	0.326461539331796	0.173602569141359	952	667	0.0603451670307295	0.211488930184588
PWY.6936..seleno.amino.acid.biosynthesis.g__Bacteroides.s__Bacteroides_vulgatus	study_condition	T2D	0.409042250548626	0.217637522523515	952	695	0.0604878007092417	0.211707247731261
PWY.5686..UMP.biosynthesis.g__Alistipes.s__Alistipes_putredinis_CAG_67	gender	male	-0.317888267640098	0.169165175806575	952	422	0.0605296934621942	0.211707247731261
PWY.5695..urate.biosynthesis.inosine.5..phosphate.degradation.g__Bacteroides.s__Bacteroides_thetaiotaomicron	study_condition	T2D	0.373660583030151	0.198826669561773	952	338	0.0605065671543871	0.211707247731261
PWY.6123..inosine.5..phosphate.biosynthesis.I.g__Bacteroides.s__Bacteroides_ovatus	study_condition	T2D	0.393560220240897	0.209412744795905	952	512	0.0605033531589298	0.211707247731261
PPGPPMET.PWY..ppGpp.biosynthesis.unclassified	age_category	senior	0.279683639781619	0.148826987590167	952	226	0.0605167819530178	0.211707247731261
PWY.6700..queuosine.biosynthesis.g__Bacteroides.s__Bacteroides_ovatus	age_category	senior	-0.430350872171855	0.229036843187561	952	594	0.060557014360808	0.211717296877108
PWY.7220..adenosine.deoxyribonucleotides.de.novo.biosynthesis.II.g__Alistipes.s__Alistipes_putredinis_CAG_67	gender	male	-0.335390483171499	0.178556588629824	952	455	0.0606413251807281	0.211841014951636
PWY.7222..guanosine.deoxyribonucleotides.de.novo.biosynthesis.II.g__Alistipes.s__Alistipes_putredinis_CAG_67	gender	male	-0.335390483171499	0.178556588629824	952	455	0.0606413251807281	0.211841014951636
PWY.6700..queuosine.biosynthesis.g__Gemmiger.s__Gemmiger_formicilis	study_condition	T2D	-0.311382280509596	0.165864936698137	952	277	0.0607808573186493	0.21224283241109
COA.PWY..coenzyme.A.biosynthesis.I.g__Eubacterium.s__Eubacterium_eligens_CAG_72	gender	male	-0.379000561640438	0.20193940887095	952	345	0.0608523326464594	0.212406771752655
PANTO.PWY..phosphopantothenate.biosynthesis.I.g__Bacteroides.s__Bacteroides_dorei	BMI	BMI	-0.0236949810731432	0.0126356490107439	952	515	0.0610660806441456	0.213066985647986
COA.PWY.1..coenzyme.A.biosynthesis.II..mammalian..g__Akkermansia.s__Akkermansia_muciniphila	study_condition	T2D	0.230575976596376	0.122982203246345	952	194	0.0611178236262599	0.213075826329875
DTDPRHAMSYN.PWY..dTDP.L.rhamnose.biosynthesis.I.g__Bacteroides.s__Bacteroides_thetaiotaomicron	study_condition	T2D	0.458987882284835	0.244793658146413	952	460	0.0611004174646068	0.213075826329875
PWY.4981..L.proline.biosynthesis.II..from.arginine.	gender	male	-0.155395217539262	0.0829062632841483	952	926	0.0611900962495153	0.213235105853471
PWY.5695..urate.biosynthesis.inosine.5..phosphate.degradation.g__Roseburia.s__Roseburia_inulinivorans	age_category	senior	-0.38345717162983	0.204599528513876	952	281	0.0612127567149802	0.213235105853471
THISYN.PWY..superpathway.of.thiamin.diphosphate.biosynthesis.I.unclassified	study_condition	T2D	0.256214000624021	0.136757339664049	952	339	0.0613080575828547	0.213481213778658
PWY.7111..pyruvate.fermentation.to.isobutanol..engineered..g__Roseburia.s__Roseburia_faecis	BMI	BMI	0.0204626160430856	0.010925666823414	952	571	0.061390916724547	0.213683817859557
PWY.4242..pantothenate.and.coenzyme.A.biosynthesis.III.g__Bacteroides.s__Bacteroides_vulgatus_CAG_6	study_condition	T2D	0.400761218447614	0.214055602902572	952	627	0.0614828557220777	0.213882278777345
PWY.6386..UDP.N.acetylmuramoyl.pentapeptide.biosynthesis.II..lysine.containing..g__Dialister.s__Dialister_invisus	study_condition	T2D	-0.270299579150967	0.144381161338128	952	194	0.0614973295791672	0.213882278777345
SER.GLYSYN.PWY..superpathway.of.L.serine.and.glycine.biosynthesis.I.g__Eubacterium.s__Eubacterium_eligens	gender	male	-0.304301307102822	0.162709445071207	952	341	0.0617625674315684	0.214718520255874
PWY.7234..inosine.5..phosphate.biosynthesis.III.g__Alistipes.s__Alistipes_finegoldii	gender	male	-0.262684824778315	0.140485139921327	952	231	0.0618143194930488	0.214812201769584
COA.PWY.1..coenzyme.A.biosynthesis.II..mammalian..g__Barnesiella.s__Barnesiella_intestinihominis	gender	male	-0.190334020315193	0.101826505251007	952	251	0.0619035765441327	0.21503609020144
PWY.6168..flavin.biosynthesis.III..fungi..g__Dialister.s__Dialister_invisus	study_condition	T2D	-0.267106451957617	0.142954234533587	952	196	0.0620044341737152	0.215300080170158
PWY0.1586..peptidoglycan.maturation..meso.diaminopimelate.containing..g__Bacteroides.s__Bacteroides_uniformis_CAG_3	gender	male	-0.389914085462145	0.20870142218007	952	700	0.0620307325800399	0.215305067792844
PWY.6163..chorismate.biosynthesis.from.3.dehydroquinate	BMI	BMI	0.00265796326923798	0.00142286387392208	952	947	0.062065472513981	0.215339339732001
PWY.5973..cis.vaccenate.biosynthesis.g__Bacteroides.s__Bacteroides_uniformis_CAG_3	gender	male	-0.348333165757852	0.186561236501783	952	693	0.0621929090548959	0.215588327265421
PWY.6703..preQ0.biosynthesis.g__Bacteroides.s__Bacteroides_ovatus	study_condition	T2D	0.320405281343551	0.171616043860175	952	348	0.0622119203044211	0.215588327265421
BRANCHED.CHAIN.AA.SYN.PWY..superpathway.of.branched.amino.acid.biosynthesis.g__Roseburia.s__Roseburia_inulinivorans_CAG_15	age_category	senior	-0.343367338343278	0.183880961771186	952	304	0.0621635894741166	0.215588327265421
TRNA.CHARGING.PWY..tRNA.charging.g__Bacteroides.s__Bacteroides_dorei	study_condition	T2D	0.299550615665087	0.160475771736065	952	245	0.0622606344473282	0.215670837725545
PWY0.1261..anhydromuropeptides.recycling.unclassified	gender	male	0.235176238439698	0.1260276920349	952	348	0.0623408075958592	0.215862212627005
PWY.6609..adenine.and.adenosine.salvage.III.g__Alistipes.s__Alistipes_finegoldii	gender	male	-0.319700914521883	0.171444368566431	952	303	0.0625255830266187	0.216415487214436
PYRIDNUCSYN.PWY..NAD.biosynthesis.I..from.aspartate..g__Bacteroides.s__Bacteroides_vulgatus	study_condition	T2D	0.353030297486153	0.189399294415704	952	690	0.0626383836438762	0.216632748544716
X1CMET2.PWY..N10.formyl.tetrahydrofolate.biosynthesis.g__Alistipes.s__Alistipes_putredinis	gender	male	-0.343177873882118	0.184109309784182	952	361	0.0626324053326346	0.216632748544716
ARGSYNBSUB.PWY..L.arginine.biosynthesis.II..acetyl.cycle..g__Akkermansia.s__Akkermansia_muciniphila	study_condition	T2D	0.25520493379099	0.137091683808429	952	195	0.0629742170521966	0.21718706478376
PWY.5897..superpathway.of.menaquinol.11.biosynthesis	gender	male	0.30207714717037	0.162240800903125	952	368	0.0629259019630741	0.21718706478376
PWY.5898..superpathway.of.menaquinol.12.biosynthesis	gender	male	0.30207714717037	0.162240800903125	952	368	0.0629259019630741	0.21718706478376
PWY.5899..superpathway.of.menaquinol.13.biosynthesis	gender	male	0.30207714717037	0.162240800903125	952	368	0.0629259019630741	0.21718706478376
PWY.5791..1.4.dihydroxy.2.naphthoate.biosynthesis.II..plants.	gender	male	0.319578352315924	0.171659622887314	952	368	0.0629553060037643	0.21718706478376
PWY.5837..1.4.dihydroxy.2.naphthoate.biosynthesis.I	gender	male	0.319578352315924	0.171659622887314	952	368	0.0629553060037643	0.21718706478376
PWY.7323..superpathway.of.GDP.mannose.derived.O.antigen.building.blocks.biosynthesis.unclassified	BMI	BMI	-0.0113143614131313	0.00607526854449254	952	289	0.0628613147063739	0.21718706478376
OANTIGEN.PWY..O.antigen.building.blocks.biosynthesis..E..coli..unclassified	study_condition	T2D	0.286139410478756	0.153725077168843	952	753	0.0630014587493471	0.217194519414549
PWY.6123..inosine.5..phosphate.biosynthesis.I.g__Bacteroides.s__Bacteroides_uniformis_CAG_3	gender	male	-0.339526715465017	0.182447365067648	952	691	0.0630599656464615	0.217309710504718
PWY.5838..superpathway.of.menaquinol.8.biosynthesis.I	gender	male	0.298090193510796	0.160308224317218	952	366	0.0632688548453607	0.21794283331775
ARGSYNBSUB.PWY..L.arginine.biosynthesis.II..acetyl.cycle..g__Ruminococcus.s__Ruminococcus_bromii	age_category	senior	0.455847204333543	0.245203480392639	952	389	0.0633290976842471	0.21806361270202
TCA..TCA.cycle.I..prokaryotic..unclassified	gender	male	0.230475618593044	0.124013463227226	952	343	0.0634120380277109	0.218262420238464
PWY.5861..superpathway.of.demethylmenaquinol.8.biosynthesis	gender	male	0.305642724626909	0.1645506343275	952	366	0.0635590142325418	0.218681391837033
PWY.5686..UMP.biosynthesis.g__Bacteroides.s__Bacteroides_uniformis_CAG_3	gender	male	-0.312023116126265	0.168025823487586	952	697	0.0636221866634703	0.218811809573333
PANTO.PWY..phosphopantothenate.biosynthesis.I.g__Lachnospiraceae_unclassified.s__Eubacterium_rectale	study_condition	T2D	-0.386365200523035	0.20811527078146	952	372	0.0636932676894918	0.218969312501389
PWY4FS.7..phosphatidylglycerol.biosynthesis.I..plastidic.	study_condition	T2D	0.123120884155	0.0663461407385663	952	932	0.0638017887512678	0.21911473285629
PWY4FS.8..phosphatidylglycerol.biosynthesis.II..non.plastidic.	study_condition	T2D	0.123116266506977	0.0663460776203986	952	932	0.0638114730096492	0.21911473285629
PWY.6891..thiazole.biosynthesis.II..Bacillus..unclassified	age_category	senior	0.315088563404418	0.169770677953238	952	242	0.0637689168844317	0.21911473285629
PWY.6124..inosine.5..phosphate.biosynthesis.II.g__Akkermansia.s__Akkermansia_muciniphila	gender	male	-0.231575774258824	0.124858309946444	952	214	0.0639485217326782	0.219210434318486
PWY.6163..chorismate.biosynthesis.from.3.dehydroquinate.g__Bacteroides.s__Bacteroides_ovatus	age_category	senior	-0.370597984647833	0.199804633078475	952	333	0.0639351908339909	0.219210434318486
PWY.5667..CDP.diacylglycerol.biosynthesis.I.g__Parabacteroides.s__Parabacteroides_merdae	BMI	BMI	0.0156058280607476	0.00841471880525521	952	259	0.0639659084899322	0.219210434318486
PWY0.1319..CDP.diacylglycerol.biosynthesis.II.g__Parabacteroides.s__Parabacteroides_merdae	BMI	BMI	0.0156058280607476	0.00841471880525521	952	259	0.0639659084899322	0.219210434318486
PWY.6168..flavin.biosynthesis.III..fungi..g__Lachnospiraceae_unclassified.s__Eubacterium_rectale	BMI	BMI	0.0157544913270175	0.00849341905284578	952	287	0.0639203297709306	0.219210434318486
PWY.6126..superpathway.of.adenosine.nucleotides.de.novo.biosynthesis.II	BMI	BMI	0.00268667030927839	0.00144910528989339	952	946	0.0640470528411037	0.219401692090173
X1CMET2.PWY..N10.formyl.tetrahydrofolate.biosynthesis.g__Bacteroides.s__Bacteroides_dorei	BMI	BMI	-0.0233957987829736	0.0126254988670912	952	479	0.0641847599598679	0.219612809661184
PWY.4242..pantothenate.and.coenzyme.A.biosynthesis.III.g__Faecalibacterium.s__Faecalibacterium_prausnitzii	BMI	BMI	-0.0145159171655042	0.00783305787766714	952	569	0.0641701826670431	0.219612809661184
GLYCOGENSYNTH.PWY..glycogen.biosynthesis.I..from.ADP.D.Glucose..g__Eubacterium.s__Eubacterium_eligens	age_category	senior	0.271462942351161	0.146484015913448	952	235	0.0641657952529937	0.219612809661184
ARGININE.SYN4.PWY..L.ornithine.de.novo..biosynthesis.g__Bacteroides.s__Bacteroides_thetaiotaomicron	study_condition	T2D	0.326138096778784	0.176043666397561	952	460	0.064251014507276	0.219752679949846
PWY4FS.7..phosphatidylglycerol.biosynthesis.I..plastidic.	gender	male	0.120406646094174	0.0650032077348535	952	932	0.0642911143102945	0.219754943666377
PWY4FS.8..phosphatidylglycerol.biosynthesis.II..non.plastidic.	gender	male	0.120401412672946	0.0650031458942804	952	932	0.0643024280889837	0.219754943666377
PWY.6606..guanosine.nucleotides.degradation.II.unclassified	age_category	senior	0.302230790484227	0.163239263881508	952	481	0.064414704469623	0.220051810929758
TRNA.CHARGING.PWY..tRNA.charging.g__Bacteroides.s__Bacteroides_ovatus	age_category	senior	-0.416588548508673	0.225073347777876	952	505	0.0644949824226528	0.220239174992182
PWY.5973..cis.vaccenate.biosynthesis.unclassified	study_condition	T2D	-0.274050473945311	0.148126256359329	952	768	0.0646084497092016	0.220539682491796
PWY.7221..guanosine.ribonucleotides.de.novo.biosynthesis.g__Bacteroides.s__Bacteroides_caccae	BMI	BMI	-0.0219035407406491	0.0118455639857862	952	437	0.0647559829099362	0.220956190701358
PWY.6121..5.aminoimidazole.ribonucleotide.biosynthesis.I.g__Barnesiella.s__Barnesiella_intestinihominis	gender	male	-0.309677783607404	0.167630512181959	952	213	0.0650033707891793	0.221538445900942
PYRIDOXSYN.PWY..pyridoxal.5..phosphate.biosynthesis.I.g__Bacteroides.s__Bacteroides_uniformis	study_condition	T2D	0.352498161156964	0.190792622142855	952	671	0.0649797536344136	0.221538445900942
PWY.4242..pantothenate.and.coenzyme.A.biosynthesis.III.g__Dialister.s__Dialister_invisus_CAG_218	study_condition	T2D	-0.283359686722869	0.153361610166513	952	194	0.0649636472916387	0.221538445900942
P441.PWY..superpathway.of.N.acetylneuraminate.degradation	gender	male	0.264791707531441	0.143406240566442	952	543	0.0651395247018388	0.221915139228137
X1CMET2.PWY..N10.formyl.tetrahydrofolate.biosynthesis.g__Bacteroides.s__Bacteroides_thetaiotaomicron	age_category	senior	0.366101871782922	0.198307429523341	952	348	0.0651848324459726	0.22198216633194
GLYOXYLATE.BYPASS..glyoxylate.cycle.unclassified	gender	male	0.238770693641024	0.129360824207149	952	317	0.065237173450811	0.222015385120723
PWY.5723..Rubisco.shunt	gender	male	0.329389779225665	0.178462071309696	952	364	0.0652458608697738	0.222015385120723
PWY.5973..cis.vaccenate.biosynthesis.g__Bacteroides.s__Bacteroides_fragilis_CAG_47	gender	male	-0.273143319545439	0.148022801999521	952	202	0.0653090580446848	0.222143143231332
PWY.5103..L.isoleucine.biosynthesis.III.g__Roseburia.s__Roseburia_inulinivorans_CAG_15	age_category	senior	-0.372225691541342	0.201850290237684	952	304	0.06548543034406	0.22265560533159
PWY.4242..pantothenate.and.coenzyme.A.biosynthesis.III.g__Alistipes.s__Alistipes_finegoldii	gender	male	-0.243601109479741	0.132127520861209	952	200	0.0655417998454037	0.222759806381945
ARGININE.SYN4.PWY..L.ornithine.de.novo..biosynthesis.g__Bacteroides.s__Bacteroides_ovatus	age_category	senior	-0.462397343067355	0.250828737327311	952	486	0.0655715086687852	0.222773348400031
PWY.4984..urea.cycle	gender	male	-0.209125078472692	0.113453975730829	952	915	0.0656035210510022	0.222794702863403
PWY.7199..pyrimidine.deoxyribonucleosides.salvage.unclassified	age_category	senior	0.338422451779522	0.183637365782951	952	851	0.065658270455759	0.222893227027391
PWY.6270..isoprene.biosynthesis.I	age_category	senior	-0.45311316912298	0.246057819648957	952	303	0.0658622845587941	0.223498191331958
PWY.4242..pantothenate.and.coenzyme.A.biosynthesis.III.g__Bacteroides.s__Bacteroides_vulgatus	study_condition	T2D	0.441223790075606	0.239676852273198	952	687	0.0659472548493581	0.22369887465548
PWY0.1241..ADP.L.glycero..beta..D.manno.heptose.biosynthesis.g__Akkermansia.s__Akkermansia_muciniphila	gender	male	-0.262082131085927	0.14240138322558	952	214	0.0660154493474334	0.223842518147523
PWY.7663..gondoate.biosynthesis..anaerobic..g__Escherichia.s__Escherichia_coli	gender	male	0.332641647815538	0.180803661984193	952	214	0.0661111946464154	0.224079430778066
PYRIDNUCSYN.PWY..NAD.biosynthesis.I..from.aspartate..g__Bacteroides.s__Bacteroides_dorei	BMI	BMI	-0.0182126405652902	0.00990415311867949	952	398	0.0662444422753064	0.224443219915553
X1CMET2.PWY..N10.formyl.tetrahydrofolate.biosynthesis.g__Bacteroides.s__Bacteroides_thetaiotaomicron	study_condition	T2D	0.311906253779454	0.16964033178558	952	348	0.0662822341739392	0.224483436819051
UNINTEGRATED.g__Fusicatenibacter.s__Fusicatenibacter_saccharivorans	gender	male	-0.266021090568868	0.144774515084857	952	361	0.0664513984329496	0.224767600973329
COA.PWY..coenzyme.A.biosynthesis.I.g__Dialister.s__Dialister_invisus_CAG_218	BMI	BMI	0.0142914392512821	0.00777790466612922	952	206	0.0664580189951234	0.224767600973329
PYRIDOXSYN.PWY..pyridoxal.5..phosphate.biosynthesis.I.g__Bacteroides.s__Bacteroides_uniformis_CAG_3	gender	male	-0.374658340741296	0.203886530655288	952	636	0.0664370832608818	0.224767600973329
P161.PWY..acetylene.degradation	age_category	senior	0.387789777681295	0.211058143745749	952	357	0.0664699568236368	0.224767600973329
PWY0.162..superpathway.of.pyrimidine.ribonucleotides.de.novo.biosynthesis	gender	male	-0.163447795286315	0.0889862612961395	952	906	0.0665562887665903	0.224971686463182
PWY.5973..cis.vaccenate.biosynthesis.g__Bacteroides.s__Bacteroides_uniformis	gender	male	-0.320439851254936	0.17449543102586	952	710	0.0666148515488562	0.225081784788566
PWY.6385..peptidoglycan.biosynthesis.III..mycobacteria..g__Bacteroides.s__Bacteroides_uniformis	gender	male	-0.384236034346101	0.209346398210175	952	689	0.0667587282625824	0.225354787780687
PWY.7234..inosine.5..phosphate.biosynthesis.III.g__Alistipes.s__Alistipes_putredinis	gender	male	-0.377197977085497	0.205505723484921	952	395	0.0667506897559289	0.225354787780687
PWY.5030..L.histidine.degradation.III.g__Bacteroides.s__Bacteroides_massiliensis	age_category	senior	-0.457313086199817	0.24917528314289	952	221	0.0667737165641157	0.225354787780687
PANTO.PWY..phosphopantothenate.biosynthesis.I.g__Akkermansia.s__Akkermansia_muciniphila	study_condition	T2D	0.252772007029375	0.137758769284195	952	225	0.0668357125565255	0.225476147541687
PWY.6700..queuosine.biosynthesis.g__Bacteroides.s__Bacteroides_fragilis_CAG_47	gender	male	-0.214843300256647	0.117113266636597	952	212	0.0668946419204488	0.225587071273788
PWY.5103..L.isoleucine.biosynthesis.III.g__Bacteroides.s__Bacteroides_caccae	study_condition	T2D	0.381081611019716	0.207871146143749	952	426	0.0670778473414897	0.226116838449708
PWY.6387..UDP.N.acetylmuramoyl.pentapeptide.biosynthesis.I..meso.diaminopimelate.containing..g__Bacteroides.s__Bacteroides_uniformis	gender	male	-0.379310401001656	0.206949181470149	952	694	0.0671361089656982	0.226125076494666
PWY.7357..thiamin.formation.from.pyrithiamine.and.oxythiamine..yeast..g__Bacteroides.s__Bacteroides_uniformis	gender	male	-0.385843696456924	0.210516774822619	952	693	0.0671400908854621	0.226125076494666
PWY.7221..guanosine.ribonucleotides.de.novo.biosynthesis.g__Bacteroides.s__Bacteroides_fragilis_CAG_47	gender	male	-0.238534159916356	0.130153356893185	952	229	0.0671586254901018	0.226125076494666
GLUTORN.PWY..L.ornithine.biosynthesis.g__Gemmiger.s__Gemmiger_formicilis	study_condition	T2D	-0.356906587949851	0.194807378254506	952	238	0.0672504487677137	0.226134735141964
X1CMET2.PWY..N10.formyl.tetrahydrofolate.biosynthesis.g__Bacteroides.s__Bacteroides_stercoris	BMI	BMI	0.0187165351874723	0.0102138329274442	952	216	0.067195399314528	0.226134735141964
THISYN.PWY..superpathway.of.thiamin.diphosphate.biosynthesis.I.g__Bacteroides.s__Bacteroides_ovatus	BMI	BMI	0.012628549250068	0.00689332784309692	952	228	0.067265944310127	0.226134735141964
PWY.6387..UDP.N.acetylmuramoyl.pentapeptide.biosynthesis.I..meso.diaminopimelate.containing..g__Dialister.s__Dialister_invisus	study_condition	T2D	-0.334554522510995	0.182599226376395	952	206	0.0672386189064299	0.226134735141964
PWY.7199..pyrimidine.deoxyribonucleosides.salvage	study_condition	T2D	-0.0473794464694486	0.0258660932394359	952	947	0.0673070826354396	0.226185229190108
PWY.6700..queuosine.biosynthesis.g__Bacteroides.s__Bacteroides_vulgatus	BMI	BMI	0.017156274378917	0.00936874659188326	952	767	0.0673811433560789	0.226346276750831
UNINTEGRATED.g__Dialister.s__Dialister_invisus	study_condition	T2D	-0.337282018217618	0.184490745947724	952	229	0.0678372248232736	0.227632928405043
PEPTIDOGLYCANSYN.PWY..peptidoglycan.biosynthesis.I..meso.diaminopimelate.containing..g__Bacteroides.s__Bacteroides_uniformis	study_condition	T2D	0.388289586006186	0.212387493201281	952	687	0.0678320396175761	0.227632928405043
SER.GLYSYN.PWY..superpathway.of.L.serine.and.glycine.biosynthesis.I.g__Bacteroides.s__Bacteroides_caccae	BMI	BMI	-0.0141418579688984	0.00773639470098132	952	371	0.0678693096006722	0.227632928405043
COLANSYN.PWY..colanic.acid.building.blocks.biosynthesis.unclassified	age_category	senior	0.250999102615291	0.137298633049932	952	334	0.0678452189891812	0.227632928405043
PWY0.845..superpathway.of.pyridoxal.5..phosphate.biosynthesis.and.salvage.g__Bacteroides.s__Bacteroides_dorei	gender	male	-0.399382367951762	0.218547588490271	952	359	0.0679483650582917	0.227809849556642
PWY.7228..superpathway.of.guanosine.nucleotides.de.novo.biosynthesis.I.g__Bacteroides.s__Bacteroides_vulgatus_CAG_6	study_condition	T2D	0.334087963032219	0.182864942758582	952	662	0.0680195663460039	0.227960311360833
PHOSLIPSYN.PWY..superpathway.of.phospholipid.biosynthesis.I..bacteria.	gender	male	0.108010962856686	0.0591374823153077	952	929	0.0680989660676572	0.228138122300159
PEPTIDOGLYCANSYN.PWY..peptidoglycan.biosynthesis.I..meso.diaminopimelate.containing..g__Eubacterium.s__Eubacterium_eligens_CAG_72	gender	male	-0.303056789779801	0.16597711835681	952	329	0.0681808538340535	0.228324127688671
THRESYN.PWY..superpathway.of.L.threonine.biosynthesis.g__Faecalibacterium.s__Faecalibacterium_prausnitzii	BMI	BMI	-0.0131765032614763	0.00722036938308512	952	486	0.0683299598961229	0.228735002976585
BRANCHED.CHAIN.AA.SYN.PWY..superpathway.of.branched.amino.acid.biosynthesis.g__Akkermansia.s__Akkermansia_muciniphila	gender	male	-0.252043904053091	0.138231455033211	952	214	0.0685659776100944	0.229436385665926
PWY.3841..folate.transformations.II.g__Bacteroides.s__Bacteroides_dorei	BMI	BMI	-0.0222374422736437	0.0121982558916478	952	497	0.0686182874861184	0.229522738366082
PWY.7539..6.hydroxymethyl.dihydropterin.diphosphate.biosynthesis.III..Chlamydia..g__Bacteroides.s__Bacteroides_vulgatus	study_condition	T2D	0.371434460698382	0.203802553072765	952	648	0.0686911816448667	0.229621841515436
PWY.7663..gondoate.biosynthesis..anaerobic..g__Bacteroides.s__Bacteroides_thetaiotaomicron	age_category	senior	0.36071864139746	0.197929873737409	952	376	0.0687009458852766	0.229621841515436
PWY.4242..pantothenate.and.coenzyme.A.biosynthesis.III.g__Bacteroides.s__Bacteroides_uniformis	BMI	BMI	-0.0203643371914804	0.0111837965181252	952	630	0.0689407466786666	0.230334439134743
NONOXIPENT.PWY..pentose.phosphate.pathway..non.oxidative.branch..g__Escherichia.s__Escherichia_coli	gender	male	0.278872420660671	0.153177849356332	952	235	0.0689863265698051	0.23039783574798
PWY.5686..UMP.biosynthesis.g__Bacteroides.s__Bacteroides_uniformis	study_condition	T2D	0.322953927383333	0.177549311710054	952	697	0.0692342486210594	0.230692032727347
BRANCHED.CHAIN.AA.SYN.PWY..superpathway.of.branched.amino.acid.biosynthesis.g__Roseburia.s__Roseburia_intestinalis	BMI	BMI	0.0150078272789149	0.0082486027897913	952	282	0.0691601709784186	0.230692032727347
SER.GLYSYN.PWY..superpathway.of.L.serine.and.glycine.biosynthesis.I.g__Alistipes.s__Alistipes_putredinis	gender	male	-0.321948968030816	0.176986333825417	952	419	0.0692177948898848	0.230692032727347
HISDEG.PWY..L.histidine.degradation.I.g__Bacteroides.s__Bacteroides_massiliensis	age_category	senior	-0.420357754232049	0.231015764615473	952	221	0.0691345968231146	0.230692032727347
PWY.3841..folate.transformations.II.g__Roseburia.s__Roseburia_inulinivorans_CAG_15	age_category	senior	-0.279400177575253	0.153599945632954	952	225	0.0692252699280135	0.230692032727347
PWY0.1586..peptidoglycan.maturation..meso.diaminopimelate.containing..g__Ruminococcus.s__Ruminococcus_bicirculans	BMI	BMI	-0.0124766919690124	0.00685925548606848	952	223	0.0692336751558212	0.230692032727347
PWY.6519..8.amino.7.oxononanoate.biosynthesis.I.unclassified	age_category	senior	0.248517912388493	0.136717205619279	952	232	0.0694179866560277	0.231215294015846
BRANCHED.CHAIN.AA.SYN.PWY..superpathway.of.branched.amino.acid.biosynthesis.g__Bacteroides.s__Bacteroides_caccae	study_condition	T2D	0.370553309787617	0.203974661326188	952	426	0.0695846794723351	0.231681401088205
PWY.6386..UDP.N.acetylmuramoyl.pentapeptide.biosynthesis.II..lysine.containing..g__Dialister.s__Dialister_invisus	BMI	BMI	0.0132514114344535	0.00729714514245718	952	194	0.0696907716115896	0.231945458169241
PWY.7221..guanosine.ribonucleotides.de.novo.biosynthesis.g__Dialister.s__Dialister_invisus_CAG_218	BMI	BMI	0.0131456237509178	0.00724051784931851	952	202	0.0697534377298836	0.23203082171727
PWY.5667..CDP.diacylglycerol.biosynthesis.I.g__Bacteroides.s__Bacteroides_uniformis	gender	male	-0.376025036034376	0.207144156961575	952	697	0.0697968002971696	0.23203082171727
PWY0.1319..CDP.diacylglycerol.biosynthesis.II.g__Bacteroides.s__Bacteroides_uniformis	gender	male	-0.376025036034376	0.207144156961575	952	697	0.0697968002971696	0.23203082171727
ILEUSYN.PWY..L.isoleucine.biosynthesis.I..from.threonine..g__Roseburia.s__Roseburia_inulinivorans_CAG_15	age_category	senior	-0.300445485568211	0.165546318193877	952	304	0.0698597352711172	0.232150923809622
RIBOSYN2.PWY..flavin.biosynthesis.I..bacteria.and.plants..g__Bacteroides.s__Bacteroides_ovatus	study_condition	T2D	0.386183910052557	0.212822185999849	952	331	0.0699040266781764	0.232209003081323
TRPSYN.PWY..L.tryptophan.biosynthesis.unclassified	BMI	BMI	-0.0139934101635802	0.00771240653125559	952	777	0.0699320867921197	0.232213140958496
PWY.7229..superpathway.of.adenosine.nucleotides.de.novo.biosynthesis.I.g__Alistipes.s__Alistipes_putredinis	gender	male	-0.248185703533977	0.136813719032574	952	366	0.0699877676022677	0.232219949209057
PWY.5747..2.methylcitrate.cycle.II	gender	male	0.316710709676283	0.174577765599093	952	218	0.0699705812650826	0.232219949209057
ILEUSYN.PWY..L.isoleucine.biosynthesis.I..from.threonine..g__Akkermansia.s__Akkermansia_muciniphila	gender	male	-0.246491383285464	0.135905509082378	952	214	0.0700408300079978	0.232293254943355
GLUCONEO.PWY..gluconeogenesis.I.unclassified	age_category	senior	0.388559752838675	0.21427425932348	952	581	0.0700903320054258	0.232293254943355
PWY.5695..urate.biosynthesis.inosine.5..phosphate.degradation.g__Eubacterium.s__Eubacterium_eligens_CAG_72	gender	male	-0.332288135070429	0.183234528179657	952	292	0.0700776382383811	0.232293254943355
DTDPRHAMSYN.PWY..dTDP.L.rhamnose.biosynthesis.I.g__Bacteroides.s__Bacteroides_uniformis	study_condition	T2D	0.377050846790685	0.207985431692864	952	757	0.0701681699083582	0.232376812469234
PWY.7198..pyrimidine.deoxyribonucleotides.de.novo.biosynthesis.IV	BMI	BMI	0.0140275541716512	0.00773778333330019	952	763	0.0701692106936544	0.232376812469234
PWY.6122..5.aminoimidazole.ribonucleotide.biosynthesis.II.g__Dialister.s__Dialister_invisus	study_condition	T2D	-0.406872902437084	0.224540064378442	952	221	0.0702984837573812	0.232449358281375
PWY.6277..superpathway.of.5.aminoimidazole.ribonucleotide.biosynthesis.g__Dialister.s__Dialister_invisus	study_condition	T2D	-0.406872902437084	0.224540064378442	952	221	0.0702984837573812	0.232449358281375
COA.PWY..coenzyme.A.biosynthesis.I.g__Fusicatenibacter.s__Fusicatenibacter_saccharivorans	BMI	BMI	-0.0143052896956695	0.00789245493784576	952	185	0.070221327470652	0.232449358281375
GLYCOGENSYNTH.PWY..glycogen.biosynthesis.I..from.ADP.D.Glucose..g__Roseburia.s__Roseburia_inulinivorans	age_category	senior	-0.418221219363938	0.230767942009093	952	274	0.0702561252541658	0.232449358281375
PWY.7184..pyrimidine.deoxyribonucleotides.de.novo.biosynthesis.I	BMI	BMI	0.0048617307874703	0.00268505336091278	952	937	0.0705096061474714	0.233058469174466
COA.PWY.1..coenzyme.A.biosynthesis.II..mammalian.	study_condition	T2D	-0.050255024893697	0.0277777143372553	952	948	0.0707392587760332	0.233728340709823
ANAEROFRUCAT.PWY..homolactic.fermentation.unclassified	study_condition	T2D	0.257077641962881	0.142115840139352	952	626	0.0707788693588359	0.233770026181357
PWY.5840..superpathway.of.menaquinol.7.biosynthesis	age_category	senior	0.300283477491229	0.166027318134715	952	277	0.0708241767731163	0.233830488316884
PWY.6470..peptidoglycan.biosynthesis.V...beta..lactam.resistance.	gender	male	-0.199493217465423	0.110329590818096	952	434	0.0708992039363658	0.233850332922689
UDPNAGSYN.PWY..UDP.N.acetyl.D.glucosamine.biosynthesis.I.g__Dialister.s__Dialister_invisus_CAG_218	study_condition	T2D	-0.303241935397403	0.167730975511489	952	214	0.0709382014535687	0.233850332922689
PANTO.PWY..phosphopantothenate.biosynthesis.I.g__Parabacteroides.s__Parabacteroides_merdae	BMI	BMI	0.0165797848318907	0.00917063361703596	952	299	0.070935892566135	0.233850332922689
PWY.7357..thiamin.formation.from.pyrithiamine.and.oxythiamine..yeast..g__Roseburia.s__Roseburia_inulinivorans	BMI	BMI	0.00997445299625326	0.00551576036984182	952	220	0.0708683657370341	0.233850332922689
PWY4LZ.257..superpathway.of.fermentation..Chlamydomonas.reinhardtii.	BMI	BMI	0.01573737482988	0.0087058592657268	952	350	0.0709740973120539	0.233879635739112
PWY.3841..folate.transformations.II.g__Bacteroides.s__Bacteroides_dorei	gender	male	-0.427357414506643	0.236469105531171	952	497	0.0710414615305262	0.234012573927104
PWY.6121..5.aminoimidazole.ribonucleotide.biosynthesis.I.g__Roseburia.s__Roseburia_faecis	BMI	BMI	0.0197815581655457	0.0109474426344949	952	303	0.0710862661535076	0.234071127334363
PWY.6123..inosine.5..phosphate.biosynthesis.I.g__Alistipes.s__Alistipes_putredinis_CAG_67	gender	male	-0.381717812873439	0.211304927674297	952	427	0.0711609709498424	0.234228053373484
PWY.7219..adenosine.ribonucleotides.de.novo.biosynthesis.g__Dialister.s__Dialister_invisus	study_condition	T2D	-0.32544031489272	0.180210395547978	952	206	0.0712528012242314	0.234359447219194
PWY.6609..adenine.and.adenosine.salvage.III.g__Bacteroides.s__Bacteroides_thetaiotaomicron	study_condition	T2D	0.367914273219228	0.203916405132582	952	488	0.0715112150041731	0.234359447219194
PWY.7111..pyruvate.fermentation.to.isobutanol..engineered..g__Bacteroides.s__Bacteroides_caccae	study_condition	T2D	0.40918763132131	0.226604803740864	952	448	0.0712775924264138	0.234359447219194
PWY.7199..pyrimidine.deoxyribonucleosides.salvage.g__Bacteroides.s__Bacteroides_uniformis_CAG_3	study_condition	T2D	0.377984991590356	0.209551632238118	952	597	0.0715835297542042	0.234359447219194
PWY.5667..CDP.diacylglycerol.biosynthesis.I.g__Bacteroides.s__Bacteroides_ovatus	age_category	senior	-0.377935810133465	0.209523285426508	952	470	0.0715820690451043	0.234359447219194
PWY0.1319..CDP.diacylglycerol.biosynthesis.II.g__Bacteroides.s__Bacteroides_ovatus	age_category	senior	-0.377935810133465	0.209523285426508	952	470	0.0715820690451043	0.234359447219194
THRESYN.PWY..superpathway.of.L.threonine.biosynthesis.g__Bacteroides.s__Bacteroides_vulgatus	study_condition	T2D	0.375457912550867	0.208149991909809	952	722	0.0715826464592408	0.234359447219194
PWY.7228..superpathway.of.guanosine.nucleotides.de.novo.biosynthesis.I.unclassified	gender	male	0.267817309512714	0.148379269790616	952	719	0.0713998917789762	0.234359447219194
PWY.7208..superpathway.of.pyrimidine.nucleobases.salvage	study_condition	T2D	0.0837288798782331	0.0464150463095683	952	943	0.0715620287668911	0.234359447219194
ASPASN.PWY..superpathway.of.L.aspartate.and.L.asparagine.biosynthesis.g__Bacteroides.s__Bacteroides_uniformis_CAG_3	gender	male	-0.300843486562707	0.16679876682864	952	724	0.0716068241734396	0.234359447219194
PWY.5104..L.isoleucine.biosynthesis.IV	study_condition	T2D	0.248632654669948	0.137830289731719	952	869	0.0715639810380199	0.234359447219194
PWY66.389..phytol.degradation	gender	male	0.484916581149885	0.268831415779256	952	336	0.0715812433335622	0.234359447219194
PWY.6317..galactose.degradation.I..Leloir.pathway..g__Roseburia.s__Roseburia_inulinivorans	age_category	senior	-0.344357143635955	0.190782367102676	952	230	0.071396343850717	0.234359447219194
GLCMANNANAUT.PWY..superpathway.of.N.acetylglucosamine..N.acetylmannosamine.and.N.acetylneuraminate.degradation.g__Roseburia.s__Roseburia_inulinivorans	BMI	BMI	0.0113708703078119	0.00629967125717013	952	215	0.0713931182278768	0.234359447219194
COA.PWY.1..coenzyme.A.biosynthesis.II..mammalian..g__Dialister.s__Dialister_invisus	study_condition	T2D	-0.320201657860186	0.177389672647592	952	209	0.071380475321352	0.234359447219194
PEPTIDOGLYCANSYN.PWY..peptidoglycan.biosynthesis.I..meso.diaminopimelate.containing..g__Blautia.s__Ruminococcus_torques	BMI	BMI	0.0152442236326774	0.00845643969070822	952	322	0.0717568908685368	0.234584626244443
PWY.7220..adenosine.deoxyribonucleotides.de.novo.biosynthesis.II.unclassified	age_category	senior	0.299262968741252	0.165999991810902	952	834	0.071739163713199	0.234584626244443
PWY.7222..guanosine.deoxyribonucleotides.de.novo.biosynthesis.II.unclassified	age_category	senior	0.299262968741252	0.165999991810902	952	834	0.071739163713199	0.234584626244443
X1CMET2.PWY..N10.formyl.tetrahydrofolate.biosynthesis.g__Bacteroides.s__Bacteroides_uniformis_CAG_3	study_condition	T2D	0.392195383212253	0.217612017643209	952	608	0.0718209808255726	0.234705544886588
BRANCHED.CHAIN.AA.SYN.PWY..superpathway.of.branched.amino.acid.biosynthesis	BMI	BMI	0.00284763321674577	0.00158110772095308	952	949	0.072015112612767	0.235251178885916
TRPSYN.PWY..L.tryptophan.biosynthesis.g__Eubacterium.s__Eubacterium_eligens_CAG_72	gender	male	-0.293887030515341	0.163215713996554	952	283	0.0720832503664463	0.235384972916073
PWY.5103..L.isoleucine.biosynthesis.III.g__Akkermansia.s__Akkermansia_muciniphila	gender	male	-0.250866426328902	0.139401697473165	952	214	0.0722430218978775	0.235817779734497
PWY.6703..preQ0.biosynthesis.g__Akkermansia.s__Akkermansia_muciniphila	gender	male	-0.238770574890569	0.132700777135479	952	198	0.0722870272001802	0.235872515280166
SER.GLYSYN.PWY..superpathway.of.L.serine.and.glycine.biosynthesis.I	gender	male	-0.0876032573725047	0.048720165614524	952	943	0.0724811026142074	0.236416703818846
PWY.5188..tetrapyrrole.biosynthesis.I..from.glutamate..g__Akkermansia.s__Akkermansia_muciniphila	study_condition	T2D	0.260905888685658	0.145205022510631	952	198	0.0726842941402367	0.236990206044597
UNINTEGRATED.g__Bacteroides.s__Bacteroides_vulgatus	BMI	BMI	0.0128781332524833	0.00716937799360365	952	799	0.0727703352965484	0.237181446619537
PWY.7221..guanosine.ribonucleotides.de.novo.biosynthesis.g__Akkermansia.s__Akkermansia_muciniphila	study_condition	T2D	0.269080715211533	0.149941816459746	952	214	0.073041469982072	0.237975594448737
PWY.4242..pantothenate.and.coenzyme.A.biosynthesis.III.g__Bacteroides.s__Bacteroides_uniformis	gender	male	-0.388871110612566	0.216803318652667	952	630	0.0731866476749757	0.238358920220116
PWY.5103..L.isoleucine.biosynthesis.III.g__Roseburia.s__Roseburia_intestinalis	BMI	BMI	0.0149564323241404	0.0083429672953031	952	282	0.0733400736343187	0.238768811155338
COA.PWY.1..coenzyme.A.biosynthesis.II..mammalian..g__Blautia.s__Ruminococcus_torques	BMI	BMI	0.0163934702587197	0.00914722265962793	952	334	0.07342325584211	0.238949791654518
PWY0.1296..purine.ribonucleosides.degradation.unclassified	age_category	senior	0.288328074564318	0.160980551830048	952	881	0.0736006932972688	0.239437266699605
PWY.7221..guanosine.ribonucleotides.de.novo.biosynthesis.g__Bacteroides.s__Bacteroides_dorei	BMI	BMI	-0.0218192531866772	0.0122025820807998	952	521	0.0740819324995567	0.240206405292387
PWY.6609..adenine.and.adenosine.salvage.III.g__Fusicatenibacter.s__Fusicatenibacter_saccharivorans	gender	male	-0.313129240907302	0.175090112029159	952	190	0.0740328503010284	0.240206405292387
PWY.7111..pyruvate.fermentation.to.isobutanol..engineered..g__Bacteroides.s__Bacteroides_uniformis	study_condition	T2D	0.366153092787766	0.204730810985845	952	762	0.0740212267612414	0.240206405292387
PWY.6151..S.adenosyl.L.methionine.cycle.I.g__Blautia.s__Ruminococcus_torques	BMI	BMI	0.0137820281297951	0.00770857268309165	952	350	0.0741144936421776	0.240206405292387
PWY.724..superpathway.of.L.lysine..L.threonine.and.L.methionine.biosynthesis.II.unclassified	study_condition	T2D	-0.216374706312513	0.120970659695166	952	833	0.0739900445960657	0.240206405292387
PWY.7228..superpathway.of.guanosine.nucleotides.de.novo.biosynthesis.I.g__Bacteroides.s__Bacteroides_ovatus	BMI	BMI	0.0176918464637765	0.00988987553696914	952	512	0.0739529262636923	0.240206405292387
PANTO.PWY..phosphopantothenate.biosynthesis.I.g__Lachnospiraceae_unclassified.s__Eubacterium_rectale	BMI	BMI	0.0188174369019833	0.0105183205563609	952	372	0.0739318588930207	0.240206405292387
PWY.4242..pantothenate.and.coenzyme.A.biosynthesis.III.g__Bacteroides.s__Bacteroides_ovatus	BMI	BMI	0.0173788842277044	0.0097198752237573	952	298	0.0740998419809642	0.240206405292387
DTDPRHAMSYN.PWY..dTDP.L.rhamnose.biosynthesis.I.g__Akkermansia.s__Akkermansia_muciniphila	age_category	senior	0.276147959762288	0.154349091949952	952	202	0.0739161296358419	0.240206405292387
DTDPRHAMSYN.PWY..dTDP.L.rhamnose.biosynthesis.I.g__Akkermansia.s__Akkermansia_muciniphila	gender	male	-0.231472341304372	0.129363968397767	952	202	0.0738842606371574	0.240206405292387
PWY.6125..superpathway.of.guanosine.nucleotides.de.novo.biosynthesis.II.g__Bacteroides.s__Bacteroides_dorei	BMI	BMI	-0.0205533860723417	0.0114984544768877	952	465	0.0741778327088204	0.240321747571412
PWY.6163..chorismate.biosynthesis.from.3.dehydroquinate.g__Bacteroides.s__Bacteroides_dorei	BMI	BMI	-0.018733966064544	0.0104817361478727	952	432	0.0742093663995317	0.240333998885544
PWY.7199..pyrimidine.deoxyribonucleosides.salvage.g__Bacteroides.s__Bacteroides_uniformis_CAG_3	age_category	senior	0.437661847478719	0.244963241371673	952	597	0.0743150149424954	0.240586179215705
PWY.7312..dTDP.D..beta..fucofuranose.biosynthesis.g__Bacteroides.s__Bacteroides_stercoris	BMI	BMI	0.0170295432732991	0.00953375586884947	952	210	0.0743808117446868	0.240709203927125
PWY.5723..Rubisco.shunt	BMI	BMI	0.0164412586985157	0.00920596374693101	952	364	0.0744295640476771	0.240776998376124
PWY.7221..guanosine.ribonucleotides.de.novo.biosynthesis.g__Bacteroides.s__Bacteroides_uniformis	gender	male	-0.351960066340674	0.197207254822983	952	740	0.0746264975259506	0.240805706951769
X1CMET2.PWY..N10.formyl.tetrahydrofolate.biosynthesis.g__Barnesiella.s__Barnesiella_intestinihominis	gender	male	-0.192942165009935	0.10808140325872	952	218	0.0745559935516462	0.240805706951769
PWY.4242..pantothenate.and.coenzyme.A.biosynthesis.III	study_condition	T2D	-0.0581471578022575	0.0325747726258688	952	946	0.074575388512129	0.240805706951769
NAGLIPASYN.PWY..lipid.IVA.biosynthesis.g__Bacteroides.s__Bacteroides_uniformis	study_condition	T2D	0.336489071868148	0.188493591824654	952	703	0.0745571933794883	0.240805706951769
PWY.2941..L.lysine.biosynthesis.II	gender	male	-0.200302127765332	0.112216438490803	952	844	0.0745874086580064	0.240805706951769
PWY0.162..superpathway.of.pyrimidine.ribonucleotides.de.novo.biosynthesis.unclassified	BMI	BMI	-0.0141818382038028	0.00794384691533681	952	575	0.0745389937912515	0.240805706951769
COA.PWY..coenzyme.A.biosynthesis.I.g__Bacteroides.s__Bacteroides_stercoris	BMI	BMI	0.018556555470104	0.010397686799908	952	230	0.0746330851568762	0.240805706951769
DTDPRHAMSYN.PWY..dTDP.L.rhamnose.biosynthesis.I.g__Barnesiella.s__Barnesiella_intestinihominis	gender	male	-0.252953764557176	0.14177234851767	952	201	0.0747072024610815	0.240911238192175
COA.PWY.1..coenzyme.A.biosynthesis.II..mammalian..g__Akkermansia.s__Akkermansia_muciniphila	gender	male	-0.214973647991019	0.120492881972036	952	194	0.0747244187595536	0.240911238192175
PANTOSYN.PWY..pantothenate.and.coenzyme.A.biosynthesis.I.g__Alistipes.s__Alistipes_finegoldii	gender	male	-0.226934252142901	0.12720769722548	952	189	0.0747492490787962	0.240911238192175
PEPTIDOGLYCANSYN.PWY..peptidoglycan.biosynthesis.I..meso.diaminopimelate.containing..g__Bacteroides.s__Bacteroides_uniformis	gender	male	-0.37116373859373	0.208088491465525	952	687	0.074795470317779	0.240935785811925
PWY.6703..preQ0.biosynthesis.g__Akkermansia.s__Akkermansia_muciniphila	study_condition	T2D	0.241484535794593	0.135442307275968	952	198	0.0749174773517412	0.240935785811925
GALACT.GLUCUROCAT.PWY..superpathway.of.hexuronide.and.hexuronate.degradation	BMI	BMI	-0.00800462585826609	0.00448873325190745	952	875	0.0748624703460126	0.240935785811925
GLYOXYLATE.BYPASS..glyoxylate.cycle	gender	male	0.300177979777079	0.168356286193019	952	433	0.0749077712278214	0.240935785811925
PWY0.1586..peptidoglycan.maturation..meso.diaminopimelate.containing..g__Bacteroides.s__Bacteroides_stercoris	BMI	BMI	0.0159897800650292	0.00896637590966367	952	226	0.0748569159960942	0.240935785811925
VALSYN.PWY..L.valine.biosynthesis.g__Ruminococcus.s__Ruminococcus_bicirculans	gender	male	-0.30897873177341	0.173301791234713	952	227	0.0749237957495974	0.240935785811925
UDPNAGSYN.PWY..UDP.N.acetyl.D.glucosamine.biosynthesis.I.g__Dialister.s__Dialister_invisus	study_condition	T2D	-0.287738548143412	0.161439642993043	952	216	0.0750159152883107	0.241142474534807
PWY.2942..L.lysine.biosynthesis.III.g__Bacteroides.s__Bacteroides_stercoris	BMI	BMI	0.0196051330850985	0.0110019669848328	952	206	0.075075099173916	0.241243175824161
PWY.6609..adenine.and.adenosine.salvage.III.g__Bacteroides.s__Bacteroides_vulgatus	BMI	BMI	0.0175773877317291	0.00986584542188002	952	744	0.0751282995610136	0.241324582417796
TRNA.CHARGING.PWY..tRNA.charging.g__Bacteroides.s__Bacteroides_ovatus	study_condition	T2D	0.342888959789984	0.192536999167931	952	505	0.0752494200764469	0.241337995065107
ASPASN.PWY..superpathway.of.L.aspartate.and.L.asparagine.biosynthesis.g__Bacteroides.s__Bacteroides_uniformis	gender	male	-0.304084150093834	0.170714873411541	952	742	0.075193699363288	0.241337995065107
PWY.7211..superpathway.of.pyrimidine.deoxyribonucleotides.de.novo.biosynthesis	age_category	senior	0.335913522753207	0.188634698674449	952	659	0.0752718157818538	0.241337995065107
ILEUSYN.PWY..L.isoleucine.biosynthesis.I..from.threonine..g__Roseburia.s__Roseburia_intestinalis	BMI	BMI	0.0141407399112835	0.00793966267886181	952	282	0.0752287839217962	0.241337995065107
PEPTIDOGLYCANSYN.PWY..peptidoglycan.biosynthesis.I..meso.diaminopimelate.containing..g__Bacteroides.s__Bacteroides_stercoris	BMI	BMI	0.0168713011643253	0.00947347770356519	952	207	0.0752495291852235	0.241337995065107
UNINTEGRATED.g__Ruminococcaceae_unclassified.s__Eubacterium_siraeum	study_condition	T2D	-0.311342221137549	0.174945828634394	952	187	0.0754539953521268	0.241673224075544
PWY.6121..5.aminoimidazole.ribonucleotide.biosynthesis.I.g__Bacteroides.s__Bacteroides_uniformis_CAG_3	age_category	senior	0.502275880822782	0.28226367910898	952	669	0.075485628828298	0.241673224075544
PWY.6168..flavin.biosynthesis.III..fungi..g__Bacteroides.s__Bacteroides_dorei	BMI	BMI	-0.0177532114525679	0.00997616840809423	952	421	0.0754682818364527	0.241673224075544
PWY.6163..chorismate.biosynthesis.from.3.dehydroquinate.g__Lachnospira.s__Lachnospira_pectinoschiza	age_category	senior	0.347530161527067	0.195302905773076	952	213	0.0754879989750977	0.241673224075544
PWY.7221..guanosine.ribonucleotides.de.novo.biosynthesis.g__Dialister.s__Dialister_invisus	BMI	BMI	0.015949035891541	0.00896438763842711	952	203	0.0755350187512213	0.241683855907885
GLYCOGENSYNTH.PWY..glycogen.biosynthesis.I..from.ADP.D.Glucose..g__Eubacterium.s__Eubacterium_eligens	study_condition	T2D	-0.22293391365288	0.125308452237876	952	235	0.0755471360210905	0.241683855907885
PWY.5675..nitrate.reduction.V..assimilatory.	gender	male	0.325443183388095	0.182949971102046	952	331	0.0755827157262513	0.241708389287052
PYRIDNUCSYN.PWY..NAD.biosynthesis.I..from.aspartate..g__Bacteroides.s__Bacteroides_uniformis	study_condition	T2D	0.276983447491684	0.155740189204362	952	661	0.0756430325670114	0.241722753516723
PWY.7357..thiamin.formation.from.pyrithiamine.and.oxythiamine..yeast..g__Bacteroides.s__Bacteroides_ovatus	BMI	BMI	0.0158574123066672	0.00891564600087923	952	257	0.0756252918062844	0.241722753516723
PWY.7228..superpathway.of.guanosine.nucleotides.de.novo.biosynthesis.I.g__Bacteroides.s__Bacteroides_ovatus	age_category	senior	-0.406267292835248	0.228748494407468	952	512	0.0760467740101825	0.242923298756245
UNINTEGRATED.g__Blautia.s__Blautia_obeum	age_category	senior	-0.311554921877811	0.175521082924894	952	414	0.07621433802325	0.243368793245334
UNINTEGRATED.g__Ruminococcus.s__Ruminococcus_bromii	age_category	senior	0.367723741948426	0.207375211984502	952	453	0.0765121251472311	0.244113487002585
UNINTEGRATED.g__Eubacterium.s__Eubacterium_sp_CAG_38	gender	male	-0.360697030218994	0.203426381745542	952	234	0.0765321151515032	0.244113487002585
PWY.7219..adenosine.ribonucleotides.de.novo.biosynthesis.g__Roseburia.s__Roseburia_hominis	BMI	BMI	-0.0132920593590793	0.00749646090020914	952	198	0.0765316414359369	0.244113487002585
X1CMET2.PWY..N10.formyl.tetrahydrofolate.biosynthesis.g__Blautia.s__Ruminococcus_torques	gender	male	-0.268869031637208	0.151663880884997	952	284	0.0765840219690536	0.24418911275847
PWY.5686..UMP.biosynthesis.g__Barnesiella.s__Barnesiella_intestinihominis	gender	male	-0.152989172479454	0.0863164415430817	952	194	0.0766459579849079	0.244296649300442
TCA.GLYOX.BYPASS..superpathway.of.glyoxylate.bypass.and.TCA	gender	male	0.284020431439741	0.160329322480671	952	365	0.076802218959621	0.244614643688973
PWY.7282..4.amino.2.methyl.5.phosphomethylpyrimidine.biosynthesis..yeast..g__Bacteroides.s__Bacteroides_ovatus	age_category	senior	-0.370407489022064	0.209081598617658	952	253	0.0767836913798463	0.244614643688973
PWY.6385..peptidoglycan.biosynthesis.III..mycobacteria..g__Bacteroides.s__Bacteroides_uniformis	study_condition	T2D	0.378251922994642	0.21367138765549	952	689	0.0770070805638625	0.245176955030533
PWY.6124..inosine.5..phosphate.biosynthesis.II.g__Bacteroides.s__Bacteroides_vulgatus	study_condition	T2D	0.373758889830149	0.211288274561396	952	766	0.0772236648601628	0.245709865048414
RHAMCAT.PWY..L.rhamnose.degradation.I.g__Bacteroides.s__Bacteroides_caccae	BMI	BMI	-0.0171771758503059	0.00971061451748026	952	330	0.0772312070048248	0.245709865048414
PWY.6737..starch.degradation.V.g__Eubacterium.s__Eubacterium_eligens	gender	male	-0.276153335644524	0.156225459841673	952	296	0.0774399143678257	0.246283385393085
P164.PWY..purine.nucleobases.degradation.I..anaerobic..unclassified	age_category	senior	0.231596776467725	0.131089262100322	952	236	0.0775988092372973	0.24669812334618
PWY.5686..UMP.biosynthesis.g__Bacteroides.s__Bacteroides_thetaiotaomicron	age_category	senior	0.375858534729705	0.212788479752186	952	413	0.0776595863618343	0.246800740511371
PWY.1042..glycolysis.IV..plant.cytosol..unclassified	study_condition	T2D	-0.270302854585507	0.153086015198956	952	887	0.0777696215032044	0.247059766037326
TRNA.CHARGING.PWY..tRNA.charging.g__Alistipes.s__Alistipes_putredinis_CAG_67	gender	male	-0.211933967078685	0.120052225454158	952	353	0.077827517352087	0.247062426784851
PWY.6126..superpathway.of.adenosine.nucleotides.de.novo.biosynthesis.II.g__Alistipes.s__Alistipes_putredinis	gender	male	-0.23564473200993	0.133470752107605	952	366	0.077799321511465	0.247062426784851
PWY.6123..inosine.5..phosphate.biosynthesis.I.g__Dialister.s__Dialister_invisus	BMI	BMI	0.0123225623583477	0.00698130419196634	952	198	0.0778725393906572	0.247114764061228
PWY.6700..queuosine.biosynthesis.g__Lachnospiraceae_unclassified.s__Eubacterium_rectale	BMI	BMI	0.0160565534430964	0.00909813211888279	952	396	0.0779165391024534	0.24716382000998
PWY.6969..TCA.cycle.V..2.oxoglutarate.ferredoxin.oxidoreductase.	age_category	senior	0.29816594956143	0.168982623463079	952	587	0.0779740381545706	0.247255646436683
PWY.5104..L.isoleucine.biosynthesis.IV.unclassified	BMI	BMI	-0.0148134796766915	0.00839831125978139	952	605	0.0780772610774441	0.247401785924137
P461.PWY..hexitol.fermentation.to.lactate..formate..ethanol.and.acetate.unclassified	age_category	senior	0.323929012047694	0.183644435408138	952	226	0.0780725021203314	0.247401785924137
PWY.6121..5.aminoimidazole.ribonucleotide.biosynthesis.I.g__Bacteroides.s__Bacteroides_uniformis_CAG_3	gender	male	-0.416712613618345	0.236572494225825	952	669	0.0784835014430759	0.2484163459419
PANTOSYN.PWY..pantothenate.and.coenzyme.A.biosynthesis.I.g__Alistipes.s__Alistipes_finegoldii	study_condition	T2D	0.228720321027789	0.12983574314634	952	189	0.0784573629326966	0.2484163459419
PWY.6606..guanosine.nucleotides.degradation.II	age_category	senior	0.317752355843623	0.180381879314996	952	747	0.078467390605662	0.2484163459419
PWY.7539..6.hydroxymethyl.dihydropterin.diphosphate.biosynthesis.III..Chlamydia..g__Bacteroides.s__Bacteroides_uniformis_CAG_3	age_category	senior	0.346559897017141	0.196798176206523	952	621	0.0785625658166615	0.248575747158308
PWY.6936..seleno.amino.acid.biosynthesis.g__Bacteroides.s__Bacteroides_vulgatus_CAG_6	study_condition	T2D	0.330824710393076	0.18791220447266	952	669	0.0786410706814155	0.248733262272118
PWY.6385..peptidoglycan.biosynthesis.III..mycobacteria.	gender	male	0.042985550747013	0.024423796012208	952	948	0.0787329150930719	0.248932838519899
GLUCOSE1PMETAB.PWY..glucose.and.glucose.1.phosphate.degradation	BMI	BMI	-0.017123816211848	0.00973125267768907	952	554	0.0787862270650749	0.249010484081587
