"pathway","log2FC","pvalue","FDR"
"UNINTEGRATED|g__Escherichia.s__Escherichia_coli",2.17528663351643,3.87762339802042e-40,8.40280990351024e-37
"GLYOXYLATE-BYPASS: glyoxylate cycle",1.59707786803982,3.71898470350419e-37,4.02951992624679e-34
"GLYCOLYSIS-TCA-GLYOX-BYPASS: superpathway of glycolysis, pyruvate dehydrogenase, TCA, and glyoxylate bypass",1.70294967502766,8.46361026711094e-35,5.60927164934265e-32
"TCA-GLYOX-BYPASS: superpathway of glyoxylate bypass and TCA",1.68474225919622,1.03539855087082e-34,5.60927164934265e-32
"P441-PWY: superpathway of N-acetylneuraminate degradation",1.31451824745379,1.31030194395323e-32,5.67884862509328e-30
"PWY-6803: phosphatidylcholine acyl editing",1.61437953092423,1.85983455600127e-32,6.7171024714246e-30
"FAO-PWY: fatty acid &beta;-oxidation I",1.39152458389765,2.41572159591253e-32,7.47838385477494e-30
"PWY-4702: phytate degradation I",1.76613896740088,6.85154351726221e-32,1.8559118502384e-29
"PWY-5136: fatty acid &beta;-oxidation II (peroxisome)",1.38032891772366,8.3845338216195e-32,2.01880942127216e-29
"PWY0-1586: peptidoglycan maturation (meso-diaminopimelate containing)|g__Escherichia.s__Escherichia_coli",2.03328080437074,1.70587708981214e-31,3.69663565362291e-29
"PWY-5675: nitrate reduction V (assimilatory)",1.87404646471029,3.83878136397313e-31,7.56239928702707e-29
"PWY-7111: pyruvate fermentation to isobutanol (engineered)|g__Escherichia.s__Escherichia_coli",2.02822785170925,2.95436038480476e-30,5.33508246155993e-28
"PWY-5913: TCA cycle VI (obligate autotrophs)|unclassified",1.33164735717825,5.70215267806757e-30,9.50504988720956e-28
"PWY-5913: TCA cycle VI (obligate autotrophs)",1.36391631084197,1.06437095410684e-29,1.64749418396395e-27
"PWY-7117: C4 photosynthetic carbon assimilation cycle, PEPCK type",1.24206724183835,1.31650283207498e-29,1.90190775807099e-27
"VALSYN-PWY: L-valine biosynthesis|g__Escherichia.s__Escherichia_coli",1.98108902922332,1.57575788714305e-29,2.13416708839937e-27
"PWY-7254: TCA cycle VII (acetate-producers)",1.31220452656021,2.78042674703805e-29,3.54422632990085e-27
"PWY-241: C4 photosynthetic carbon assimilation cycle, NADP-ME type",1.22323277647187,3.26159006529591e-29,3.8031370133954e-27
"PWY-5656: mannosylglycerate biosynthesis I",1.75894216831131,3.33454560473062e-29,3.8031370133954e-27
"GLUCARDEG-PWY: D-glucarate degradation I",1.57662313196587,5.10208829922905e-29,5.52811267221467e-27
"PWY-5173: superpathway of acetyl-CoA biosynthesis",1.47597942443374,6.45465189449513e-29,6.66058602636712e-27
"SULFATE-CYS-PWY: superpathway of sulfate assimilation and cysteine biosynthesis",1.11407000553674,8.38413149364536e-29,8.25836952124068e-27
"P105-PWY: TCA cycle IV (2-oxoglutarate decarboxylase)",1.48207128815302,1.03912236191326e-28,9.790339818548e-27
"PWY-561: superpathway of glyoxylate cycle and fatty acid degradation",1.52764189995279,1.49166802247944e-28,1.3468519186304e-26
"SO4ASSIM-PWY: sulfate reduction I (assimilatory)",1.14167148832564,1.59348483994968e-28,1.38123265926839e-26
"P461-PWY: hexitol fermentation to lactate, formate, ethanol and acetate",1.49317587122825,2.79536857565072e-28,2.32983219362889e-26
"P161-PWY: acetylene degradation",1.60437257288034,3.12348701211186e-28,2.50688753898015e-26
"PWY4LZ-257: superpathway of fermentation (Chlamydomonas reinhardtii)",1.57364662739464,4.75188193442449e-28,3.67761719710638e-26
"GLYOXYLATE-BYPASS: glyoxylate cycle|unclassified",1.1491329007058,6.38163814718144e-28,4.76862409135937e-26
"KETOGLUCONMET-PWY: ketogluconate metabolism",1.74570336461435,2.32049339316581e-27,1.67616972766344e-25
"FERMENTATION-PWY: mixed acid fermentation",1.21370105473205,2.99430167414693e-27,2.09086967350886e-25
"PWY0-1415: superpathway of heme biosynthesis from uroporphyrinogen-III",1.50721827880712,3.08757865954239e-27,2.09086967350886e-25
"PWY-821: superpathway of sulfur amino acid biosynthesis (Saccharomyces cerevisiae)",1.38960217699008,3.21223307485982e-27,2.10936638582461e-25
"PWY-5918: superpathay of heme biosynthesis from glutamate",1.58950125937831,3.8498337005329e-27,2.45370283207494e-25
"PWY-5345: superpathway of L-methionine biosynthesis (by sulfhydrylation)",1.00552966463901,4.11402891687387e-27,2.54717161796162e-25
"PWY-5723: Rubisco shunt",1.61370830609638,5.3573338164019e-27,3.22481732781748e-25
"PWY-6628: superpathway of L-phenylalanine biosynthesis",1.20920797833807,6.66032163680126e-27,3.9007883748509e-25
"PWY-5695: urate biosynthesis/inosine 5'-phosphate degradation|g__Escherichia.s__Escherichia_coli",1.85458859126548,6.79626412706564e-26,3.87565904298717e-24
"NONOXIPENT-PWY: pentose phosphate pathway (non-oxidative branch)|g__Escherichia.s__Escherichia_coli",1.89087726691791,1.13852560703596e-25,6.3261153601203e-24
"PWY-5897: superpathway of menaquinol-11 biosynthesis",1.40016798951883,1.72596561151982e-25,8.90516066705583e-24
"PWY-5898: superpathway of menaquinol-12 biosynthesis",1.40016798951883,1.72596561151982e-25,8.90516066705583e-24
"PWY-5899: superpathway of menaquinol-13 biosynthesis",1.40016798951883,1.72596561151982e-25,8.90516066705583e-24
"PWY0-781: aspartate superpathway",1.33275876913986,1.77640625553396e-25,8.95226129242349e-24
"PWY-5791: 1,4-dihydroxy-2-naphthoate biosynthesis II (plants)",1.38928160113316,2.2934830214324e-25,1.09576360477206e-23
"PWY-5837: 1,4-dihydroxy-2-naphthoate biosynthesis I",1.38928160113316,2.2934830214324e-25,1.09576360477206e-23
"PWY-5675: nitrate reduction V (assimilatory)|unclassified",1.31645722120561,2.32603257127433e-25,1.09576360477206e-23
"P4-PWY: superpathway of L-lysine, L-threonine and L-methionine biosynthesis I",1.30367790548123,3.05680472157427e-25,1.40938209184073e-23
"PWY-5838: superpathway of menaquinol-8 biosynthesis I",1.41565718177763,4.82167587500484e-25,2.17678575440323e-23
"FERMENTATION-PWY: mixed acid fermentation|unclassified",1.23214211175978,5.33378686195482e-25,2.35884002650124e-23
"PWY-5861: superpathway of demethylmenaquinol-8 biosynthesis",1.42828127624015,5.44492069436988e-25,2.35982862893991e-23
"PWY-6629: superpathway of L-tryptophan biosynthesis",1.71027124673663,6.42302777732599e-25,2.72915709675793e-23
"PWY-5845: superpathway of menaquinol-9 biosynthesis",1.61171528102727,8.46254864078789e-25,3.46006469897875e-23
"PWY-5862: superpathway of demethylmenaquinol-9 biosynthesis",1.59910240563185,8.40585745099866e-25,3.46006469897875e-23
"PWY-5863: superpathway of phylloquinol biosynthesis",1.33591222638502,9.35784502253351e-25,3.75526854885743e-23
"POLYAMSYN-PWY: superpathway of polyamine biosynthesis I|unclassified",0.849265227571551,1.06208289333942e-24,4.18460659975731e-23
"PWY-5971: palmitate biosynthesis II (bacteria and plants)",1.95493754847463,1.15602518374578e-24,4.4734045949591e-23
"PWY-7663: gondoate biosynthesis (anaerobic)|g__Escherichia.s__Escherichia_coli",1.84777337552121,1.63260051424291e-24,6.20674616555155e-23
"PWY-6113: superpathway of mycolate biosynthesis",1.93703659444234,1.75235465964439e-24,6.54715956456793e-23
"PWY-5173: superpathway of acetyl-CoA biosynthesis|unclassified",0.969833160536454,1.97749812406253e-24,7.26311599126017e-23
"HOMOSER-METSYN-PWY: L-methionine biosynthesis I|unclassified",0.853526812601201,2.43136862886292e-24,8.78129303124324e-23
"SO4ASSIM-PWY: sulfate reduction I (assimilatory)|unclassified",0.881675858640974,3.58688078813536e-24,1.27422469965399e-22
"PWY-6284: superpathway of unsaturated fatty acids biosynthesis (E. coli)",1.72597796455471,4.45323045562941e-24,1.55647587054015e-22
"GALACTARDEG-PWY: D-galactarate degradation I",1.4772102343727,7.06219973050142e-24,2.39121668999946e-22
"GLUCARGALACTSUPER-PWY: superpathway of D-glucarate and D-galactarate degradation",1.4772102343727,7.06219973050142e-24,2.39121668999946e-22
"ARG+POLYAMINE-SYN: superpathway of arginine and polyamine biosynthesis|unclassified",0.986307001582228,3.52253657581245e-23,1.17435950150547e-21
"PWY-5367: petroselinate biosynthesis",1.41155877612677,4.12555464920289e-23,1.35455710982162e-21
"FASYN-INITIAL-PWY: superpathway of fatty acid biosynthesis initiation (E. coli)|unclassified",0.88345178822836,5.89267459147373e-23,1.90588445369009e-21
"ARG+POLYAMINE-SYN: superpathway of arginine and polyamine biosynthesis",0.65802679471599,1.14406122557599e-22,3.59301547220749e-21
"PWY-7388: octanoyl-[acyl-carrier protein] biosynthesis (mitochondria, yeast)|unclassified",0.899016656476651,1.13599778086731e-22,3.59301547220749e-21
"PYRIDNUCSAL-PWY: NAD salvage pathway I",1.28294144426186,1.17638648832272e-22,3.64175645742189e-21
"PWY-5083: NAD/NADH phosphorylation and dephosphorylation|unclassified",0.915686517460551,1.62232115554739e-22,4.95150696348056e-21
"MET-SAM-PWY: superpathway of S-adenosyl-L-methionine biosynthesis|unclassified",0.853348186178543,3.16191838518071e-22,9.51649602873138e-21
"METSYN-PWY: L-homoserine and L-methionine biosynthesis|unclassified",0.842836494617099,5.19570300367945e-22,1.54234087794156e-20
"PWY-7117: C4 photosynthetic carbon assimilation cycle, PEPCK type|unclassified",0.994220834104537,5.46197125274894e-22,1.59947185198742e-20
"HEXITOLDEGSUPER-PWY: superpathway of hexitol degradation (bacteria)",0.953592090363044,8.99280893962791e-22,2.59832226295649e-20
"PWY-5345: superpathway of L-methionine biosynthesis (by sulfhydrylation)|unclassified",1.0113428013434,1.55761736436037e-21,4.44125898495912e-20
"PWY-6803: phosphatidylcholine acyl editing|g__Escherichia.s__Escherichia_coli",1.5250490456914,1.61288756563597e-21,4.53912643471836e-20
"GLUCOSE1PMETAB-PWY: glucose and glucose-1-phosphate degradation|unclassified",1.0109494464193,1.89386529411437e-21,5.26154627223824e-20
"PWY-5347: superpathway of L-methionine biosynthesis (transsulfuration)|unclassified",0.844819923743461,2.4074924395317e-21,6.60384318539899e-20
"SALVADEHYPOX-PWY: adenosine nucleotides degradation II",0.959702051452311,2.77613642751713e-21,7.49551077654828e-20
"PWY-5747: 2-methylcitrate cycle II",1.32314316260976,2.80173683848828e-21,7.49551077654828e-20
"PWY-7115: C4 photosynthetic carbon assimilation cycle, NAD-ME type",1.04394993987872,3.39037395096044e-21,8.95968335576985e-20
"PHOSLIPSYN-PWY: superpathway of phospholipid biosynthesis I (bacteria)|unclassified",0.819207626686781,3.59759369353624e-21,9.38864892254542e-20
"PWY-5189: tetrapyrrole biosynthesis II (from glycine)",1.23463842922464,3.63934706734571e-21,9.38864892254542e-20
"PWY-5384: sucrose degradation IV (sucrose phosphorylase)|unclassified",0.893404725622195,5.13614861428636e-21,1.29419000548355e-19
"HEME-BIOSYNTHESIS-II: heme biosynthesis I (aerobic)",1.24503558733891,5.0939881873542e-21,1.29419000548355e-19
"SULFATE-CYS-PWY: superpathway of sulfate assimilation and cysteine biosynthesis|unclassified",0.89626087248399,7.31627021516299e-21,1.8223399489952e-19
"PWY-6630: superpathway of L-tyrosine biosynthesis",1.05301505932078,2.49364719713092e-20,6.14060622293488e-19
"POLYAMSYN-PWY: superpathway of polyamine biosynthesis I",0.656819568637918,2.62138144868206e-20,6.38262202167868e-19
"PWY-4041: &gamma;-glutamyl cycle|unclassified",0.808847191920126,2.73637580445665e-20,6.58858485361952e-19
"DAPLYSINESYN-PWY: L-lysine biosynthesis I",1.05336158442609,2.88714655895385e-20,6.87521603654175e-19
"PWY-5177: glutaryl-CoA degradation|unclassified",0.842012478880113,6.22665146812601e-20,1.46664714472055e-18
"GLYCOLYSIS-E-D: superpathway of glycolysis and Entner-Doudoroff|unclassified",0.941137026981293,6.78257319435481e-20,1.58041248517923e-18
"PWY-241: C4 photosynthetic carbon assimilation cycle, NADP-ME type|unclassified",0.96759350705666,7.58734249179919e-20,1.74912459358817e-18
"FAO-PWY: fatty acid &beta;-oxidation I|unclassified",0.827964058120358,8.55454835306646e-20,1.95133750327316e-18
"PWY-5022: 4-aminobutanoate degradation V",1.0346691156143,1.16684081612691e-19,2.63390005056982e-18
"PWY-7046: 4-coumarate degradation (anaerobic)",1.23803710647548,1.31506866019009e-19,2.93789050168241e-18
"PWY-5840: superpathway of menaquinol-7 biosynthesis",1.50722976812104,1.62254268872124e-19,3.58780612903972e-18
"TCA: TCA cycle I (prokaryotic)|unclassified",0.779181724484248,2.61022605271323e-19,5.71349480427228e-18
"PWY-5083: NAD/NADH phosphorylation and dephosphorylation",0.9700673312641,2.88563288366139e-19,6.25316645889423e-18
"PWY-6353: purine nucleotides degradation II (aerobic)",0.79833839541608,2.95286664985288e-19,6.33550696062495e-18
"PWY-6606: guanosine nucleotides degradation II",0.861264263989554,3.42630647178088e-19,7.20854963529044e-18
"SALVADEHYPOX-PWY: adenosine nucleotides degradation II|unclassified",0.677057262729951,3.41994899575352e-19,7.20854963529044e-18
"PWY-5136: fatty acid &beta;-oxidation II (peroxisome)|unclassified",0.739493113560957,4.96910886773124e-19,1.03539028042054e-17
"PWY-6612: superpathway of tetrahydrofolate biosynthesis",1.32059247063389,6.4422758729332e-19,1.32956303015679e-17
"FOLSYN-PWY: superpathway of tetrahydrofolate biosynthesis and salvage",1.37526185722998,6.62363275409909e-19,1.35409548850309e-17
"HEMESYN2-PWY: heme biosynthesis II (anaerobic)",0.939589388234416,1.20500293691026e-18,2.44041248998554e-17
"PWY-6608: guanosine nucleotides degradation III",0.746055966558019,1.24722517532443e-18,2.50253421752597e-17
"PYRIDOXSYN-PWY: pyridoxal 5'-phosphate biosynthesis I|unclassified",0.841728658610112,1.86421312028761e-18,3.70619250611307e-17
"PWY-6901: superpathway of glucose and xylose degradation",0.450589441574011,2.11182891629506e-18,4.16030296510127e-17
"PWY-5989: stearate biosynthesis II (bacteria and plants)|unclassified",0.872568143716289,2.56314200680161e-18,5.0038997556208e-17
"PWY-7328: superpathway of UDP-glucose-derived O-antigen building blocks biosynthesis|unclassified",0.881269627645691,3.58440042952294e-18,6.93517475962161e-17
"PWY-6549: L-glutamine biosynthesis III",0.809027817579107,4.119581359516e-18,7.90011752749661e-17
"GLUCOSE1PMETAB-PWY: glucose and glucose-1-phosphate degradation",1.11151086959533,4.78080547698868e-18,9.00870040750824e-17
"PWY-5347: superpathway of L-methionine biosynthesis (transsulfuration)",0.721761274753069,4.74019232144996e-18,9.00870040750824e-17
"PWY-6353: purine nucleotides degradation II (aerobic)|unclassified",0.808790781795793,4.93981955151607e-18,9.2280939380477e-17
"METSYN-PWY: L-homoserine and L-methionine biosynthesis",0.722312893937055,7.62272436338561e-18,1.41183279448347e-16
"PWY0-862: (5Z)-dodec-5-enoate biosynthesis|unclassified",0.822867970298379,8.04012035222873e-18,1.4765204070576e-16
"HOMOSER-METSYN-PWY: L-methionine biosynthesis I",0.759882412156337,8.16466494361347e-18,1.48679234729499e-16
"MET-SAM-PWY: superpathway of S-adenosyl-L-methionine biosynthesis",0.702440514111112,9.15361742109256e-18,1.65299074595896e-16
"PWY0-1586: peptidoglycan maturation (meso-diaminopimelate containing)|unclassified",0.616538284771483,9.36903050875919e-18,1.67790819111415e-16
"DAPLYSINESYN-PWY: L-lysine biosynthesis I|unclassified",0.790771963598267,1.47639358594298e-17,2.62241385306429e-16
"METHGLYUT-PWY: superpathway of methylglyoxal degradation",0.955763443426377,1.52584268702335e-17,2.6882122786826e-16
"GLYCOLYSIS-E-D: superpathway of glycolysis and Entner-Doudoroff",0.443710099237204,1.89593008948569e-17,3.3132907289641e-16
"GLUDEG-I-PWY: GABA shunt",0.881304470650983,2.68978739790685e-17,4.66301543301132e-16
"HEXITOLDEGSUPER-PWY: superpathway of hexitol degradation (bacteria)|unclassified",0.949214836638963,3.91061972951688e-17,6.72564520147864e-16
"GLUCONEO-PWY: gluconeogenesis I",0.348075979701682,4.5893805924908e-17,7.83085649128154e-16
"FASYN-ELONG-PWY: fatty acid elongation -- saturated|unclassified",0.811660303359863,7.2380906868234e-17,1.2253861342458e-15
"PWY-6282: palmitoleate biosynthesis I (from (5Z)-dodec-5-enoate)|unclassified",0.811846151404577,8.95500034538217e-17,1.50430122080955e-15
"PWY-6608: guanosine nucleotides degradation III|unclassified",0.553941339734878,1.10123717415434e-16,1.83567765876343e-15
"PWY-7664: oleate biosynthesis IV (anaerobic)|unclassified",0.81216899204903,1.12695884055808e-16,1.86421359350332e-15
"PWY-6531: mannitol cycle",1.11806013705152,1.99320150698714e-16,3.27217247397056e-15
"PWY66-389: phytol degradation|unclassified",0.318787639260642,3.88831724309852e-16,6.3353259141312e-15
"PWY66-389: phytol degradation",0.748252151972043,5.03506123256499e-16,8.14252066490174e-15
"PWY-6519: 8-amino-7-oxononanoate biosynthesis I|unclassified",0.872278382099738,1.11827482977024e-15,1.79503818971267e-14
"PWY-5138: unsaturated, even numbered fatty acid &beta;-oxidation",1.09420072610213,1.98171739153095e-15,3.15763352018204e-14
"PWY-5384: sucrose degradation IV (sucrose phosphorylase)",0.835379403321105,2.30212380213505e-15,3.64138852498296e-14
"PWY-2723: trehalose degradation V|unclassified",0.773127648924618,3.24534529939766e-15,5.09613279985125e-14
"PWY0-1241: ADP-L-glycero-&beta;-D-manno-heptose biosynthesis",0.491848307228713,4.56896324706998e-15,7.12298083194291e-14
"FASYN-ELONG-PWY: fatty acid elongation -- saturated",0.602331074901423,5.20878145787276e-15,8.0624495851502e-14
"TCA: TCA cycle I (prokaryotic)",0.58407985503009,5.63713741348807e-15,8.66360054966571e-14
"GLYCOLYSIS: glycolysis I (from glucose 6-phosphate)",0.252530680349112,6.25998918714321e-15,9.55309617502771e-14
"PWY-6969: TCA cycle V (2-oxoglutarate:ferredoxin oxidoreductase)|unclassified",0.700165408016421,6.80288562034777e-15,1.03089882092962e-13
"PWY-5989: stearate biosynthesis II (bacteria and plants)",0.635282204509289,7.40911239656841e-15,1.1149685113447e-13
"PWY-6282: palmitoleate biosynthesis I (from (5Z)-dodec-5-enoate)",0.649105369026667,8.11556699536561e-15,1.2128574951005e-13
"PWY-7664: oleate biosynthesis IV (anaerobic)",0.624675297371434,8.60059281479174e-15,1.27654004312697e-13
"PWY66-400: glycolysis VI (metazoan)",0.420463413083407,9.81666780467322e-15,1.44712375052564e-13
"GLYCOCAT-PWY: glycogen degradation I (bacterial)|unclassified",0.799812199459779,1.05170578066407e-14,1.53989623425611e-13
"FASYN-INITIAL-PWY: superpathway of fatty acid biosynthesis initiation (E. coli)",0.678578461419869,1.06413892493933e-14,1.54764365794868e-13
"PWY-7388: octanoyl-[acyl-carrier protein] biosynthesis (mitochondria, yeast)",0.656488476848042,1.7359261965739e-14,2.50783471198376e-13
"PWY0-862: (5Z)-dodec-5-enoate biosynthesis",0.6343821354735,1.82876596424442e-14,2.62446082418388e-13
"PWY-6519: 8-amino-7-oxononanoate biosynthesis I",0.593855305864526,1.924047183296e-14,2.74303305671213e-13
"PWYG-321: mycolate biosynthesis|unclassified",1.02072434229359,1.94106147153755e-14,2.74920275086397e-13
"COLANSYN-PWY: colanic acid building blocks biosynthesis|unclassified",0.662479821506902,2.11839382704277e-14,2.98088274233875e-13
"BIOTIN-BIOSYNTHESIS-PWY: biotin biosynthesis I",0.557197876394832,2.30014050637765e-14,3.21574482407765e-13
"PWY0-1298: superpathway of pyrimidine deoxyribonucleosides degradation",0.759306563650947,3.13924811754553e-14,4.36073760943664e-13
"NAGLIPASYN-PWY: lipid IVA biosynthesis|unclassified",0.699189225499303,3.38802569631216e-14,4.67633865217099e-13
"PWY-5484: glycolysis II (from fructose 6-phosphate)",0.2577958175971,3.88359062769325e-14,5.32641828494385e-13
"PWYG-321: mycolate biosynthesis",0.626416229280336,4.73367080452262e-14,6.45148719081793e-13
"PWY-6606: guanosine nucleotides degradation II|unclassified",0.634564270554374,8.4526423002304e-14,1.14480474153745e-12
"PENTOSE-P-PWY: pentose phosphate pathway|unclassified",0.693678550317539,9.01285792195757e-14,1.2130970880051e-12
"P461-PWY: hexitol fermentation to lactate, formate, ethanol and acetate|unclassified",0.626392005353943,1.22362238742952e-13,1.63678377380233e-12
"PWY-5676: acetyl-CoA fermentation to butanoate II",0.776320845011844,1.27050876423294e-13,1.68907514852317e-12
"FUCCAT-PWY: fucose degradation|unclassified",0.655034979306066,1.39094753067433e-13,1.83791664571419e-12
"PWY0-1261: anhydromuropeptides recycling|unclassified",0.713369919531082,1.75665686172224e-13,2.30707601172854e-12
"FUC-RHAMCAT-PWY: superpathway of fucose and rhamnose degradation",0.683797380679712,1.82752360513909e-13,2.38568894719061e-12
"PWY-7328: superpathway of UDP-glucose-derived O-antigen building blocks biosynthesis",0.856662558298999,1.95828981606125e-13,2.54108624635013e-12
"PWY0-1061: superpathway of L-alanine biosynthesis|unclassified",0.689066146958997,2.17266998355753e-13,2.8024856276007e-12
"PWY-5723: Rubisco shunt|unclassified",0.78419084015666,3.02118911321148e-13,3.87391527120075e-12
"PWY0-1297: superpathway of purine deoxyribonucleosides degradation",0.771309919886987,3.18672423915742e-13,4.06213613309066e-12
"PWY-6588: pyruvate fermentation to acetone",1.02534414432195,3.2953207940309e-13,4.17600009395611e-12
"PWY0-1479: tRNA processing|unclassified",0.638858690230907,8.07098666103484e-13,1.01685047060828e-11
"PWY0-1586: peptidoglycan maturation (meso-diaminopimelate containing)",0.242497053843537,9.38519680185863e-13,1.17559083639466e-11
"PENTOSE-P-PWY: pentose phosphate pathway",0.342744220555298,1.09400159704328e-12,1.36247210390391e-11
"DTDPRHAMSYN-PWY: dTDP-L-rhamnose biosynthesis I|g__Faecalibacterium.s__Faecalibacterium_prausnitzii",-0.390137070333731,1.64766393183981e-12,2.04027870874107e-11
"UNINTEGRATED|g__Faecalibacterium.s__Faecalibacterium_prausnitzii",-0.368086209398829,1.68979919348418e-12,2.08056525697739e-11
"UNMAPPED",-0.182853840023734,2.92025550742071e-12,3.57525066925463e-11
"PWY-6549: L-glutamine biosynthesis III|unclassified",0.682624120734069,4.97645773921154e-12,6.05841793307383e-11
"PWY-7013: L-1,2-propanediol degradation",1.07433459258365,7.05471838542546e-12,8.54054454816590e-11
"FUCCAT-PWY: fucose degradation",0.719457720950786,1.12416723400765e-11,1.35337244227476e-10
"PWY-2723: trehalose degradation V",0.826848380925896,1.22877098908141e-11,1.47113079190022e-10
"ARGSYNBSUB-PWY: L-arginine biosynthesis II (acetyl cycle)|g__Faecalibacterium.s__Faecalibacterium_prausnitzii",-0.395812730471947,1.33930864760727e-11,1.59466035129943e-10
"UNINTEGRATED",0.0873156321846601,1.53332242323294e-11,1.80582048431836e-10
"POLYAMINSYN3-PWY: superpathway of polyamine biosynthesis II",0.595124623804833,1.53301888561327e-11,1.80582048431836e-10
"PWY-7111: pyruvate fermentation to isobutanol (engineered)|g__Faecalibacterium.s__Faecalibacterium_prausnitzii",-0.370893876333315,2.07542819220215e-11,2.43105561756868e-10
"GLYCOCAT-PWY: glycogen degradation I (bacterial)",0.819182528399422,2.29049738246294e-11,2.66855259558989e-10
"PWY-7219: adenosine ribonucleotides de novo biosynthesis|g__Faecalibacterium.s__Faecalibacterium_prausnitzii",-0.373549327791133,2.58527287889044e-11,2.99587504200833e-10
"VALSYN-PWY: L-valine biosynthesis|g__Faecalibacterium.s__Faecalibacterium_prausnitzii",-0.381825508054055,3.39008571074981e-11,3.89493124995722e-10
"NAGLIPASYN-PWY: lipid IVA biosynthesis",0.393107816243338,3.39705586636785e-11,3.89493124995722e-10
"PWY-6703: preQ0 biosynthesis|g__Parabacteroides.s__Parabacteroides_distasonis",0.534347852920651,5.1970841515337e-11,5.92741124019659e-10
"PWY-4041: &gamma;-glutamyl cycle",0.607002211029778,6.48992389071865e-11,7.363175429941e-10
"PWY-6731: starch degradation III",0.76085706040189,7.96837988160855e-11,8.99347875179465e-10
"P42-PWY: incomplete reductive TCA cycle|unclassified",0.586723419696522,1.09771890262703e-10,1.23251650880454e-09
"PWY-6124: inosine-5'-phosphate biosynthesis II|g__Faecalibacterium.s__Faecalibacterium_prausnitzii",-0.417028112435291,1.31808709182518e-10,1.47231687009545e-09
"PWY-6305: putrescine biosynthesis IV|unclassified",0.566264188795276,1.69883518667846e-10,1.88788505104216e-09
"PWY-1269: CMP-3-deoxy-D-manno-octulosonate biosynthesis I",0.251347406687047,1.91724157381807e-10,2.11972576044069e-09
"PWY-6122: 5-aminoimidazole ribonucleotide biosynthesis II|g__Parabacteroides.s__Parabacteroides_distasonis",0.505369280055872,1.96702391344692e-10,2.15279839416135e-09
"PWY-6277: superpathway of 5-aminoimidazole ribonucleotide biosynthesis|g__Parabacteroides.s__Parabacteroides_distasonis",0.505369280055872,1.96702391344692e-10,2.15279839416135e-09
"PWY-6122: 5-aminoimidazole ribonucleotide biosynthesis II|g__Faecalibacterium.s__Faecalibacterium_prausnitzii",-0.36440219777707,2.14338002326001e-10,2.32235225520223e-09
"PWY-6277: superpathway of 5-aminoimidazole ribonucleotide biosynthesis|g__Faecalibacterium.s__Faecalibacterium_prausnitzii",-0.36440219777707,2.14338002326001e-10,2.32235225520223e-09
"SER-GLYSYN-PWY: superpathway of L-serine and glycine biosynthesis I",0.184320560275897,2.42993188180496e-10,2.61973253127928e-09
"HISDEG-PWY: L-histidine degradation I|g__Parabacteroides.s__Parabacteroides_distasonis",0.49296046803615,2.47963323998876e-10,2.64697794633283e-09
"PWY-6507: 4-deoxy-L-threo-hex-4-enopyranuronate degradation|g__Faecalibacterium.s__Faecalibacterium_prausnitzii",-0.447978511575636,2.47216843229549e-10,2.64697794633283e-09
"PWY-5177: glutaryl-CoA degradation|g__Faecalibacterium.s__Faecalibacterium_prausnitzii",-0.357839290789473,2.63082205322296e-10,2.79460362222263e-09
"GALACTUROCAT-PWY: D-galacturonate degradation I|g__Faecalibacterium.s__Faecalibacterium_prausnitzii",-0.448548455786473,2.81254952408718e-10,2.97307064326679e-09
"PWY0-1261: anhydromuropeptides recycling",0.244586161115512,3.52688415345927e-10,3.71007667987681e-09
"TRNA-CHARGING-PWY: tRNA charging|g__Faecalibacterium.s__Faecalibacterium_prausnitzii",-0.374989037040913,3.75117811313671e-10,3.92695795708563e-09
"GLCMANNANAUT-PWY: superpathway of N-acetylglucosamine, N-acetylmannosamine and N-acetylneuraminate degradation",0.336523363138765,4.57837873604793e-10,4.76987823125763e-09
"PWY-7242: D-fructuronate degradation|g__Faecalibacterium.s__Faecalibacterium_prausnitzii",-0.435903674427736,6.78794142973649e-10,7.03802348241099e-09
"PWY-6969: TCA cycle V (2-oxoglutarate:ferredoxin oxidoreductase)",0.576176466467344,6.91172346395617e-10,7.13224035542525e-09
"PWY0-845: superpathway of pyridoxal 5'-phosphate biosynthesis and salvage",0.343530774077603,7.35814835176539e-10,7.55692297548606e-09
"PWY-5686: UMP biosynthesis|g__Parabacteroides.s__Parabacteroides_distasonis",0.504560525393581,7.57593396566118e-10,7.74389099225839e-09
"PWY-6121: 5-aminoimidazole ribonucleotide biosynthesis I|g__Faecalibacterium.s__Faecalibacterium_prausnitzii",-0.372512456134424,8.01374884624548e-10,8.15295481211923e-09
"ARGININE-SYN4-PWY: L-ornithine de novo  biosynthesis|g__Parabacteroides.s__Parabacteroides_distasonis",0.475385872153679,8.26006997621572e-10,8.36428581236424e-09
"PWY-5695: urate biosynthesis/inosine 5'-phosphate degradation|g__Parabacteroides.s__Parabacteroides_distasonis",0.523473548613415,8.50062183711881e-10,8.56783605629603e-09
"CITRULBIO-PWY: L-citrulline biosynthesis|unclassified",0.453157796447677,1.02460021310142e-09,1.02792067675499e-08
"PWY-1042: glycolysis IV (plant cytosol)|g__Faecalibacterium.s__Faecalibacterium_prausnitzii",-0.370043357949145,1.28908692868255e-09,1.28730478085488e-08
"RHAMCAT-PWY: L-rhamnose degradation I",0.204526076325135,1.33732572011271e-09,1.32935084196525e-08
"ARGSYN-PWY: L-arginine biosynthesis I (via L-ornithine)|g__Faecalibacterium.s__Faecalibacterium_prausnitzii",-0.389066666122027,1.65449930346613e-09,1.62968181391414e-08
"PYRIDOXSYN-PWY: pyridoxal 5'-phosphate biosynthesis I",0.348448005918067,1.64892377475597e-09,1.62968181391414e-08
"PWY-7400: L-arginine biosynthesis IV (archaebacteria)|g__Faecalibacterium.s__Faecalibacterium_prausnitzii",-0.389128885200514,1.67547290335532e-09,1.64287320433076e-08
"PWY-5103: L-isoleucine biosynthesis III|g__Parabacteroides.s__Parabacteroides_distasonis",0.465198118619131,1.80344728864195e-09,1.76039201553473e-08
"PWY-6609: adenine and adenosine salvage III|g__Parabacteroides.s__Parabacteroides_distasonis",0.517707708521585,1.91775150890692e-09,1.86357287883466e-08
"PWY-7221: guanosine ribonucleotides de novo biosynthesis|g__Parabacteroides.s__Parabacteroides_distasonis",0.500258224877431,1.95611276883284e-09,1.89236445091999e-08
"PWY-6387: UDP-N-acetylmuramoyl-pentapeptide biosynthesis I (meso-diaminopimelate containing)|g__Parabacteroides.s__Parabacteroides_distasonis",0.491581470855303,2.09635795807322e-09,2.01902564228652e-08
"COLANSYN-PWY: colanic acid building blocks biosynthesis",0.257225785213395,2.27274116527115e-09,2.17921686068256e-08
"BRANCHED-CHAIN-AA-SYN-PWY: superpathway of branched amino acid biosynthesis|g__Parabacteroides.s__Parabacteroides_distasonis",0.465390399001428,2.34451212860737e-09,2.23813118180272e-08
"GLUCUROCAT-PWY: superpathway of &beta;-D-glucuronide and D-glucuronate degradation|g__Faecalibacterium.s__Faecalibacterium_prausnitzii",-0.541624973261938,2.45863260096517e-09,2.33677931854891e-08
"ANAEROFRUCAT-PWY: homolactic fermentation",0.15139736268149,2.61656860300724e-09,2.47602801865358e-08
"PWY-3001: superpathway of L-isoleucine biosynthesis I",0.103442608321396,2.9040958011041e-09,2.73616330477938e-08
"ILEUSYN-PWY: L-isoleucine biosynthesis I (from threonine)|g__Parabacteroides.s__Parabacteroides_distasonis",0.456199793768699,3.35556389110133e-09,3.14783850736649e-08
"PWY0-1479: tRNA processing",0.500916775562349,3.52312340818953e-09,3.29077949377013e-08
"VALSYN-PWY: L-valine biosynthesis|g__Parabacteroides.s__Parabacteroides_distasonis",0.427831679535772,3.81004794187274e-09,3.54350810731254e-08
"PWY-5690: TCA cycle II (plants and fungi)",0.39355427066685,3.98315973215253e-09,3.68867826477544e-08
"RIBOSYN2-PWY: flavin biosynthesis I (bacteria and plants)|g__Parabacteroides.s__Parabacteroides_distasonis",0.460503855433584,4.4073731177946e-09,4.06416065798336e-08
"PYRIDNUCSYN-PWY: NAD biosynthesis I (from aspartate)|g__Parabacteroides.s__Parabacteroides_distasonis",0.492026314702016,4.49188903000916e-09,4.11277125112732e-08
"P185-PWY: formaldehyde assimilation III (dihydroxyacetone cycle)",0.857882267833427,4.49804700746274e-09,4.11277125112732e-08
"GLYCOGENSYNTH-PWY: glycogen biosynthesis I (from ADP-D-Glucose)|g__Faecalibacterium.s__Faecalibacterium_prausnitzii",-0.354974254927361,4.65619656998621e-09,4.23948654082358e-08
"PWY-7111: pyruvate fermentation to isobutanol (engineered)|g__Parabacteroides.s__Parabacteroides_distasonis",0.440211420897274,4.74276981604314e-09,4.30024359471359e-08
"ANAGLYCOLYSIS-PWY: glycolysis III (from glucose)|g__Parabacteroides.s__Parabacteroides_distasonis",0.473267950382344,5.65000422217295e-09,5.10148297893699e-08
"PWY-3841: folate transformations II|g__Parabacteroides.s__Parabacteroides_distasonis",0.456643820780756,6.00538799396014e-09,5.39986547008781e-08
"NAD-BIOSYNTHESIS-II: NAD salvage pathway II",0.517550140402108,6.10590568039391e-09,5.46756099562545e-08
"COA-PWY-1: coenzyme A biosynthesis II (mammalian)|g__Parabacteroides.s__Parabacteroides_distasonis",0.476127469904344,6.17340243336417e-09,5.50525229345686e-08
"PWY-5686: UMP biosynthesis|g__Faecalibacterium.s__Faecalibacterium_prausnitzii",-0.382471328449995,6.30658031116943e-09,5.6009670222558e-08
"PWY-7282: 4-amino-2-methyl-5-phosphomethylpyrimidine biosynthesis (yeast)",0.243531292000061,6.47200713393759e-09,5.72442426907867e-08
"SER-GLYSYN-PWY: superpathway of L-serine and glycine biosynthesis I|g__Parabacteroides.s__Parabacteroides_distasonis",0.45317340668886,6.77519372481832e-09,5.96822959417939e-08
"ASPASN-PWY: superpathway of L-aspartate and L-asparagine biosynthesis",0.161030673389396,7.00311626870948e-09,6.14402953615119e-08
"PWY-5973: cis-vaccenate biosynthesis|g__Parabacteroides.s__Parabacteroides_distasonis",0.433610298230857,7.25785922217109e-09,6.34184715098579e-08
"PWY-6385: peptidoglycan biosynthesis III (mycobacteria)|g__Parabacteroides.s__Parabacteroides_distasonis",0.485759511491856,7.49007002019951e-09,6.51846655974793e-08
"PWY-7663: gondoate biosynthesis (anaerobic)|g__Parabacteroides.s__Parabacteroides_distasonis",0.440385737656166,8.27689543143117e-09,7.17441295996454e-08
"TRNA-CHARGING-PWY: tRNA charging|g__Parabacteroides.s__Parabacteroides_distasonis",0.492816391290587,9.91406161923814e-09,8.55375113900765e-08
"PRPP-PWY: superpathway of histidine, purine, and pyrimidine biosynthesis",0.455558032730279,9.94714022625717e-09,8.55375113900765e-08
"PWY-7663: gondoate biosynthesis (anaerobic)",0.139655189534111,1.05389711158652e-08,8.99131905829913e-08
"GLUTORN-PWY: L-ornithine biosynthesis|g__Faecalibacterium.s__Faecalibacterium_prausnitzii",-0.357774471040357,1.05198242740864e-08,8.99131905829913e-08
"PWY-6892: thiazole biosynthesis I (E. coli)",0.227406236507116,1.14656137701351e-08,9.74352354505209e-08
"PWY-7219: adenosine ribonucleotides de novo biosynthesis|g__Parabacteroides.s__Parabacteroides_distasonis",0.458585475749117,1.1517430949581e-08,9.74932533896172e-08
"PEPTIDOGLYCANSYN-PWY: peptidoglycan biosynthesis I (meso-diaminopimelate containing)|g__Bacteroides.s__Bacteroides_caccae",0.619985766605061,1.19770350506428e-08,1.00989241069038e-07
"ARGININE-SYN4-PWY: L-ornithine de novo  biosynthesis|unclassified",0.446941029917397,1.33397265970195e-08,1.12043362541633e-07
"ASPASN-PWY: superpathway of L-aspartate and L-asparagine biosynthesis|g__Parabacteroides.s__Parabacteroides_distasonis",0.46379275948019,1.46298085485251e-08,1.22404614380903e-07
"PWY-6305: putrescine biosynthesis IV|g__Faecalibacterium.s__Faecalibacterium_prausnitzii",-0.352247330381709,1.56211599975243e-08,1.30196360440905e-07
"PWY-6737: starch degradation V|g__Faecalibacterium.s__Faecalibacterium_prausnitzii",-0.361552133734386,1.66311486427788e-08,1.38083138348282e-07
"DTDPRHAMSYN-PWY: dTDP-L-rhamnose biosynthesis I|g__Parabacteroides.s__Parabacteroides_distasonis",0.467988605860001,1.68865428331549e-08,1.39668466868117e-07
"PWY-5690: TCA cycle II (plants and fungi)|unclassified",0.423525717656605,1.86742424641984e-08,1.53867237338091e-07
"PEPTIDOGLYCANSYN-PWY: peptidoglycan biosynthesis I (meso-diaminopimelate containing)|g__Parabacteroides.s__Parabacteroides_distasonis",0.471173154218323,1.96792256271499e-08,1.61533643689522e-07
"PENTOSE-P-PWY: pentose phosphate pathway|g__Parabacteroides.s__Parabacteroides_distasonis",0.517897157059478,1.99102344566551e-08,1.62813124783289e-07
"PANTOSYN-PWY: pantothenate and coenzyme A biosynthesis I|g__Parabacteroides.s__Parabacteroides_distasonis",0.505269857243984,2.01359829548182e-08,1.64040131816132e-07
"PANTO-PWY: phosphopantothenate biosynthesis I|g__Parabacteroides.s__Parabacteroides_distasonis",0.433049524015037,2.29104250779539e-08,1.85943412524068e-07
"PWY-6387: UDP-N-acetylmuramoyl-pentapeptide biosynthesis I (meso-diaminopimelate containing)|g__Bacteroides.s__Bacteroides_caccae",0.602006847119567,2.76482587037069e-08,2.23558867951242e-07
"PWY-6895: superpathway of thiamin diphosphate biosynthesis II",0.441557048064934,2.81634168312658e-08,2.26877785402799e-07
"PWY-6936: seleno-amino acid biosynthesis|g__Parabacteroides.s__Parabacteroides_distasonis",0.471808656086097,2.88734620640459e-08,2.31736267751065e-07
"GOLPDLCAT-PWY: superpathway of glycerol degradation to 1,3-propanediol",0.662311316725328,2.98231721906694e-08,2.38475328919485e-07
"NONOXIPENT-PWY: pentose phosphate pathway (non-oxidative branch)",0.210729932032464,3.05029696239829e-08,2.43014467555775e-07
"COA-PWY: coenzyme A biosynthesis I|g__Parabacteroides.s__Parabacteroides_distasonis",0.468718451824375,3.39121891862995e-08,2.69185765445828e-07
"PWY-7228: superpathway of guanosine nucleotides de novo biosynthesis I|g__Parabacteroides.s__Parabacteroides_distasonis",0.485788905720754,3.4164487159442e-08,2.7019869954201e-07
"1CMET2-PWY: N10-formyl-tetrahydrofolate biosynthesis|g__Parabacteroides.s__Parabacteroides_distasonis",0.474229895465118,3.5967495182322e-08,2.83423862036697e-07
"PWY-7220: adenosine deoxyribonucleotides de novo biosynthesis II|g__Parabacteroides.s__Parabacteroides_distasonis",0.467895103995947,3.63151982398476e-08,2.8409759778249e-07
"PWY-7222: guanosine deoxyribonucleotides de novo biosynthesis II|g__Parabacteroides.s__Parabacteroides_distasonis",0.467895103995947,3.63151982398476e-08,2.8409759778249e-07
"PWY-7199: pyrimidine deoxyribonucleosides salvage|unclassified",-0.376179726290022,4.36839641464313e-08,3.38744055547097e-07
"PWY4FS-7: phosphatidylglycerol biosynthesis I (plastidic)|unclassified",0.355326770358052,4.37694211136074e-08,3.38744055547097e-07
"PWY4FS-8: phosphatidylglycerol biosynthesis II (non-plastidic)|unclassified",0.355326127208437,4.37694211136074e-08,3.38744055547097e-07
"PWY-6609: adenine and adenosine salvage III|g__Faecalibacterium.s__Faecalibacterium_prausnitzii",-0.366797875329703,4.39959914481619e-08,3.39285813053974e-07
"PWY-2942: L-lysine biosynthesis III|g__Parabacteroides.s__Parabacteroides_distasonis",0.444647248314156,4.5506355294548e-08,3.49688907529381e-07
"PWY-6385: peptidoglycan biosynthesis III (mycobacteria)|g__Bacteroides.s__Bacteroides_caccae",0.617688221610533,4.62918353218158e-08,3.54467869761042e-07
"PPGPPMET-PWY: ppGpp biosynthesis",0.59966052426437,4.64570566432389e-08,3.54480428682742e-07
"PWY-6891: thiazole biosynthesis II (Bacillus)",0.53031728690673,5.28073330048803e-08,4.01521019724827e-07
"LACTOSECAT-PWY: lactose and galactose degradation I",0.51816193328412,5.32758855441927e-08,4.03667286623306e-07
"UNINTEGRATED|g__Parabacteroides.s__Parabacteroides_distasonis",0.448444793160547,5.41642286783578e-08,4.08968235351921e-07
"PWY-6609: adenine and adenosine salvage III|unclassified",-0.327702593391548,5.44685366118787e-08,4.0983791263174e-07
"GLCMANNANAUT-PWY: superpathway of N-acetylglucosamine, N-acetylmannosamine and N-acetylneuraminate degradation|unclassified",0.390009964578347,6.13714887463023e-08,4.60179986550994e-07
"PWY-6125: superpathway of guanosine nucleotides de novo biosynthesis II|g__Parabacteroides.s__Parabacteroides_distasonis",0.511037749796665,6.52173922695317e-08,4.87331341545087e-07
"PWY0-1298: superpathway of pyrimidine deoxyribonucleosides degradation|unclassified",0.267429287267201,6.58407582665013e-08,4.90298705029238e-07
"PWY-6123: inosine-5'-phosphate biosynthesis I|g__Parabacteroides.s__Parabacteroides_distasonis",0.456655923283094,7.08150022640391e-08,5.25534622966345e-07
"PWY0-845: superpathway of pyridoxal 5'-phosphate biosynthesis and salvage|g__Bacteroides.s__Bacteroides_caccae",0.589197519418445,7.1332964037836e-08,5.27571785221811e-07
"PWY-7199: pyrimidine deoxyribonucleosides salvage|g__Parabacteroides.s__Parabacteroides_distasonis",0.413469616061432,7.45423091844225e-08,5.49432598648448e-07
"P164-PWY: purine nucleobases degradation I (anaerobic)",0.722178636892254,8.3712565504213e-08,6.14932642195355e-07
"VALSYN-PWY: L-valine biosynthesis|g__Gemmiger.s__Gemmiger_formicilis",-0.480521583175547,8.73097620733767e-08,6.39190048692592e-07
"PWY-6168: flavin biosynthesis III (fungi)|g__Parabacteroides.s__Parabacteroides_distasonis",0.467314560605233,9.48141853372678e-08,6.91792389312657e-07
"PWY-6124: inosine-5'-phosphate biosynthesis II|g__Parabacteroides.s__Parabacteroides_distasonis",0.427411300503,9.93298629114895e-08,7.22308097077845e-07
"PWY-6386: UDP-N-acetylmuramoyl-pentapeptide biosynthesis II (lysine-containing)|g__Parabacteroides.s__Parabacteroides_distasonis",0.481431442787123,1.00890469911907e-07,7.31202837120745e-07
"PWY-2942: L-lysine biosynthesis III|g__Bacteroides.s__Bacteroides_caccae",0.562574286713546,1.04198459443634e-07,7.5060601844109e-07
"HSERMETANA-PWY: L-methionine biosynthesis III|g__Parabacteroides.s__Parabacteroides_distasonis",0.47098197410548,1.04260457568421e-07,7.5060601844109e-07
"PYRIDOXSYN-PWY: pyridoxal 5'-phosphate biosynthesis I|g__Bacteroides.s__Bacteroides_caccae",0.622868177620251,1.16095920325505e-07,8.27829416095227e-07
"PWY4FS-7: phosphatidylglycerol biosynthesis I (plastidic)",0.197858640519433,1.16025668044758e-07,8.27829416095227e-07
"PWY4FS-8: phosphatidylglycerol biosynthesis II (non-plastidic)",0.197852055108199,1.16132968386225e-07,8.27829416095227e-07
"RIBOSYN2-PWY: flavin biosynthesis I (bacteria and plants)|g__Faecalibacterium.s__Faecalibacterium_prausnitzii",-0.336586842424176,1.17355917504925e-07,8.33804174534994e-07
"NONOXIPENT-PWY: pentose phosphate pathway (non-oxidative branch)|g__Parabacteroides.s__Parabacteroides_distasonis",0.430937995009982,1.18937237274927e-07,8.42277755473096e-07
"PWY-6387: UDP-N-acetylmuramoyl-pentapeptide biosynthesis I (meso-diaminopimelate containing)|g__Bacteroides.s__Bacteroides_fragilis",0.356756227576721,1.24524518535005e-07,8.78972741580962e-07
"PWY-6478: GDP-D-glycero-&alpha;-D-manno-heptose biosynthesis",0.792254513988676,1.29470887838931e-07,9.10920175152477e-07
"PWY-6123: inosine-5'-phosphate biosynthesis I|g__Faecalibacterium.s__Faecalibacterium_prausnitzii",-0.387894001645287,1.33371305961944e-07,9.32342103226358e-07
"ARO-PWY: chorismate biosynthesis I|g__Parabacteroides.s__Parabacteroides_distasonis",0.486307226176076,1.3337611998162e-07,9.32342103226358e-07
"PWY-7221: guanosine ribonucleotides de novo biosynthesis|g__Faecalibacterium.s__Faecalibacterium_prausnitzii",-0.346995577792504,1.40980540070839e-07,9.82330644159187e-07
"PHOSLIPSYN-PWY: superpathway of phospholipid biosynthesis I (bacteria)",0.171440313854207,1.47130041676786e-07,1.02189359074871e-06
"PWY-5097: L-lysine biosynthesis VI|g__Parabacteroides.s__Parabacteroides_distasonis",0.462985695359456,1.53583745364208e-07,1.06330982812856e-06
"PWY-6147: 6-hydroxymethyl-dihydropterin diphosphate biosynthesis I|g__Parabacteroides.s__Parabacteroides_distasonis",0.465768255437864,1.60426745464888e-07,1.10714890898857e-06
"PWY-6121: 5-aminoimidazole ribonucleotide biosynthesis I|g__Parabacteroides.s__Parabacteroides_distasonis",0.474775286940802,1.64475330921534e-07,1.13148584795862e-06
"PWY66-422: D-galactose degradation V (Leloir pathway)|g__Faecalibacterium.s__Faecalibacterium_prausnitzii",-0.339605962576734,1.76354400494093e-07,1.20936704389462e-06
"PWY0-1296: purine ribonucleosides degradation|g__Faecalibacterium.s__Faecalibacterium_prausnitzii",-0.372910342281568,1.831587635312e-07,1.25206637404451e-06
"PWY-7228: superpathway of guanosine nucleotides de novo biosynthesis I",0.160510307660284,1.89363563504195e-07,1.29041145318739e-06
"PWY-5154: L-arginine biosynthesis III (via N-acetyl-L-citrulline)|unclassified",0.197489391425442,1.93876441391067e-07,1.31702272255311e-06
"PWY-6163: chorismate biosynthesis from 3-dehydroquinate|g__Parabacteroides.s__Parabacteroides_distasonis",0.501550602469908,2.18586420198515e-07,1.48023991428182e-06
"PWY-6572: chondroitin sulfate degradation I (bacterial)",0.675822730522513,2.23773287218695e-07,1.51064396698726e-06
"THISYN-PWY: superpathway of thiamin diphosphate biosynthesis I|unclassified",0.471683949114047,2.31897297116395e-07,1.56062559891685e-06
"PWY-6700: queuosine biosynthesis|g__Faecalibacterium.s__Faecalibacterium_prausnitzii",-0.36594568750103,2.67062738304455e-07,1.79171812354723e-06
"PWY-7229: superpathway of adenosine nucleotides de novo biosynthesis I",0.0745835732762383,2.72845272098502e-07,1.82486328591807e-06
"THRESYN-PWY: superpathway of L-threonine biosynthesis",0.104868609320689,2.81430102801597e-07,1.87648933160327e-06
"PWY-7323: superpathway of GDP-mannose-derived O-antigen building blocks biosynthesis|unclassified",0.408502468760348,2.84612896934735e-07,1.89189002348948e-06
"HISTSYN-PWY: L-histidine biosynthesis|g__Parabacteroides.s__Parabacteroides_distasonis",0.457598017104955,2.87694768675247e-07,1.90652771779591e-06
"HSERMETANA-PWY: L-methionine biosynthesis III|g__Bacteroides.s__Bacteroides_fragilis",0.360189468416803,2.95437220924561e-07,1.95186724921806e-06
"PWY-6125: superpathway of guanosine nucleotides de novo biosynthesis II",0.151310541881171,3.04524624848799e-07,2.00578985424726e-06
"GLUCONEO-PWY: gluconeogenesis I|unclassified",0.270382707859812,3.08635559967241e-07,2.02670684378488e-06
"PWY-5104: L-isoleucine biosynthesis IV|unclassified",0.303201595308293,3.17886186798546e-07,2.08114612324003e-06
"PWY-1042: glycolysis IV (plant cytosol)|g__Bacteroides.s__Bacteroides_fragilis",0.326424829969754,3.21392867932214e-07,2.09776609882262e-06
"PWY-6936: seleno-amino acid biosynthesis|unclassified",0.335140216272754,3.46994737474097e-07,2.25807085917828e-06
"PWY-6126: superpathway of adenosine nucleotides de novo biosynthesis II|g__Parabacteroides.s__Parabacteroides_distasonis",0.471895105327303,3.57845965401699e-07,2.31478270753875e-06
"PWY0-1241: ADP-L-glycero-&beta;-D-manno-heptose biosynthesis|unclassified",0.629559687321831,3.56857966598519e-07,2.31478270753875e-06
"THISYN-PWY: superpathway of thiamin diphosphate biosynthesis I",0.128437942210761,3.59178452681905e-07,2.31648722310026e-06
"PWY-7229: superpathway of adenosine nucleotides de novo biosynthesis I|g__Parabacteroides.s__Parabacteroides_distasonis",0.473410858987889,3.72685195284692e-07,2.39646533585142e-06
"PANTOSYN-PWY: pantothenate and coenzyme A biosynthesis I|g__Bacteroides.s__Bacteroides_caccae",0.601731249136511,3.99226715833368e-07,2.55953932902635e-06
"PWY0-1297: superpathway of purine deoxyribonucleosides degradation|unclassified",0.294300664194662,4.04185186793976e-07,2.583685250096e-06
"COA-PWY-1: coenzyme A biosynthesis II (mammalian)|unclassified",-0.276711765086273,4.33912102022483e-07,2.76555154436095e-06
"COA-PWY: coenzyme A biosynthesis I|g__Faecalibacterium.s__Faecalibacterium_prausnitzii",-0.333716995894252,4.41375838111911e-07,2.80487226154989e-06
"PWY-7221: guanosine ribonucleotides de novo biosynthesis|unclassified",-0.269736428597637,4.86865073921055e-07,3.0849023835875e-06
"UNINTEGRATED|g__Gemmiger.s__Gemmiger_formicilis",-0.549626641715128,5.38636113986993e-07,3.40298676096156e-06
"PWY-6151: S-adenosyl-L-methionine cycle I|g__Faecalibacterium.s__Faecalibacterium_prausnitzii",-0.33242935741626,5.88306920180603e-07,3.70599155823072e-06
"POLYISOPRENSYN-PWY: polyisoprenoid biosynthesis (E. coli)",0.299416353252797,6.24012767448375e-07,3.9195236726395e-06
"PWY-7229: superpathway of adenosine nucleotides de novo biosynthesis I|g__Bacteroides.s__Bacteroides_caccae",0.580804713780721,6.55281252517115e-07,4.1040302722676e-06
"PWY-6936: seleno-amino acid biosynthesis",0.171093195672055,6.67821934434779e-07,4.17051911216186e-06
"UDPNAGSYN-PWY: UDP-N-acetyl-D-glucosamine biosynthesis I",0.210221580571504,6.8470980764306e-07,4.26369584242101e-06
"PWY-6700: queuosine biosynthesis|unclassified",-0.302889433125733,7.18061543839919e-07,4.45856551719514e-06
"PWY-5973: cis-vaccenate biosynthesis",0.116040623013328,7.37689531357874e-07,4.5673520412929e-06
"PWY-5686: UMP biosynthesis|g__Bacteroides.s__Bacteroides_caccae",0.586342073212946,7.39880092871341e-07,4.56786370727121e-06
"COA-PWY-1: coenzyme A biosynthesis II (mammalian)|g__Bacteroides.s__Bacteroides_caccae",0.557176410332886,7.58855697983684e-07,4.65847109782052e-06
"PWY-6126: superpathway of adenosine nucleotides de novo biosynthesis II|g__Bacteroides.s__Bacteroides_caccae",0.569168524123882,7.568083308906e-07,4.65847109782052e-06
"PWY-7219: adenosine ribonucleotides de novo biosynthesis|unclassified",-0.284290559289167,8.00121314531322e-07,4.89791776437677e-06
"PWY-1042: glycolysis IV (plant cytosol)|g__Bacteroides.s__Bacteroides_fragilis_CAG_47",0.391984216133595,8.56699092702625e-07,5.22948432080729e-06
"PWY-6700: queuosine biosynthesis|g__Parabacteroides.s__Parabacteroides_distasonis",0.446311500084033,8.88689059210722e-07,5.40952020030796e-06
"PWY-5097: L-lysine biosynthesis VI|g__Bacteroides.s__Bacteroides_caccae",0.540823454049442,1.00486307213644e-06,6.09954699529316e-06
"PWY-7539: 6-hydroxymethyl-dihydropterin diphosphate biosynthesis III (Chlamydia)|g__Parabacteroides.s__Parabacteroides_distasonis",0.43959912304688,1.12272184409739e-06,6.77698673024803e-06
"PWY-4242: pantothenate and coenzyme A biosynthesis III|g__Bacteroides.s__Bacteroides_thetaiotaomicron",0.744825936888577,1.11993019639631e-06,6.77698673024803e-06
"BRANCHED-CHAIN-AA-SYN-PWY: superpathway of branched amino acid biosynthesis",0.0846226837547079,1.13384098588077e-06,6.82509282334343e-06
"PWY-7371: 1,4-dihydroxy-6-naphthoate biosynthesis II",0.510481997462292,1.30075605081511e-06,7.80813950724747e-06
"HISTSYN-PWY: L-histidine biosynthesis|g__Faecalibacterium.s__Faecalibacterium_prausnitzii",-0.343129426639208,1.31392736726627e-06,7.86541603554147e-06
"HISTSYN-PWY: L-histidine biosynthesis|g__Bacteroides.s__Bacteroides_fragilis",0.321893649722864,1.45962357683106e-06,8.71351044350664e-06
"PWY-6168: flavin biosynthesis III (fungi)|g__Faecalibacterium.s__Faecalibacterium_prausnitzii",-0.327355621510361,1.56987118225518e-06,9.34590893392028e-06
"PWY0-1296: purine ribonucleosides degradation|unclassified",-0.348868268462506,1.61982238774148e-06,9.61686332667338e-06
"PWY-6126: superpathway of adenosine nucleotides de novo biosynthesis II",0.0786496621636022,1.62568668712869e-06,9.62530888253516e-06
"PWY-7219: adenosine ribonucleotides de novo biosynthesis|g__Bacteroides.s__Bacteroides_caccae",0.590271192024369,1.82364948723031e-06,1.06806714562921e-05
"PWY-5667: CDP-diacylglycerol biosynthesis I|g__Parabacteroides.s__Parabacteroides_distasonis",0.4441921004064,1.81695919983093e-06,1.06806714562921e-05
"PWY0-1319: CDP-diacylglycerol biosynthesis II|g__Parabacteroides.s__Parabacteroides_distasonis",0.4441921004064,1.81695919983093e-06,1.06806714562921e-05
"P42-PWY: incomplete reductive TCA cycle",0.480861435025669,1.82070399881019e-06,1.06806714562921e-05
"PWY-4242: pantothenate and coenzyme A biosynthesis III|g__Parabacteroides.s__Parabacteroides_distasonis",0.452952554743384,1.85549471029229e-06,1.08378895881493e-05
"COMPLETE-ARO-PWY: superpathway of aromatic amino acid biosynthesis|g__Parabacteroides.s__Parabacteroides_distasonis",0.459338359830728,1.90604528970606e-06,1.11032261903038e-05
"PWY-1042: glycolysis IV (plant cytosol)|g__Bacteroides.s__Bacteroides_caccae",0.560476287608791,2.01472500817007e-06,1.17048501144894e-05
"PWY-1861: formaldehyde assimilation II (RuMP Cycle)",0.764637715727791,2.24400192963032e-06,1.30020111805051e-05
"TRNA-CHARGING-PWY: tRNA charging|unclassified",-0.32376488814884,2.4177417891911e-06,1.39713238858056e-05
"PWY-7315: dTDP-N-acetylthomosamine biosynthesis",0.517157518652033,2.90960551948544e-06,1.67689232998004e-05
"PWY-2941: L-lysine biosynthesis II",0.286056391760834,3.37778372358209e-06,1.9415536681704e-05
"PWY-5103: L-isoleucine biosynthesis III",0.0857918024459454,3.39658877826452e-06,1.94719785251302e-05
"COA-PWY-1: coenzyme A biosynthesis II (mammalian)|g__Faecalibacterium.s__Faecalibacterium_prausnitzii",-0.308657931946573,3.47907618971588e-06,1.98922377390879e-05
"DENOVOPURINE2-PWY: superpathway of purine nucleotides de novo biosynthesis II",0.0999694959972071,4.1078652543764e-06,2.34256421216675e-05
"PWY-6891: thiazole biosynthesis II (Bacillus)|unclassified",0.386578213398632,4.95781379839481e-06,2.81364321464203e-05
"PWY-7111: pyruvate fermentation to isobutanol (engineered)|g__Bacteroides.s__Bacteroides_fragilis_CAG_47",0.281299163599363,4.95990635899057e-06,2.81364321464203e-05
"PWY-6703: preQ0 biosynthesis|g__Bacteroides.s__Bacteroides_caccae",0.546987586728848,5.00907920875912e-06,2.8341187063658e-05
"PWY-7199: pyrimidine deoxyribonucleosides salvage|g__Bacteroides.s__Bacteroides_caccae",0.53223526837464,5.09814109658792e-06,2.87699785320469e-05
"PWY-6892: thiazole biosynthesis I (E. coli)|unclassified",0.348479883089282,5.70847870601072e-06,3.21305801452603e-05
"PWY-2942: L-lysine biosynthesis III|g__Bacteroides.s__Bacteroides_fragilis",0.368290686104663,5.86490105073649e-06,3.2925493722658e-05
"PWY-841: superpathway of purine nucleotides de novo biosynthesis I",0.104922735331938,6.06605437591289e-06,3.396676959329e-05
"OANTIGEN-PWY: O-antigen building blocks biosynthesis (E. coli)",0.152978319752165,7.28987979232361e-06,4.0714354407127e-05
"PWY-5695: urate biosynthesis/inosine 5'-phosphate degradation|g__Bacteroides.s__Bacteroides_caccae",0.547446462047238,7.60142264794154e-06,4.23452002007437e-05
"PWY-5177: glutaryl-CoA degradation",0.286472094639019,7.89978053467249e-06,4.38944215862443e-05
"PWY-6163: chorismate biosynthesis from 3-dehydroquinate|g__Bacteroides.s__Bacteroides_thetaiotaomicron",0.668406263382233,8.08670276771055e-06,4.48181199427845e-05
"PWY-5188: tetrapyrrole biosynthesis I (from glutamate)",0.207394552843799,8.2089017705583e-06,4.5379311573469e-05
"CALVIN-PWY: Calvin-Benson-Bassham cycle|g__Roseburia.s__Roseburia_inulinivorans",0.477534458945681,8.68518193764954e-06,4.78900490048004e-05
"PWY-6609: adenine and adenosine salvage III|g__Bacteroides.s__Bacteroides_fragilis_CAG_47",0.297644567123045,9.32200579189417e-06,5.12710318554179e-05
"PWY-6859: all-trans-farnesol biosynthesis",0.297436698245813,9.40139234548274e-06,5.15767524371167e-05
"PWY-3841: folate transformations II|unclassified",-0.230960165393739,9.45196100971074e-06,5.17232310809171e-05
"PWY-7184: pyrimidine deoxyribonucleotides de novo biosynthesis I",0.137140615920525,1.03420312249782e-05,5.64513392053598e-05
"COA-PWY-1: coenzyme A biosynthesis II (mammalian)|g__Bacteroides.s__Bacteroides_thetaiotaomicron",0.625926780336503,1.19473092351286e-05,6.50497967651348e-05
"ARGSYNBSUB-PWY: L-arginine biosynthesis II (acetyl cycle)|unclassified",-0.238635005156465,1.22541035854385e-05,6.65529886457271e-05
"RIBOSYN2-PWY: flavin biosynthesis I (bacteria and plants)|g__Bacteroides.s__Bacteroides_caccae",0.578021119392828,1.23783713992439e-05,6.70598270554037e-05
"ARGININE-SYN4-PWY: L-ornithine de novo  biosynthesis|g__Bacteroides.s__Bacteroides_caccae",0.571132507563497,1.2878795366617e-05,6.95968816944117e-05
"COA-PWY: coenzyme A biosynthesis I|g__Bacteroides.s__Bacteroides_caccae",0.525445537707283,1.29925559611806e-05,7.00369869847722e-05
"PWY-6507: 4-deoxy-L-threo-hex-4-enopyranuronate degradation|unclassified",0.247609323789603,1.33213200109721e-05,7.16310185205375e-05
"PWY-5973: cis-vaccenate biosynthesis|g__Bacteroides.s__Bacteroides_thetaiotaomicron",0.650521616949089,1.33648171105022e-05,7.16870264318271e-05
"TRNA-CHARGING-PWY: tRNA charging|g__Bacteroides.s__Bacteroides_thetaiotaomicron",0.575763345422375,1.37057779997875e-05,7.33343726556531e-05
"PWY-7663: gondoate biosynthesis (anaerobic)|g__Bacteroides.s__Bacteroides_thetaiotaomicron",0.667487276126256,1.4386262172591e-05,7.67857884926226e-05
"PANTOSYN-PWY: pantothenate and coenzyme A biosynthesis I|g__Bacteroides.s__Bacteroides_thetaiotaomicron",0.658429034918013,1.44673994230692e-05,7.7029126657963e-05
"ILEUSYN-PWY: L-isoleucine biosynthesis I (from threonine)|g__Gemmiger.s__Gemmiger_formicilis",-0.49109478716,1.63567811019518e-05,8.68753545292391e-05
"PWY-5686: UMP biosynthesis|unclassified",-0.239916296740324,1.72071971714391e-05,9.1168695037918e-05
"COA-PWY: coenzyme A biosynthesis I|g__Bacteroides.s__Bacteroides_thetaiotaomicron",0.620889622338872,1.73493446074643e-05,9.16976335716469e-05
"PWY-7111: pyruvate fermentation to isobutanol (engineered)|g__Gemmiger.s__Gemmiger_formicilis",-0.442777060410103,1.77788015063676e-05,9.37388390858844e-05
"PWY-6147: 6-hydroxymethyl-dihydropterin diphosphate biosynthesis I|unclassified",0.0878536828453833,1.86680209836607e-05,9.81883530863901e-05
"PWY-7219: adenosine ribonucleotides de novo biosynthesis|g__Eubacterium.s__Eubacterium_sp_CAG_180",0.48853792224346,1.87901064393457e-05,9.85911880243633e-05
"HISTSYN-PWY: L-histidine biosynthesis|unclassified",-0.235069575228458,1.9199169578226e-05,0.000100494204048347
"PWY-5097: L-lysine biosynthesis VI|g__Bacteroides.s__Bacteroides_thetaiotaomicron",0.664282676511142,1.95517733385962e-05,0.00010209323572226
"PEPTIDOGLYCANSYN-PWY: peptidoglycan biosynthesis I (meso-diaminopimelate containing)|unclassified",-0.248358880624758,1.9881776443657e-05,0.000103334377571807
"PWY-3841: folate transformations II|g__Bacteroides.s__Bacteroides_fragilis",0.305008681468636,1.98848340781927e-05,0.000103334377571807
"PWY-6387: UDP-N-acetylmuramoyl-pentapeptide biosynthesis I (meso-diaminopimelate containing)|unclassified",-0.243845250989158,2.02312167134052e-05,0.000104882886645811
"PYRIDOXSYN-PWY: pyridoxal 5'-phosphate biosynthesis I|g__Bacteroides.s__Bacteroides_thetaiotaomicron",0.662406564331678,2.08698343290943e-05,0.000107935396160256
"PWY-7220: adenosine deoxyribonucleotides de novo biosynthesis II|g__Faecalibacterium.s__Faecalibacterium_prausnitzii",-0.24023327608738,2.16073989027997e-05,0.000111219081763342
"PWY-7222: guanosine deoxyribonucleotides de novo biosynthesis II|g__Faecalibacterium.s__Faecalibacterium_prausnitzii",-0.24023327608738,2.16073989027997e-05,0.000111219081763342
"PWY-1042: glycolysis IV (plant cytosol)|g__Roseburia.s__Roseburia_inulinivorans",0.50413972428923,2.27352198623329e-05,0.000116746970240937
"CALVIN-PWY: Calvin-Benson-Bassham cycle",0.0824985190176401,2.38589729798931e-05,0.000122227882854441
"TRNA-CHARGING-PWY: tRNA charging|g__Bacteroides.s__Bacteroides_caccae",0.509038800489898,2.40990900642372e-05,0.000123166811719816
"PWY-6317: galactose degradation I (Leloir pathway)|g__Faecalibacterium.s__Faecalibacterium_prausnitzii",-0.409979506404907,2.79539999315924e-05,0.000142532512592378
"BRANCHED-CHAIN-AA-SYN-PWY: superpathway of branched amino acid biosynthesis|g__Gemmiger.s__Gemmiger_formicilis",-0.462163307229438,2.89746923637493e-05,0.000147390043080387
"PWY-6121: 5-aminoimidazole ribonucleotide biosynthesis I|g__Bacteroides.s__Bacteroides_caccae",0.501207609398441,2.94631639300314e-05,0.000149523831935312
"PWY-6163: chorismate biosynthesis from 3-dehydroquinate|g__Bacteroides.s__Bacteroides_caccae",0.503823373594896,3.03064192240825e-05,0.000153443949669595
"DTDPRHAMSYN-PWY: dTDP-L-rhamnose biosynthesis I|g__Bacteroides.s__Bacteroides_caccae",0.657520801351319,3.13155045082715e-05,0.000158183445849474
"PWY0-845: superpathway of pyridoxal 5'-phosphate biosynthesis and salvage|g__Parabacteroides.s__Parabacteroides_distasonis",0.439735867627179,3.20381428982918e-05,0.000161457338745577
"PWY-1042: glycolysis IV (plant cytosol)|g__Roseburia.s__Roseburia_inulinivorans_CAG_15",0.401584029193725,3.27803143260772e-05,0.000164814248595381
"PWY-6386: UDP-N-acetylmuramoyl-pentapeptide biosynthesis II (lysine-containing)|g__Bacteroides.s__Bacteroides_thetaiotaomicron",0.67011197459028,3.29874843235305e-05,0.000165089788750786
"PWY-6700: queuosine biosynthesis|g__Roseburia.s__Roseburia_inulinivorans_CAG_15",0.358740199380683,3.29665510918728e-05,0.000165089788750786
"HISDEG-PWY: L-histidine degradation I|g__Bacteroides.s__Bacteroides_fragilis",0.215779532309546,3.73415129869043e-05,0.000186449443877009
"PWY-7220: adenosine deoxyribonucleotides de novo biosynthesis II",0.114416799256596,3.77333154164269e-05,0.00018711234441052
"PWY-7222: guanosine deoxyribonucleotides de novo biosynthesis II",0.114416799256596,3.77333154164269e-05,0.00018711234441052
"PANTO-PWY: phosphopantothenate biosynthesis I|g__Bacteroides.s__Bacteroides_thetaiotaomicron",0.547811820038339,3.76880592030913e-05,0.00018711234441052
"PWY-6608: guanosine nucleotides degradation III|g__Bacteroides.s__Bacteroides_caccae",0.498001850977135,3.82968724091179e-05,0.000189473339065202
"1CMET2-PWY: N10-formyl-tetrahydrofolate biosynthesis|g__Bacteroides.s__Bacteroides_caccae",0.521825749186205,4.01487818112056e-05,0.000197780491432861
"PWY-5103: L-isoleucine biosynthesis III|g__Gemmiger.s__Gemmiger_formicilis",-0.448514685768077,4.01584754178398e-05,0.000197780491432861
"UNINTEGRATED|g__Lachnospira.s__Lachnospira_pectinoschiza",-0.411763965722037,4.15558221823607e-05,0.000204198337118312
"HISTSYN-PWY: L-histidine biosynthesis|g__Roseburia.s__Roseburia_inulinivorans_CAG_15",0.405880188527347,4.17067945566349e-05,0.000204476524443954
"PWY-3841: folate transformations II|g__Bacteroides.s__Bacteroides_caccae",0.481856158833307,4.40440093418e-05,0.00021544778384578
"PWY-6125: superpathway of guanosine nucleotides de novo biosynthesis II|g__Bacteroides.s__Bacteroides_caccae",0.477437736826382,4.43787649357006e-05,0.000216596359494737
"PYRIDOXSYN-PWY: pyridoxal 5'-phosphate biosynthesis I|g__Parabacteroides.s__Parabacteroides_distasonis",0.430991944928142,4.50368040113084e-05,0.0002193140545899
"PWY-6892: thiazole biosynthesis I (E. coli)|g__Bacteroides.s__Bacteroides_caccae",0.488576784397018,4.63489488426893e-05,0.000225197695385892
"PWY-6700: queuosine biosynthesis|g__Bacteroides.s__Bacteroides_fragilis_CAG_47",0.24920701488037,5.22964930360666e-05,0.000253526846552923
"PWY0-845: superpathway of pyridoxal 5'-phosphate biosynthesis and salvage|g__Bacteroides.s__Bacteroides_thetaiotaomicron",0.616228460355128,5.515928355931e-05,0.000266808409538002
"PWY-1269: CMP-3-deoxy-D-manno-octulosonate biosynthesis I|g__Bacteroides.s__Bacteroides_caccae",0.452300317612903,5.80000082006703e-05,0.000279924315748001
"PWY66-409: superpathway of purine nucleotide salvage",0.434368907118223,6.02499951385099e-05,0.000290137198811446
"PWY-6737: starch degradation V|g__Eubacterium.s__Eubacterium_sp_CAG_180",0.518084533691204,6.08148853977106e-05,0.000291762855870839
"DTDPRHAMSYN-PWY: dTDP-L-rhamnose biosynthesis I|g__Bacteroides.s__Bacteroides_fragilis_CAG_47",0.447189096156623,6.08568578004704e-05,0.000291762855870839
"VALSYN-PWY: L-valine biosynthesis|g__Bacteroides.s__Bacteroides_fragilis",0.314727146188067,6.38553873903062e-05,0.000305462747184975
"HISTSYN-PWY: L-histidine biosynthesis|g__Bacteroides.s__Bacteroides_thetaiotaomicron",0.566857071199719,6.49192484111123e-05,0.000309867866314714
"PWY-7219: adenosine ribonucleotides de novo biosynthesis|g__Bacteroides.s__Bacteroides_thetaiotaomicron",0.547140651896036,6.5273125713325e-05,0.000310872227298407
"PWY-5030: L-histidine degradation III|g__Bacteroides.s__Bacteroides_thetaiotaomicron",0.586146632036099,7.17294110482952e-05,0.000340872003819421
"PWY-5667: CDP-diacylglycerol biosynthesis I|g__Faecalibacterium.s__Faecalibacterium_prausnitzii",-0.314080594991329,7.23092871459927e-05,0.000342127129356694
"PWY0-1319: CDP-diacylglycerol biosynthesis II|g__Faecalibacterium.s__Faecalibacterium_prausnitzii",-0.314080594991329,7.23092871459927e-05,0.000342127129356694
"PWY0-162: superpathway of pyrimidine ribonucleotides de novo biosynthesis|g__Bacteroides.s__Bacteroides_thetaiotaomicron",0.613173113474252,7.25347940724923e-05,0.000342446402516538
"UNINTEGRATED|g__Lachnospiraceae_unclassified.s__Eubacterium_rectale",-0.267258136890525,7.37783126037368e-05,0.000347560007418038
"PWY-6609: adenine and adenosine salvage III|g__Bacteroides.s__Bacteroides_fragilis",0.245809164013827,7.8034862396864e-05,0.000366814635171376
"PWY-7208: superpathway of pyrimidine nucleobases salvage",0.115567782027664,8.12789660416987e-05,0.000381237055005111
"RHAMCAT-PWY: L-rhamnose degradation I|g__Bacteroides.s__Bacteroides_uniformis",0.434549761375222,8.34385740025013e-05,0.000390521360396156
"ARGININE-SYN4-PWY: L-ornithine de novo  biosynthesis|g__Bacteroides.s__Bacteroides_fragilis",0.232216277719859,8.53239497772141e-05,0.000398484911998325
"VALSYN-PWY: L-valine biosynthesis|g__Bacteroides.s__Bacteroides_fragilis_CAG_47",0.300757934283864,8.60630338387774e-05,0.000401072245868023
"PANTO-PWY: phosphopantothenate biosynthesis I|g__Bacteroides.s__Bacteroides_caccae",0.506796310900005,8.68555463649963e-05,0.000403896929126496
"P108-PWY: pyruvate fermentation to propanoate I",0.250056083342848,8.75520181904609e-05,0.00040626386171034
"PWY-4242: pantothenate and coenzyme A biosynthesis III|unclassified",-0.241168823791912,8.82474764856319e-05,0.000408615986205907
"PWY-2942: L-lysine biosynthesis III|g__Bacteroides.s__Bacteroides_thetaiotaomicron",0.593411857085612,8.96925908668644e-05,0.000414421843088476
"CALVIN-PWY: Calvin-Benson-Bassham cycle|g__Roseburia.s__Roseburia_inulinivorans_CAG_15",0.400169267677423,9.25763992181289e-05,0.000426836291714224
"GLYCOGENSYNTH-PWY: glycogen biosynthesis I (from ADP-D-Glucose)|unclassified",0.193544437029234,9.3105595424317e-05,0.000428364809521221
"1CMET2-PWY: N10-formyl-tetrahydrofolate biosynthesis|g__Bacteroides.s__Bacteroides_uniformis",0.313057383861834,9.63022699871249e-05,0.000442133514962076
"PWY-6387: UDP-N-acetylmuramoyl-pentapeptide biosynthesis I (meso-diaminopimelate containing)|g__Faecalibacterium.s__Faecalibacterium_prausnitzii",-0.302792883665207,9.72215484042143e-05,0.000443534937667226
"PWY-5667: CDP-diacylglycerol biosynthesis I|g__Bacteroides.s__Bacteroides_caccae",0.482511932913369,9.71463883806405e-05,0.000443534937667226
"PWY0-1319: CDP-diacylglycerol biosynthesis II|g__Bacteroides.s__Bacteroides_caccae",0.482511932913369,9.71463883806405e-05,0.000443534937667226
"PWY-7111: pyruvate fermentation to isobutanol (engineered)|g__Eubacterium.s__Eubacterium_sp_CAG_180",0.458784745609698,9.91858901123882e-05,0.000451545848473834
"VALSYN-PWY: L-valine biosynthesis|g__Eubacterium.s__Eubacterium_sp_CAG_180",0.45789722980112,0.000100142805080562,0.000454145860539762
"PWY-5100: pyruvate fermentation to acetate and lactate II|g__Roseburia.s__Roseburia_inulinivorans",0.501228022597808,0.000100176151978775,0.000454145860539762
"PWY-6386: UDP-N-acetylmuramoyl-pentapeptide biosynthesis II (lysine-containing)|unclassified",-0.223417210148457,0.000103048468898915,0.000466192133828704
"PWY-6122: 5-aminoimidazole ribonucleotide biosynthesis II|g__Eubacterium.s__Eubacterium_sp_CAG_180",0.451991063493493,0.000104090797646575,0.00046894960187137
"PWY-6277: superpathway of 5-aminoimidazole ribonucleotide biosynthesis|g__Eubacterium.s__Eubacterium_sp_CAG_180",0.451991063493493,0.000104090797646575,0.00046894960187137
"PWY-6147: 6-hydroxymethyl-dihydropterin diphosphate biosynthesis I|g__Bacteroides.s__Bacteroides_fragilis",0.396109169569653,0.000108294031401238,0.000486873788478179
"PWY0-1061: superpathway of L-alanine biosynthesis",0.301180297125096,0.000109984511375284,0.000493450178364888
"PWY-1269: CMP-3-deoxy-D-manno-octulosonate biosynthesis I|g__Bacteroides.s__Bacteroides_thetaiotaomicron",0.579064105092051,0.000115024326654465,0.000514995280702946
"ILEUSYN-PWY: L-isoleucine biosynthesis I (from threonine)|g__Roseburia.s__Roseburia_inulinivorans",0.456008849073685,0.000120737400003215,0.000539459682076221
"PWY-5667: CDP-diacylglycerol biosynthesis I|unclassified",-0.253437229578964,0.000122545348420414,0.000545664216063235
"PWY0-1319: CDP-diacylglycerol biosynthesis II|unclassified",-0.253419949265152,0.00012262966000129,0.000545664216063235
"PWY-6386: UDP-N-acetylmuramoyl-pentapeptide biosynthesis II (lysine-containing)|g__Faecalibacterium.s__Faecalibacterium_prausnitzii",-0.300811087179798,0.000124758128860785,0.000553997674674836
"BRANCHED-CHAIN-AA-SYN-PWY: superpathway of branched amino acid biosynthesis|g__Roseburia.s__Roseburia_inulinivorans",0.409848634544774,0.00012652598950446,0.000560699016883774
"COA-PWY: coenzyme A biosynthesis I|unclassified",-0.237290760087642,0.000127292106208921,0.000562942845213737
"PWY-5097: L-lysine biosynthesis VI|g__Faecalibacterium.s__Faecalibacterium_prausnitzii",-0.309198740783451,0.000130626168821798,0.000576511013924312
"PWY0-1586: peptidoglycan maturation (meso-diaminopimelate containing)|g__Bacteroides.s__Bacteroides_thetaiotaomicron",0.620805822160239,0.000131808496459356,0.000580546772006962
"PWY-5103: L-isoleucine biosynthesis III|g__Roseburia.s__Roseburia_inulinivorans",0.404305297047062,0.00013398043005993,0.000588916007991618
"SER-GLYSYN-PWY: superpathway of L-serine and glycine biosynthesis I|g__Bacteroides.s__Bacteroides_fragilis",0.264438279135617,0.000136411571116819,0.000598388410141999
"PWY-3841: folate transformations II|g__Bacteroides.s__Bacteroides_thetaiotaomicron",0.544883727338579,0.00013861271083909,0.000606815645228906
"RHAMCAT-PWY: L-rhamnose degradation I|g__Bacteroides.s__Bacteroides_thetaiotaomicron",0.513555578508766,0.000142174052778916,0.000621151557201434
"HISTSYN-PWY: L-histidine biosynthesis|g__Roseburia.s__Roseburia_inulinivorans",0.366177562469429,0.000146962836400597,0.000640781622696364
"DTDPRHAMSYN-PWY: dTDP-L-rhamnose biosynthesis I|g__Bacteroides.s__Bacteroides_thetaiotaomicron",0.710498799759188,0.000147275958981244,0.000640857435968585
"PWY-6163: chorismate biosynthesis from 3-dehydroquinate|unclassified",-0.220575398175179,0.000151236334984895,0.000656771819463462
"PWY-7228: superpathway of guanosine nucleotides de novo biosynthesis I|g__Bacteroides.s__Bacteroides_fragilis_CAG_47",0.280298790884951,0.000160758495542004,0.000696727319679044
"PPGPPMET-PWY: ppGpp biosynthesis|unclassified",0.216388501673015,0.000161517156487098,0.000698618119975133
"PWY-7221: guanosine ribonucleotides de novo biosynthesis|g__Bacteroides.s__Bacteroides_fragilis_CAG_47",0.263586498747969,0.000162375829343877,0.000700933111928647
"PWY-6385: peptidoglycan biosynthesis III (mycobacteria)|g__Bacteroides.s__Bacteroides_thetaiotaomicron",0.611920718348782,0.000163150691356483,0.000702877829362819
"PWY-5695: urate biosynthesis/inosine 5'-phosphate degradation|g__Faecalibacterium.s__Faecalibacterium_prausnitzii",-0.380924708336144,0.000173788306547605,0.000747220754540991
"PWY-6385: peptidoglycan biosynthesis III (mycobacteria)|unclassified",-0.214490230338234,0.000188500353362239,0.000807273252442634
"PWY-7228: superpathway of guanosine nucleotides de novo biosynthesis I|g__Bacteroides.s__Bacteroides_caccae",0.452582505437871,0.000188313562236914,0.000807273252442634
"PWY-7221: guanosine ribonucleotides de novo biosynthesis|g__Eubacterium.s__Eubacterium_sp_CAG_180",0.496822989712839,0.000190503051028007,0.00081424085123805
"PWY-6703: preQ0 biosynthesis|g__Bacteroides.s__Bacteroides_thetaiotaomicron",0.581964296412291,0.000191142211547663,0.000815364512645247
"PWY-6123: inosine-5'-phosphate biosynthesis I|g__Bacteroides.s__Bacteroides_caccae",0.500506951849338,0.000205981689095993,0.000876939725483333
"1CMET2-PWY: N10-formyl-tetrahydrofolate biosynthesis|g__Bacteroides.s__Bacteroides_thetaiotaomicron",0.625632612982775,0.00021281924093858,0.000904273127674319
"PWY-5667: CDP-diacylglycerol biosynthesis I|g__Bacteroides.s__Bacteroides_fragilis",0.337500117152135,0.000221495483089859,0.000935634915898097
"PWY0-1319: CDP-diacylglycerol biosynthesis II|g__Bacteroides.s__Bacteroides_fragilis",0.337500117152135,0.000221495483089859,0.000935634915898097
"HISDEG-PWY: L-histidine degradation I|g__Bacteroides.s__Bacteroides_thetaiotaomicron",0.529479611185011,0.00022069951254901,0.000935634915898097
"PWY-5695: urate biosynthesis/inosine 5'-phosphate degradation|g__Bacteroides.s__Bacteroides_thetaiotaomicron",0.612967105683932,0.000237112909461265,0.000999656954868795
"PWY-7282: 4-amino-2-methyl-5-phosphomethylpyrimidine biosynthesis (yeast)|g__Bacteroides.s__Bacteroides_uniformis_CAG_3",0.223867113123865,0.00024056811516404,0.00101225457390384
"HISTSYN-PWY: L-histidine biosynthesis|g__Bacteroides.s__Bacteroides_caccae",0.435755744322768,0.000244288227377383,0.00102591586962556
"ANAEROFRUCAT-PWY: homolactic fermentation|unclassified",0.234333509034378,0.000252714663480184,0.00105925082352332
"PWY-7229: superpathway of adenosine nucleotides de novo biosynthesis I|g__Bacteroides.s__Bacteroides_thetaiotaomicron",0.543703663456663,0.000265494833805388,0.00111067047269551
"PWY-6126: superpathway of adenosine nucleotides de novo biosynthesis II|g__Bacteroides.s__Bacteroides_thetaiotaomicron",0.544620472739455,0.000272796031558583,0.00113901541500472
"HEMESYN2-PWY: heme biosynthesis II (anaerobic)|unclassified",0.214149299407693,0.000274283422794274,0.00114302341768306
"PANTO-PWY: phosphopantothenate biosynthesis I|g__Bacteroides.s__Bacteroides_fragilis",0.392456885323694,0.000277749232130871,0.00115524488680921
"PWY-7220: adenosine deoxyribonucleotides de novo biosynthesis II|g__Bacteroides.s__Bacteroides_fragilis_CAG_47",0.289671550836295,0.000281202600417793,0.00116513582238118
"PWY-7222: guanosine deoxyribonucleotides de novo biosynthesis II|g__Bacteroides.s__Bacteroides_fragilis_CAG_47",0.289671550836295,0.000281202600417793,0.00116513582238118
"PWY-6737: starch degradation V|g__Roseburia.s__Roseburia_inulinivorans",0.405555628154717,0.000284609242321479,0.00117520593471608
"ARGORNPROST-PWY: arginine, ornithine and proline interconversion",0.627363703694088,0.000284717635314233,0.00117520593471608
"PWY-621: sucrose degradation III (sucrose invertase)|unclassified",0.15812723453344,0.000289718858532234,0.00119357560159572
"PWY-5659: GDP-mannose biosynthesis",0.115955386988082,0.000292580996221317,0.00120307973209031
"PWY-6737: starch degradation V|g__Roseburia.s__Roseburia_inulinivorans_CAG_15",0.434438888999576,0.000299508175355001,0.00122923146968615
"PWY-7221: guanosine ribonucleotides de novo biosynthesis|g__Bacteroides.s__Bacteroides_caccae",0.465008823806542,0.000303268823490903,0.00124231293101094
"1CMET2-PWY: N10-formyl-tetrahydrofolate biosynthesis|unclassified",-0.213573432438859,0.00030569114805753,0.00124987305252956
"DTDPRHAMSYN-PWY: dTDP-L-rhamnose biosynthesis I|g__Roseburia.s__Roseburia_inulinivorans",0.505122487460898,0.000306870535627404,0.00125233229887869
"COA-PWY-1: coenzyme A biosynthesis II (mammalian)|g__Bacteroides.s__Bacteroides_fragilis",0.382950076408251,0.00031224417389809,0.0012718667760097
"PWY-6122: 5-aminoimidazole ribonucleotide biosynthesis II|g__Lachnospira.s__Lachnospira_pectinoschiza",-0.344000900038109,0.000313418261776562,0.00127186774020564
"PWY-6277: superpathway of 5-aminoimidazole ribonucleotide biosynthesis|g__Lachnospira.s__Lachnospira_pectinoschiza",-0.344000900038109,0.000313418261776562,0.00127186774020564
"UNINTEGRATED|g__Eubacterium.s__Eubacterium_sp_CAG_180",0.543996632868782,0.000316690873768562,0.00128274602515229
"PWY0-162: superpathway of pyrimidine ribonucleotides de novo biosynthesis",0.147046460202378,0.00032618504976331,0.00131873694559159
"UNINTEGRATED|g__Bilophila.s__Bilophila_wadsworthia",0.468360892993434,0.000329830499277867,0.00133099197753285
"ARO-PWY: chorismate biosynthesis I|unclassified",-0.19988407632961,0.000339867387609143,0.00136894540696842
"UNINTEGRATED|g__Eubacterium.s__Eubacterium_eligens",-0.352226670039469,0.000346132831703606,0.00139159526215531
"PWY-6147: 6-hydroxymethyl-dihydropterin diphosphate biosynthesis I",0.0967407618634697,0.00035008817856908,0.00140489089436888
"PWY-6737: starch degradation V|unclassified",-0.235602695597235,0.000357208478404569,0.00143081473697357
"PWY-6385: peptidoglycan biosynthesis III (mycobacteria)|g__Roseburia.s__Roseburia_inulinivorans",0.399885591695352,0.000370366262067343,0.00148078171568253
"PWY-7400: L-arginine biosynthesis IV (archaebacteria)|unclassified",-0.198100099468665,0.000373251151028934,0.00148956766902339
"PWY-7199: pyrimidine deoxyribonucleosides salvage|g__Bacteroides.s__Bacteroides_thetaiotaomicron",0.554222847636264,0.000378788973028372,0.0015088891627803
"PWY-7221: guanosine ribonucleotides de novo biosynthesis|g__Bacteroides.s__Bacteroides_fragilis",0.347066450141495,0.000390583767576688,0.00155301839328199
"PWY-6572: chondroitin sulfate degradation I (bacterial)|g__Bacteroides.s__Bacteroides_thetaiotaomicron",0.596220787343941,0.000391576592563863,0.00155411442506573
"PWY-5973: cis-vaccenate biosynthesis|g__Bacteroides.s__Bacteroides_caccae",0.476052980549947,0.000396256285860408,0.00156981237926783
"PWY-4242: pantothenate and coenzyme A biosynthesis III|g__Bacteroides.s__Bacteroides_uniformis",0.27846071038488,0.000403356020411073,0.00159502280334087
"UNINTEGRATED|g__Roseburia.s__Roseburia_hominis",-0.512769442983529,0.000414988117235561,0.00163803142085512
"PWY-6122: 5-aminoimidazole ribonucleotide biosynthesis II|g__Bacteroides.s__Bacteroides_thetaiotaomicron",0.49469611018691,0.000424092959436564,0.00166789372613255
"PWY-6277: superpathway of 5-aminoimidazole ribonucleotide biosynthesis|g__Bacteroides.s__Bacteroides_thetaiotaomicron",0.49469611018691,0.000424092959436564,0.00166789372613255
"PWY-5188: tetrapyrrole biosynthesis I (from glutamate)|unclassified",0.194043106653393,0.000429217619808995,0.00168499018501104
"PWY-7228: superpathway of guanosine nucleotides de novo biosynthesis I|g__Bacteroides.s__Bacteroides_fragilis",0.363603869669698,0.000431344285786956,0.00169027679439482
"LACTOSECAT-PWY: lactose and galactose degradation I|unclassified",0.392638768660142,0.000439380464414209,0.00171865968661659
"GALACT-GLUCUROCAT-PWY: superpathway of hexuronide and hexuronate degradation|unclassified",0.146705084339802,0.000441049230911704,0.001722078708803
"PWY-6121: 5-aminoimidazole ribonucleotide biosynthesis I|g__Roseburia.s__Roseburia_inulinivorans",0.384021122154683,0.00045965519290096,0.00179149784715176
"PWY-5667: CDP-diacylglycerol biosynthesis I|g__Bacteroides.s__Bacteroides_uniformis",0.260481024771355,0.000462608420921748,0.00179654560598105
"PWY0-1319: CDP-diacylglycerol biosynthesis II|g__Bacteroides.s__Bacteroides_uniformis",0.260481024771355,0.000462608420921748,0.00179654560598105
"ARGSYN-PWY: L-arginine biosynthesis I (via L-ornithine)|unclassified",-0.191035733998835,0.000465614651337639,0.00180498559829815
"PWY-5104: L-isoleucine biosynthesis IV",0.197784195991239,0.000473636418817173,0.0018328037849586
"TRNA-CHARGING-PWY: tRNA charging",-0.040686573906219,0.000483257917092867,0.00186670215033912
"PWY-6125: superpathway of guanosine nucleotides de novo biosynthesis II|g__Bacteroides.s__Bacteroides_thetaiotaomicron",0.545778943843906,0.000488361826708187,0.00188306063785879
"PWY-5100: pyruvate fermentation to acetate and lactate II|unclassified",0.201593497477213,0.000492727771828123,0.00189652057113951
"PWY-6124: inosine-5'-phosphate biosynthesis II|g__Bacteroides.s__Bacteroides_caccae",0.515037531224927,0.00049595543599514,0.00190555927269764
"PWY-6124: inosine-5'-phosphate biosynthesis II|g__Bacteroides.s__Bacteroides_thetaiotaomicron",0.564727529623377,0.000504267872624355,0.00193406810615394
"PWY-6121: 5-aminoimidazole ribonucleotide biosynthesis I|unclassified",-0.170517056116841,0.000510403469580398,0.00195414190561965
"HISDEG-PWY: L-histidine degradation I",0.140326134385367,0.000513553793797361,0.00196273557523612
"DTDPRHAMSYN-PWY: dTDP-L-rhamnose biosynthesis I|g__Bacteroides.s__Bacteroides_fragilis",0.436984217077583,0.000527048799623206,0.00201076540278783
"SER-GLYSYN-PWY: superpathway of L-serine and glycine biosynthesis I|g__Bacteroides.s__Bacteroides_caccae",0.460149003144464,0.000535122244936042,0.00203797874301653
"TEICHOICACID-PWY: teichoic acid (poly-glycerol) biosynthesis",0.209687656557915,0.000547733560216275,0.0020823484648924
"PWY-7228: superpathway of guanosine nucleotides de novo biosynthesis I|g__Bacteroides.s__Bacteroides_thetaiotaomicron",0.537909296975775,0.000549382420607308,0.00208495920395103
"UNINTEGRATED|g__Bacteroides.s__Bacteroides_fragilis_CAG_47",0.476873021097983,0.000593187567367822,0.00224726828406656
"PWY-6700: queuosine biosynthesis|g__Bacteroides.s__Bacteroides_caccae",0.405439618718658,0.000637806141118793,0.00241208709913512
"PANTOSYN-PWY: pantothenate and coenzyme A biosynthesis I|g__Bacteroides.s__Bacteroides_uniformis",0.288621228363161,0.000643848316466172,0.00243046123012651
"PWY-6305: putrescine biosynthesis IV",0.144368033138086,0.000644907802179393,0.00243046123012651
"ILEUSYN-PWY: L-isoleucine biosynthesis I (from threonine)",0.0574100890325953,0.000683295091534587,0.00257066052665877
"PWY0-845: superpathway of pyridoxal 5'-phosphate biosynthesis and salvage|g__Bacteroides.s__Bacteroides_uniformis",0.292327235795151,0.000692646567728814,0.00260132601779608
"VALSYN-PWY: L-valine biosynthesis",0.055887055056993,0.000694546439039476,0.00260394832767914
"PWY-7111: pyruvate fermentation to isobutanol (engineered)",0.0550797460628188,0.000697976732667702,0.00261228942951798
"PWY-6121: 5-aminoimidazole ribonucleotide biosynthesis I|g__Bacteroides.s__Bacteroides_thetaiotaomicron",0.564810020137167,0.00070017858868949,0.00261601207187953
"PWY-6609: adenine and adenosine salvage III|g__Bacteroides.s__Bacteroides_caccae",0.471912440073912,0.000709341562533412,0.00264568531154889
"PWY-7539: 6-hydroxymethyl-dihydropterin diphosphate biosynthesis III (Chlamydia)",0.0907474168172758,0.00075596791171295,0.00280991846429153
"PWY-7242: D-fructuronate degradation|unclassified",0.121285450171777,0.00075533072981323,0.00280991846429153
"PWY-7282: 4-amino-2-methyl-5-phosphomethylpyrimidine biosynthesis (yeast)|g__Bacteroides.s__Bacteroides_uniformis",0.271496577143674,0.000811994176231653,0.00300600845181166
"GLCMANNANAUT-PWY: superpathway of N-acetylglucosamine, N-acetylmannosamine and N-acetylneuraminate degradation|g__Faecalibacterium.s__Faecalibacterium_prausnitzii",-0.310700300690924,0.000810602386158974,0.00300600845181166
"PWY-621: sucrose degradation III (sucrose invertase)|g__Bacteroides.s__Bacteroides_thetaiotaomicron",0.534179185264375,0.000812884611334393,0.00300600845181166
"PWY-7221: guanosine ribonucleotides de novo biosynthesis|g__Bacteroides.s__Bacteroides_thetaiotaomicron",0.516790124287877,0.000824223783204214,0.00304274776525303
"PWY-7663: gondoate biosynthesis (anaerobic)|g__Bacteroides.s__Bacteroides_fragilis_CAG_47",0.262191225250772,0.000832539255310591,0.00306821865009873
"GLUTORN-PWY: L-ornithine biosynthesis|unclassified",-0.2362651765567,0.000843835175714152,0.00310456846480911
"PWY-6700: queuosine biosynthesis|g__Bacteroides.s__Bacteroides_thetaiotaomicron",0.506120215095893,0.000863265817186846,0.00317067292515915
"PWY-6121: 5-aminoimidazole ribonucleotide biosynthesis I|g__Roseburia.s__Roseburia_inulinivorans_CAG_15",0.315269779478168,0.000896436858604409,0.00328693514821616
"PWY-5100: pyruvate fermentation to acetate and lactate II|g__Roseburia.s__Roseburia_inulinivorans_CAG_15",0.274247526344465,0.000914002560106119,0.00334568166849655
"PWY-7111: pyruvate fermentation to isobutanol (engineered)|g__Bacteroides.s__Bacteroides_caccae",0.487328522660464,0.000918359438961216,0.00335596105266265
"PWY-5941: glycogen degradation II (eukaryotic)",0.28305879227099,0.000935782633120272,0.00341387368008692
"PWY-6387: UDP-N-acetylmuramoyl-pentapeptide biosynthesis I (meso-diaminopimelate containing)|g__Bacteroides.s__Bacteroides_uniformis_CAG_3",0.211086282243014,0.000944023902889719,0.00343815092027231
"PWY-6122: 5-aminoimidazole ribonucleotide biosynthesis II|g__Bacteroides.s__Bacteroides_caccae",0.442039587995315,0.000953729256851432,0.0034618614733619
"PWY-6277: superpathway of 5-aminoimidazole ribonucleotide biosynthesis|g__Bacteroides.s__Bacteroides_caccae",0.442039587995315,0.000953729256851432,0.0034618614733619
"PWY0-845: superpathway of pyridoxal 5'-phosphate biosynthesis and salvage|g__Bacteroides.s__Bacteroides_uniformis_CAG_3",0.178952194009629,0.000967134803392297,0.00350465070058714
"PWY-6609: adenine and adenosine salvage III|g__Bacteroides.s__Bacteroides_thetaiotaomicron",0.492336958389486,0.000996345868573708,0.00360447662303711
"PWY-7539: 6-hydroxymethyl-dihydropterin diphosphate biosynthesis III (Chlamydia)|g__Bacteroides.s__Bacteroides_uniformis",0.284595290541997,0.00104964554450857,0.00379096982491678
"PWY-6123: inosine-5'-phosphate biosynthesis I|g__Bacteroides.s__Bacteroides_thetaiotaomicron",0.570605104032531,0.00107336815784036,0.00387019766728796
"PWY-2942: L-lysine biosynthesis III|unclassified",-0.180359634001493,0.00109450990798936,0.00393987204420754
"PWY-6151: S-adenosyl-L-methionine cycle I|unclassified",-0.182786631779616,0.00110564039550402,0.00397333787240003
"PWY-6163: chorismate biosynthesis from 3-dehydroquinate|g__Roseburia.s__Roseburia_inulinivorans",0.36872120116548,0.00112246735276842,0.00402713038650526
"PWY-5973: cis-vaccenate biosynthesis|g__Bacteroides.s__Bacteroides_fragilis_CAG_47",0.260041538214495,0.0011412744748629,0.00408783766450894
"PWY-7663: gondoate biosynthesis (anaerobic)|g__Bacteroides.s__Bacteroides_caccae",0.440235272004401,0.0011468979825542,0.00410120120164184
"PWY-5030: L-histidine degradation III|g__Bacteroides.s__Bacteroides_fragilis",0.225544048666033,0.00114953708759319,0.00410386634071571
"PYRIDOXSYN-PWY: pyridoxal 5'-phosphate biosynthesis I|g__Bacteroides.s__Bacteroides_uniformis",0.267860324498315,0.00117071737784009,0.00417260618055834
"PWY0-1296: purine ribonucleosides degradation|g__Roseburia.s__Roseburia_inulinivorans",0.430416643328361,0.00117989106799062,0.00419839728133937
"PEPTIDOGLYCANSYN-PWY: peptidoglycan biosynthesis I (meso-diaminopimelate containing)|g__Roseburia.s__Roseburia_inulinivorans",0.397180297130047,0.00118790664791099,0.0042199896820051
"PEPTIDOGLYCANSYN-PWY: peptidoglycan biosynthesis I (meso-diaminopimelate containing)|g__Bacteroides.s__Bacteroides_thetaiotaomicron",0.569849179914465,0.00120972691738695,0.00428346116009399
"PWY-7357: thiamin formation from pyrithiamine and oxythiamine (yeast)|g__Roseburia.s__Roseburia_inulinivorans",0.446401560032429,0.00120869345926678,0.00428346116009399
"PWY-7539: 6-hydroxymethyl-dihydropterin diphosphate biosynthesis III (Chlamydia)|unclassified",0.023497319128032,0.00122325034576641,0.00432427977043362
"PWY66-422: D-galactose degradation V (Leloir pathway)|g__Roseburia.s__Roseburia_inulinivorans",0.392803550000509,0.001228270659584,0.0043349552431898
"PWY-6263: superpathway of menaquinol-8 biosynthesis II",0.426147367103247,0.00126071718523177,0.00444223437462966
"PWY-7220: adenosine deoxyribonucleotides de novo biosynthesis II|g__Bacteroides.s__Bacteroides_fragilis",0.344923237971686,0.00126846413749882,0.00445504341322521
"PWY-7222: guanosine deoxyribonucleotides de novo biosynthesis II|g__Bacteroides.s__Bacteroides_fragilis",0.344923237971686,0.00126846413749882,0.00445504341322521
"PWY-724: superpathway of L-lysine, L-threonine and L-methionine biosynthesis II",0.0482723063968295,0.0012883823514905,0.00451767727456296
"PEPTIDOGLYCANSYN-PWY: peptidoglycan biosynthesis I (meso-diaminopimelate containing)|g__Bacteroides.s__Bacteroides_uniformis",0.272277561999475,0.00129221761798947,0.00452380545748495
"PWY-6387: UDP-N-acetylmuramoyl-pentapeptide biosynthesis I (meso-diaminopimelate containing)|g__Bacteroides.s__Bacteroides_thetaiotaomicron",0.559619879366878,0.00129822114012001,0.00453749227522591
"PWY-6122: 5-aminoimidazole ribonucleotide biosynthesis II|g__Gemmiger.s__Gemmiger_formicilis",-0.424078997863337,0.00131012829672475,0.00456438588264073
"PWY-6277: superpathway of 5-aminoimidazole ribonucleotide biosynthesis|g__Gemmiger.s__Gemmiger_formicilis",-0.424078997863337,0.00131012829672475,0.00456438588264073
"PWY-1042: glycolysis IV (plant cytosol)|unclassified",-0.187179980479132,0.00132855189143319,0.00462114277485669
"DTDPRHAMSYN-PWY: dTDP-L-rhamnose biosynthesis I|g__Roseburia.s__Roseburia_inulinivorans_CAG_15",0.405199352410254,0.00133136299453241,0.0046234993736406
"PWY-7199: pyrimidine deoxyribonucleosides salvage|g__Bacteroides.s__Bacteroides_uniformis_CAG_3",0.234922138140415,0.00133592908083417,0.00463193330906824
"PWY-3841: folate transformations II|g__Roseburia.s__Roseburia_inulinivorans_CAG_15",0.31369034075005,0.00134879537649138,0.00466907281287032
"PWY-5103: L-isoleucine biosynthesis III|g__Bacteroides.s__Bacteroides_caccae",0.480278134997451,0.00135596788449485,0.004678952875319
"PYRIDNUCSYN-PWY: NAD biosynthesis I (from aspartate)|g__Bacteroides.s__Bacteroides_thetaiotaomicron",0.579563261756633,0.00135509426998012,0.004678952875319
"ARGININE-SYN4-PWY: L-ornithine de novo  biosynthesis|g__Bacteroides.s__Bacteroides_thetaiotaomicron",0.538018445903633,0.00137523367769647,0.00473788772586366
"SER-GLYSYN-PWY: superpathway of L-serine and glycine biosynthesis I|g__Roseburia.s__Roseburia_inulinivorans",0.343013814667506,0.00138646840298707,0.00476901115757615
"PWY-6121: 5-aminoimidazole ribonucleotide biosynthesis I|g__Bacteroides.s__Bacteroides_uniformis_CAG_3",0.213173889126328,0.00141135994528871,0.00483926740734278
"PWY66-422: D-galactose degradation V (Leloir pathway)|g__Roseburia.s__Roseburia_inulinivorans_CAG_15",0.321607351578093,0.00141113984373099,0.00483926740734278
"PWY-5686: UMP biosynthesis|g__Bacteroides.s__Bacteroides_thetaiotaomicron",0.586723740496512,0.0014170351605912,0.0048510508578217
"PWY-6387: UDP-N-acetylmuramoyl-pentapeptide biosynthesis I (meso-diaminopimelate containing)|g__Bacteroides.s__Bacteroides_uniformis",0.271934084005328,0.00142292082501269,0.004863516447638
"PWY-7357: thiamin formation from pyrithiamine and oxythiamine (yeast)|g__Faecalibacterium.s__Faecalibacterium_prausnitzii",-0.257494106889968,0.00144504796960282,0.00493136842540049
"NAGLIPASYN-PWY: lipid IVA biosynthesis|g__Bacteroides.s__Bacteroides_uniformis",0.272960431873948,0.0015241470563113,0.00518497122610138
"GLYCOGENSYNTH-PWY: glycogen biosynthesis I (from ADP-D-Glucose)|g__Roseburia.s__Roseburia_inulinivorans_CAG_15",0.300435575441453,0.0015222229904502,0.00518497122610138
"COMPLETE-ARO-PWY: superpathway of aromatic amino acid biosynthesis|unclassified",-0.178396332453144,0.00153236090665128,0.00520474307948796
"BRANCHED-CHAIN-AA-SYN-PWY: superpathway of branched amino acid biosynthesis|g__Bacteroides.s__Bacteroides_caccae",0.478350780525378,0.00154697881025699,0.00524617070708435
"PWY-6700: queuosine biosynthesis|g__Bacteroides.s__Bacteroides_fragilis",0.328587230774952,0.0015634875411687,0.0052938710964259
"PWY-6386: UDP-N-acetylmuramoyl-pentapeptide biosynthesis II (lysine-containing)|g__Roseburia.s__Roseburia_inulinivorans",0.374513879500296,0.00157728931030275,0.00533227135011864
"PWY-6385: peptidoglycan biosynthesis III (mycobacteria)|g__Bacteroides.s__Bacteroides_uniformis_CAG_3",0.216398074295366,0.00162040612903775,0.00546950168477383
"GLUCUROCAT-PWY: superpathway of &beta;-D-glucuronide and D-glucuronate degradation|unclassified",0.0726826473970258,0.00166482021765789,0.00561067715655465
"PWY0-166: superpathway of pyrimidine deoxyribonucleotides de novo biosynthesis (E. coli)",0.0846674070547837,0.00170173385435073,0.00572617587325781
"PWY-7198: pyrimidine deoxyribonucleotides de novo biosynthesis IV",0.279018298306004,0.00171222024325912,0.005752529096345
"PWY-7111: pyruvate fermentation to isobutanol (engineered)|g__Bacteroides.s__Bacteroides_thetaiotaomicron",0.540773949431244,0.00176761816564437,0.00592945598289684
"PWY-6385: peptidoglycan biosynthesis III (mycobacteria)|g__Bacteroides.s__Bacteroides_uniformis",0.264497189994898,0.00177070431385562,0.00593062789509293
"PWY-5659: GDP-mannose biosynthesis|unclassified",0.174650157055034,0.00178385742889745,0.0059654614944765
"DTDPRHAMSYN-PWY: dTDP-L-rhamnose biosynthesis I|g__Bacteroides.s__Bacteroides_uniformis",0.239302492088797,0.00182277301620007,0.00608620820663413
"PWY-7323: superpathway of GDP-mannose-derived O-antigen building blocks biosynthesis",0.143544345792755,0.00184214477353821,0.00614142726808816
"TRPSYN-PWY: L-tryptophan biosynthesis",0.0990787222184417,0.00187014463048246,0.00621564940836731
"ASPASN-PWY: superpathway of L-aspartate and L-asparagine biosynthesis|g__Bacteroides.s__Bacteroides_fragilis",0.25003682114398,0.00186909197880908,0.00621564940836731
"PWY-6386: UDP-N-acetylmuramoyl-pentapeptide biosynthesis II (lysine-containing)|g__Bacteroides.s__Bacteroides_uniformis",0.27539821967599,0.0018845153530342,0.0062519329692059
"THISYNARA-PWY: superpathway of thiamin diphosphate biosynthesis III (eukaryotes)|unclassified",0.0899604305515239,0.00188683163906814,0.0062519329692059
"COA-PWY: coenzyme A biosynthesis I|g__Bacteroides.s__Bacteroides_fragilis",0.354770950867575,0.00190011666515513,0.00628634017311627
"P164-PWY: purine nucleobases degradation I (anaerobic)|unclassified",0.421122763525787,0.00194834787540193,0.00643608208231094
"ILEUSYN-PWY: L-isoleucine biosynthesis I (from threonine)|g__Bacteroides.s__Bacteroides_caccae",0.445120915629812,0.00196323747719057,0.0064753966713424
"PWY-2942: L-lysine biosynthesis III|g__Bacteroides.s__Bacteroides_uniformis",0.214628580126417,0.00196672490335406,0.00647704082913106
"PANTO-PWY: phosphopantothenate biosynthesis I|g__Bacteroides.s__Bacteroides_uniformis",0.248187394308882,0.00197035474436324,0.006479148302026
"PWY-6527: stachyose degradation|g__Roseburia.s__Roseburia_inulinivorans",0.365670730961693,0.00198142539029323,0.00650568003146278
"1CMET2-PWY: N10-formyl-tetrahydrofolate biosynthesis|g__Bacteroides.s__Bacteroides_uniformis_CAG_3",0.229721549281162,0.00198817683769465,0.00651271128727477
"PWY-6121: 5-aminoimidazole ribonucleotide biosynthesis I|g__Lachnospira.s__Lachnospira_pectinoschiza",-0.339973810886114,0.00198957769828145,0.00651271128727477
"PWY0-1296: purine ribonucleosides degradation",-0.0969946257039562,0.00201619306568173,0.00658987989944541
"PWY-7219: adenosine ribonucleotides de novo biosynthesis|g__Roseburia.s__Roseburia_inulinivorans_CAG_15",0.346045641813892,0.00208315805096859,0.00679849924163995
"PANTOSYN-PWY: pantothenate and coenzyme A biosynthesis I|g__Bacteroides.s__Bacteroides_uniformis_CAG_3",0.219720282782361,0.00211754712934084,0.00690033778839338
"UNINTEGRATED|g__Eubacterium.s__Eubacterium_eligens_CAG_72",-0.302971439009031,0.00212549816494313,0.00691584763278043
"VALSYN-PWY: L-valine biosynthesis|g__Roseburia.s__Roseburia_inulinivorans",0.390449120357824,0.00214927455372384,0.00698272557409229
"PWY-5103: L-isoleucine biosynthesis III|g__Bacteroides.s__Bacteroides_thetaiotaomicron",0.515974903162166,0.00221228996821117,0.00717669515136768
"DTDPRHAMSYN-PWY: dTDP-L-rhamnose biosynthesis I|g__Gemmiger.s__Gemmiger_formicilis",-0.397954271985888,0.0022254296088624,0.00720852909178598
"PWY-6122: 5-aminoimidazole ribonucleotide biosynthesis II|unclassified",-0.153990057149822,0.00226382317937711,0.00731103551372609
"PWY-6277: superpathway of 5-aminoimidazole ribonucleotide biosynthesis|unclassified",-0.153990057149822,0.00226382317937711,0.00731103551372609
"PWY-5686: UMP biosynthesis|g__Roseburia.s__Roseburia_inulinivorans_CAG_15",0.312378737650912,0.00229887305708824,0.00741009719778746
"PEPTIDOGLYCANSYN-PWY: peptidoglycan biosynthesis I (meso-diaminopimelate containing)|g__Alistipes.s__Alistipes_putredinis_CAG_67",-0.295066345634129,0.00230133613941438,0.00741009719778746
"PWY-5695: urate biosynthesis/inosine 5'-phosphate degradation|g__Bacteroides.s__Bacteroides_ovatus",0.301225789067632,0.00234739931341809,0.00754720224358606
"ILEUSYN-PWY: L-isoleucine biosynthesis I (from threonine)|g__Bacteroides.s__Bacteroides_thetaiotaomicron",0.478616245733047,0.00236452770158338,0.00759100967308323
"PWY-6386: UDP-N-acetylmuramoyl-pentapeptide biosynthesis II (lysine-containing)|g__Bacteroides.s__Bacteroides_uniformis_CAG_3",0.218829131945754,0.002378221816525,0.00762367851539892
"BRANCHED-CHAIN-AA-SYN-PWY: superpathway of branched amino acid biosynthesis|g__Bacteroides.s__Bacteroides_thetaiotaomicron",0.506230058224502,0.00239736841443565,0.00767083668143195
"PWY-6122: 5-aminoimidazole ribonucleotide biosynthesis II|g__Roseburia.s__Roseburia_inulinivorans",0.343876794303904,0.00240355242579247,0.00767083668143195
"PWY-6277: superpathway of 5-aminoimidazole ribonucleotide biosynthesis|g__Roseburia.s__Roseburia_inulinivorans",0.343876794303904,0.00240355242579247,0.00767083668143195
"PWY-5097: L-lysine biosynthesis VI|g__Bacteroides.s__Bacteroides_uniformis",0.207054706361597,0.00242013633879279,0.00771240506788818
"PWY-6609: adenine and adenosine salvage III",-0.0471064843322512,0.00246314386644224,0.00783793356619726
"PWY-5686: UMP biosynthesis|g__Dialister.s__Dialister_invisus",-0.392082648733398,0.0025215618259708,0.00801205935026204
"PWY-6387: UDP-N-acetylmuramoyl-pentapeptide biosynthesis I (meso-diaminopimelate containing)|g__Roseburia.s__Roseburia_inulinivorans",0.346925107717917,0.00254068831680665,0.0080610125659151
"PWY-7197: pyrimidine deoxyribonucleotide phosphorylation",0.0970476655642172,0.00256328825728691,0.00812082697886072
"DTDPRHAMSYN-PWY: dTDP-L-rhamnose biosynthesis I|g__Eubacterium.s__Eubacterium_eligens_CAG_72",-0.250023571514523,0.00258228063754248,0.00816905422124753
"PWY-6124: inosine-5'-phosphate biosynthesis II|g__Bacteroides.s__Bacteroides_fragilis_CAG_47",0.251757877629798,0.00260972749695547,0.00824384764708819
"PYRIDNUCSYN-PWY: NAD biosynthesis I (from aspartate)|g__Bacteroides.s__Bacteroides_uniformis",0.20723278452746,0.00261553917336519,0.00825017960506893
"UNINTEGRATED|unclassified",-0.107118501326085,0.00264216327961629,0.00832204626007049
"PANTO-PWY: phosphopantothenate biosynthesis I",0.0512259988353969,0.0026524482275029,0.00834231539767602
"SER-GLYSYN-PWY: superpathway of L-serine and glycine biosynthesis I|g__Roseburia.s__Roseburia_inulinivorans_CAG_15",0.250906782246172,0.00267862944252547,0.0084124492781923
"RIBOSYN2-PWY: flavin biosynthesis I (bacteria and plants)|g__Bacteroides.s__Bacteroides_ovatus",0.342851381429089,0.00273845984026522,0.00858790517200397
"PWY-6123: inosine-5'-phosphate biosynthesis I|g__Alistipes.s__Alistipes_putredinis_CAG_67",-0.291050389142838,0.00281685738837328,0.00882099705289725
"PWY-4981: L-proline biosynthesis II (from arginine)",0.122255819595892,0.00282185896553957,0.0088239081938301
"PWY-6121: 5-aminoimidazole ribonucleotide biosynthesis I|g__Ruminococcus.s__Ruminococcus_bromii",0.367505975879135,0.0028537059489556,0.00891063514609048
"TRNA-CHARGING-PWY: tRNA charging|g__Gemmiger.s__Gemmiger_formicilis",-0.442689448188559,0.00285855662616382,0.00891293843006761
"PWY-6385: peptidoglycan biosynthesis III (mycobacteria)|g__Dialister.s__Dialister_invisus",-0.324011771056612,0.00289905412403931,0.00902622167642699
"PWY-5188: tetrapyrrole biosynthesis I (from glutamate)|g__Ruminococcus.s__Ruminococcus_bromii",0.377562115163547,0.00295534628247873,0.00918828607479397
"PWY-4242: pantothenate and coenzyme A biosynthesis III|g__Faecalibacterium.s__Faecalibacterium_prausnitzii",-0.244329580092814,0.00298004317172381,0.00925179592138324
"HISTSYN-PWY: L-histidine biosynthesis|g__Bacteroides.s__Bacteroides_uniformis",0.21607774235052,0.0030258512844686,0.00938057186472599
"PWY-7219: adenosine ribonucleotides de novo biosynthesis|g__Bacteroides.s__Bacteroides_uniformis",0.21694426439338,0.00310346501124105,0.00959065545221607
"PWY-7187: pyrimidine deoxyribonucleotides de novo biosynthesis II",0.0748657068363215,0.0031018855845873,0.00959065545221607
"PWY-6122: 5-aminoimidazole ribonucleotide biosynthesis II|g__Roseburia.s__Roseburia_inulinivorans_CAG_15",0.281668840639818,0.00311132015824084,0.00959065545221607
"PWY-6277: superpathway of 5-aminoimidazole ribonucleotide biosynthesis|g__Roseburia.s__Roseburia_inulinivorans_CAG_15",0.281668840639818,0.00311132015824084,0.00959065545221607
"PWY-6147: 6-hydroxymethyl-dihydropterin diphosphate biosynthesis I|g__Bacteroides.s__Bacteroides_uniformis",0.219833619108419,0.00317692471080736,0.0097789713754539
"GLYCOGENSYNTH-PWY: glycogen biosynthesis I (from ADP-D-Glucose)",0.0778353468407078,0.00319834337181155,0.00983093629321365
"PWY-3841: folate transformations II|g__Bacteroides.s__Bacteroides_uniformis_CAG_3",0.182231629200739,0.00321433376320018,0.00986609244313708
"GALACTUROCAT-PWY: D-galacturonate degradation I",0.152867920611558,0.00324184215385867,0.00992600756871796
"GLCMANNANAUT-PWY: superpathway of N-acetylglucosamine, N-acetylmannosamine and N-acetylneuraminate degradation|g__Roseburia.s__Roseburia_inulinivorans_CAG_15",0.496960439012259,0.00324301493246531,0.00992600756871796
"PWY-6121: 5-aminoimidazole ribonucleotide biosynthesis I|g__Bacteroides.s__Bacteroides_fragilis",0.319622176055162,0.00324878400021921,0.00992964023762344
"PWY-4242: pantothenate and coenzyme A biosynthesis III|g__Bacteroides.s__Bacteroides_uniformis_CAG_3",0.16689005484813,0.00325810342917096,0.00994409877607532
"PEPTIDOGLYCANSYN-PWY: peptidoglycan biosynthesis I (meso-diaminopimelate containing)|g__Bacteroides.s__Bacteroides_uniformis_CAG_3",0.211810677438044,0.00328485162606917,0.0100116363905653
"GLYCOGENSYNTH-PWY: glycogen biosynthesis I (from ADP-D-Glucose)|g__Roseburia.s__Roseburia_inulinivorans",0.424306553789008,0.0033230392057015,0.0101138005038696
"PWY-1042: glycolysis IV (plant cytosol)|g__Alistipes.s__Alistipes_putredinis",-0.296332326273105,0.0033528685449806,0.0101902750869186
"PWY-6737: starch degradation V|g__Bacteroides.s__Bacteroides_uniformis",0.29798775445869,0.00343419493509941,0.010422829725995
"ASPASN-PWY: superpathway of L-aspartate and L-asparagine biosynthesis|unclassified",0.0883838023476929,0.00349369662987374,0.0105885882474635
"PWY-6151: S-adenosyl-L-methionine cycle I|g__Bacteroides.s__Bacteroides_uniformis",0.243153527312256,0.00356999289385846,0.0108047131298761
"PWY-6387: UDP-N-acetylmuramoyl-pentapeptide biosynthesis I (meso-diaminopimelate containing)|g__Roseburia.s__Roseburia_inulinivorans_CAG_15",0.330133309407447,0.00359207112543182,0.0108563711698895
"COA-PWY-1: coenzyme A biosynthesis II (mammalian)|g__Bacteroides.s__Bacteroides_uniformis",0.234854400034651,0.00360275683786078,0.0108735014869698
"TRPSYN-PWY: L-tryptophan biosynthesis|g__Bacteroides.s__Bacteroides_vulgatus",0.204810264820263,0.0036840857508545,0.0111034962755239
"PWY-621: sucrose degradation III (sucrose invertase)",0.136104521394901,0.00373437828556947,0.0112394413122626
"PWY-5097: L-lysine biosynthesis VI|unclassified",-0.168162402730696,0.00380073625084,0.01142329466792
"COA-PWY: coenzyme A biosynthesis I|g__Bacteroides.s__Bacteroides_uniformis",0.220532561213268,0.00381145121441166,0.0114396326615375
"PWY-7219: adenosine ribonucleotides de novo biosynthesis|g__Roseburia.s__Roseburia_inulinivorans",0.290287175298888,0.00397019690535406,0.0118996081520086
"THISYNARA-PWY: superpathway of thiamin diphosphate biosynthesis III (eukaryotes)",0.0729704229275532,0.00401440268947029,0.0120154842929311
"COBALSYN-PWY: adenosylcobalamin salvage from cobinamide I",0.0928928219177823,0.00406657306808581,0.012154846673851
"PWY66-399: gluconeogenesis III",0.18141562319679,0.00409025420706661,0.0122087890726079
"PWY-6892: thiazole biosynthesis I (E. coli)|g__Bacteroides.s__Bacteroides_thetaiotaomicron",0.510089382698091,0.00416099732740789,0.0124028627352034
"VALSYN-PWY: L-valine biosynthesis|g__Bacteroides.s__Bacteroides_caccae",0.441790130832908,0.00416996548490544,0.0124125208870743
"THRESYN-PWY: superpathway of L-threonine biosynthesis|g__Faecalibacterium.s__Faecalibacterium_prausnitzii",-0.268406688339106,0.00422356568686518,0.0125548242022453
"UNINTEGRATED|g__Alistipes.s__Alistipes_putredinis_CAG_67",-0.330549014683485,0.00424119262979838,0.0125727283567347
"SER-GLYSYN-PWY: superpathway of L-serine and glycine biosynthesis I|g__Bacteroides.s__Bacteroides_thetaiotaomicron",0.498541221974148,0.00423760481495629,0.0125727283567347
"PWY-7199: pyrimidine deoxyribonucleosides salvage|g__Bacteroides.s__Bacteroides_uniformis",0.202148122260624,0.00439938532642642,0.0130238633912104
"PWY-6385: peptidoglycan biosynthesis III (mycobacteria)|g__Dialister.s__Dialister_invisus_CAG_218",-0.329750819191642,0.00446039025694278,0.0131864470488336
"GALACT-GLUCUROCAT-PWY: superpathway of hexuronide and hexuronate degradation",0.144825852355394,0.00457562554978587,0.0134771549867284
"UNINTEGRATED|g__Alistipes.s__Alistipes_putredinis",-0.309445542329651,0.00457484121869781,0.0134771549867284
"PWY-6387: UDP-N-acetylmuramoyl-pentapeptide biosynthesis I (meso-diaminopimelate containing)|g__Dialister.s__Dialister_invisus_CAG_218",-0.358051404185128,0.00457738166600468,0.0134771549867284
"PWY-6151: S-adenosyl-L-methionine cycle I|g__Gemmiger.s__Gemmiger_formicilis",-0.354954805553211,0.0047557834253122,0.0139834229072612
"UNINTEGRATED|g__Bacteroides.s__Bacteroides_fragilis",0.313131901215656,0.0047999933803173,0.01409428950562
"UNINTEGRATED|g__Dialister.s__Dialister_invisus_CAG_218",-0.57880944193046,0.0048572174337349,0.0142430178334283
"PWY-5667: CDP-diacylglycerol biosynthesis I|g__Bacteroides.s__Bacteroides_thetaiotaomicron",0.520913688058428,0.00487936374547027,0.014269340400046
"PWY0-1319: CDP-diacylglycerol biosynthesis II|g__Bacteroides.s__Bacteroides_thetaiotaomicron",0.520913688058428,0.00487936374547027,0.014269340400046
"PWY-6122: 5-aminoimidazole ribonucleotide biosynthesis II|g__Dialister.s__Dialister_invisus_CAG_218",-0.378987094579252,0.00489281517787596,0.0142701621675063
"PWY-6277: superpathway of 5-aminoimidazole ribonucleotide biosynthesis|g__Dialister.s__Dialister_invisus_CAG_218",-0.378987094579252,0.00489281517787596,0.0142701621675063
"PWY-7220: adenosine deoxyribonucleotides de novo biosynthesis II|unclassified",0.144995081546556,0.00493128527251101,0.0143437519268877
"PWY-7222: guanosine deoxyribonucleotides de novo biosynthesis II|unclassified",0.144995081546556,0.00493128527251101,0.0143437519268877
"PWY-7220: adenosine deoxyribonucleotides de novo biosynthesis II|g__Bacteroides.s__Bacteroides_thetaiotaomicron",0.459714931058651,0.00499610780931368,0.014493394408009
"PWY-7222: guanosine deoxyribonucleotides de novo biosynthesis II|g__Bacteroides.s__Bacteroides_thetaiotaomicron",0.459714931058651,0.00499610780931368,0.014493394408009
"PWY-7357: thiamin formation from pyrithiamine and oxythiamine (yeast)|g__Bacteroides.s__Bacteroides_uniformis",0.194367314259518,0.00502064279170018,0.0145450974994843
"PWY-6317: galactose degradation I (Leloir pathway)|g__Roseburia.s__Roseburia_inulinivorans",0.393598671335524,0.00505252723331982,0.0146179259206997
"PWY-6703: preQ0 biosynthesis|g__Bacteroides.s__Bacteroides_uniformis_CAG_3",0.20022126794005,0.0052707239872483,0.0152288785071561
"PWY-6124: inosine-5'-phosphate biosynthesis II|g__Dialister.s__Dialister_invisus_CAG_218",-0.465693173532661,0.00533444668793637,0.0153924713352305
"PWY-3841: folate transformations II|g__Bacteroides.s__Bacteroides_uniformis",0.221415177605081,0.005383319017731,0.0154862455029363
"PWY-6121: 5-aminoimidazole ribonucleotide biosynthesis I|g__Gemmiger.s__Gemmiger_formicilis",-0.403329036942348,0.00539553085127682,0.0154862455029363
"PWY-6121: 5-aminoimidazole ribonucleotide biosynthesis I|g__Dialister.s__Dialister_invisus",-0.379006585738204,0.00539255658922105,0.0154862455029363
"PWY-6163: chorismate biosynthesis from 3-dehydroquinate|g__Bacteroides.s__Bacteroides_ovatus",0.236167430633763,0.00537917137131031,0.0154862455029363
"PWY-7111: pyruvate fermentation to isobutanol (engineered)|g__Bacteroides.s__Bacteroides_uniformis",0.223424378455438,0.00541200996195887,0.0155129968089482
"PWY-7357: thiamin formation from pyrithiamine and oxythiamine (yeast)|g__Dialister.s__Dialister_invisus",-0.326847032691918,0.00548863901138307,0.015700118029513
"COBALSYN-PWY: adenosylcobalamin salvage from cobinamide I|unclassified",0.126057922806268,0.00549902611185987,0.015700118029513
"PWY-6387: UDP-N-acetylmuramoyl-pentapeptide biosynthesis I (meso-diaminopimelate containing)|g__Alistipes.s__Alistipes_putredinis_CAG_67",-0.28490720235526,0.00549901929586498,0.015700118029513
"PWY-6122: 5-aminoimidazole ribonucleotide biosynthesis II|g__Eubacterium.s__Eubacterium_eligens",-0.250935272223233,0.00556063851161169,0.0158343017801084
"PWY-6277: superpathway of 5-aminoimidazole ribonucleotide biosynthesis|g__Eubacterium.s__Eubacterium_eligens",-0.250935272223233,0.00556063851161169,0.0158343017801084
"PWY-7357: thiamin formation from pyrithiamine and oxythiamine (yeast)|g__Dialister.s__Dialister_invisus_CAG_218",-0.397561925201874,0.00560543407901477,0.0159409129254921
"PWY-5686: UMP biosynthesis|g__Bacteroides.s__Bacteroides_uniformis",0.188627761614803,0.00562222847800953,0.015959611567037
"PEPTIDOGLYCANSYN-PWY: peptidoglycan biosynthesis I (meso-diaminopimelate containing)|g__Dialister.s__Dialister_invisus",-0.31356402035705,0.00562673891888154,0.015959611567037
"PWY-6387: UDP-N-acetylmuramoyl-pentapeptide biosynthesis I (meso-diaminopimelate containing)|g__Dialister.s__Dialister_invisus",-0.341569080058148,0.00578257250195933,0.0163801759630665
"PWY-724: superpathway of L-lysine, L-threonine and L-methionine biosynthesis II|g__Dialister.s__Dialister_invisus",-0.329009699005968,0.00590937301655271,0.016717508259621
"PWY-7208: superpathway of pyrimidine nucleobases salvage|g__Dialister.s__Dialister_invisus_CAG_218",-0.473659683845243,0.0059466240975398,0.0168009575219931
"PWY-6897: thiamin salvage II|g__Bacteroides.s__Bacteroides_uniformis",0.197918760861997,0.00596298244237866,0.0168252382195762
"PWY-7219: adenosine ribonucleotides de novo biosynthesis|g__Dialister.s__Dialister_invisus_CAG_218",-0.430828283865243,0.00608501569091721,0.0171472418754455
"PWY-7229: superpathway of adenosine nucleotides de novo biosynthesis I|g__Faecalibacterium.s__Faecalibacterium_prausnitzii",-0.292090936086641,0.00615474402176178,0.0173212081755296
"HISDEG-PWY: L-histidine degradation I|unclassified",-0.184003559703824,0.00620468955661722,0.0174391209717114
"PWY-6121: 5-aminoimidazole ribonucleotide biosynthesis I|g__Bacteroides.s__Bacteroides_uniformis",0.214275502860176,0.00624763980248662,0.0175370925543893
"PWY-7111: pyruvate fermentation to isobutanol (engineered)|g__Lachnospiraceae_unclassified.s__Eubacterium_rectale",-0.14454071018335,0.00627747375975548,0.0175980409280597
"PWY-6124: inosine-5'-phosphate biosynthesis II|g__Alistipes.s__Alistipes_putredinis",-0.284442120029798,0.00632155823767262,0.0176987295879025
"PEPTIDOGLYCANSYN-PWY: peptidoglycan biosynthesis I (meso-diaminopimelate containing)|g__Dialister.s__Dialister_invisus_CAG_218",-0.347947167669217,0.00637387089082343,0.017822165445696
"COMPLETE-ARO-PWY: superpathway of aromatic amino acid biosynthesis",0.0460568895895904,0.00641456722041547,0.0178667958440107
"PWY-6122: 5-aminoimidazole ribonucleotide biosynthesis II|g__Bacteroides.s__Bacteroides_fragilis",0.282257526376437,0.00641009233175804,0.0178667958440107
"PWY-6277: superpathway of 5-aminoimidazole ribonucleotide biosynthesis|g__Bacteroides.s__Bacteroides_fragilis",0.282257526376437,0.00641009233175804,0.0178667958440107
"PWY-7228: superpathway of guanosine nucleotides de novo biosynthesis I|g__Bacteroides.s__Bacteroides_ovatus",0.328255628645129,0.00643215385180267,0.0178927822809453
"PWY-6386: UDP-N-acetylmuramoyl-pentapeptide biosynthesis II (lysine-containing)|g__Dialister.s__Dialister_invisus",-0.319257773094313,0.00649134295498724,0.0180342822864838
"PWY-7219: adenosine ribonucleotides de novo biosynthesis|g__Bacteroides.s__Bacteroides_uniformis_CAG_3",0.199296429971392,0.00659996885481783,0.0183125896394241
"PWY-5097: L-lysine biosynthesis VI|g__Ruminococcus.s__Ruminococcus_bromii",0.345504983011115,0.00673089373185102,0.0186519778988762
"UNINTEGRATED|g__Dialister.s__Dialister_invisus",-0.436825827071693,0.00677381006880184,0.0187469302925844
"PYRIDNUCSYN-PWY: NAD biosynthesis I (from aspartate)",0.0599935104433706,0.00686263686869023,0.0189685383857803
"PWY-7221: guanosine ribonucleotides de novo biosynthesis|g__Dialister.s__Dialister_invisus_CAG_218",-0.439647103316659,0.00701929736958675,0.0193768374520949
"PWY-6122: 5-aminoimidazole ribonucleotide biosynthesis II|g__Dialister.s__Dialister_invisus",-0.410509941912672,0.00706157794733765,0.0194440145004837
"PWY-6277: superpathway of 5-aminoimidazole ribonucleotide biosynthesis|g__Dialister.s__Dialister_invisus",-0.410509941912672,0.00706157794733765,0.0194440145004837
"PWY-6897: thiamin salvage II",0.038248604756986,0.00709076894488747,0.0194749002580116
"PWY-7197: pyrimidine deoxyribonucleotide phosphorylation|g__Dialister.s__Dialister_invisus_CAG_218",-0.421932452752451,0.00708940944460869,0.0194749002580116
"COA-PWY-1: coenzyme A biosynthesis II (mammalian)|g__Ruminococcus.s__Ruminococcus_bromii",0.425119815551658,0.00715231026139636,0.019619058653729
"PWY-6897: thiamin salvage II|g__Bacteroides.s__Bacteroides_ovatus",0.250475860686649,0.00717624965758552,0.0196598394538405
"PWY-5097: L-lysine biosynthesis VI|g__Bacteroides.s__Bacteroides_vulgatus_CAG_6",0.120671745179792,0.00719244825359644,0.0196793375827569
"HISTSYN-PWY: L-histidine biosynthesis|g__Bacteroides.s__Bacteroides_massiliensis",0.279768378070428,0.00723866455376353,0.019780814738973
"PWY-6703: preQ0 biosynthesis|g__Eubacterium.s__Eubacterium_eligens_CAG_72",-0.289979590144703,0.00725382272250641,0.0197972718383771
"THISYN-PWY: superpathway of thiamin diphosphate biosynthesis I|g__Bacteroides.s__Bacteroides_ovatus",0.266016466592122,0.00726325314905131,0.0197980749358418
"RIBOSYN2-PWY: flavin biosynthesis I (bacteria and plants)|g__Bacteroides.s__Bacteroides_uniformis",0.202911470069665,0.00745595144562093,0.020297797465654
"COA-PWY: coenzyme A biosynthesis I|g__Dialister.s__Dialister_invisus_CAG_218",-0.482190464655505,0.00746814197161158,0.0203054750972174
"PWY-6897: thiamin salvage II|g__Dialister.s__Dialister_invisus",-0.297771596440812,0.00748057559883663,0.0203137936374423
"PWY-6126: superpathway of adenosine nucleotides de novo biosynthesis II|g__Bacteroides.s__Bacteroides_ovatus",0.314923684069838,0.00751358753773186,0.0203779026211076
"PWY-6124: inosine-5'-phosphate biosynthesis II|g__Alistipes.s__Alistipes_putredinis_CAG_67",-0.269670142003541,0.00757075964753248,0.0205072951952536
"PWY-2942: L-lysine biosynthesis III|g__Dialister.s__Dialister_invisus",-0.327133263712994,0.00758111124917854,0.0205096979737452
"PWY-3841: folate transformations II|g__Dialister.s__Dialister_invisus",-0.446700667285686,0.00763196154946764,0.0206215220420154
"ANAGLYCOLYSIS-PWY: glycolysis III (from glucose)",0.0607607199843071,0.00765161405510642,0.0206488762856982
"COA-PWY-1: coenzyme A biosynthesis II (mammalian)|g__Dialister.s__Dialister_invisus_CAG_218",-0.415510123342408,0.00768417272019354,0.020710948115248
"PWY-6124: inosine-5'-phosphate biosynthesis II|unclassified",-0.130495070433918,0.00770487560713442,0.0207409508579631
"UDPNAGSYN-PWY: UDP-N-acetyl-D-glucosamine biosynthesis I|g__Dialister.s__Dialister_invisus_CAG_218",-0.33820734994641,0.00771559067930048,0.0207440260571267
"UNINTEGRATED|g__Fusicatenibacter.s__Fusicatenibacter_saccharivorans",-0.435343022921686,0.00778835354581328,0.0209137077246312
"PWY-6122: 5-aminoimidazole ribonucleotide biosynthesis II",0.040454516251223,0.00781853298669411,0.0209198757874404
"PWY-6277: superpathway of 5-aminoimidazole ribonucleotide biosynthesis",0.040454516251223,0.00781853298669411,0.0209198757874404
"PWY-6125: superpathway of guanosine nucleotides de novo biosynthesis II|g__Bacteroides.s__Bacteroides_ovatus",0.326468656477092,0.00781961208483003,0.0209198757874404
"PWY-2941: L-lysine biosynthesis II|unclassified",0.200557513083227,0.00791786831541957,0.021156622243544
"PWY-2942: L-lysine biosynthesis III|g__Dialister.s__Dialister_invisus_CAG_218",-0.395188450867306,0.0079627120070566,0.0212502425114429
"PWY-7229: superpathway of adenosine nucleotides de novo biosynthesis I|g__Bacteroides.s__Bacteroides_ovatus",0.302199308330513,0.0079916285201607,0.0213011795857174
"PWY-6609: adenine and adenosine salvage III|g__Alistipes.s__Alistipes_putredinis",-0.258573616622252,0.00812527133864067,0.0215777732730813
"PWY-7220: adenosine deoxyribonucleotides de novo biosynthesis II|g__Alistipes.s__Alistipes_putredinis_CAG_67",-0.252794279816051,0.00812157184523037,0.0215777732730813
"PWY-7222: guanosine deoxyribonucleotides de novo biosynthesis II|g__Alistipes.s__Alistipes_putredinis_CAG_67",-0.252794279816051,0.00812157184523037,0.0215777732730813
"PEPTIDOGLYCANSYN-PWY: peptidoglycan biosynthesis I (meso-diaminopimelate containing)|g__Alistipes.s__Alistipes_putredinis",-0.278265438049387,0.00815421219898731,0.0216281246452944
"COBALSYN-PWY: adenosylcobalamin salvage from cobinamide I|g__Bacteroides.s__Bacteroides_uniformis_CAG_3",0.18678907527182,0.00821862778871569,0.0217723305845317
"PWY-5695: urate biosynthesis/inosine 5'-phosphate degradation|g__Alistipes.s__Alistipes_putredinis_CAG_67",-0.249613967322377,0.0082906626823287,0.0219363443621567
"PWY-7111: pyruvate fermentation to isobutanol (engineered)|g__Eubacterium.s__Eubacterium_eligens_CAG_72",-0.24015876437588,0.00836485221035328,0.0221056521217507
"PWY-6121: 5-aminoimidazole ribonucleotide biosynthesis I",0.0394926229671229,0.00840544231758236,0.0221856891695707
"PWY-5667: CDP-diacylglycerol biosynthesis I|g__Dialister.s__Dialister_invisus",-0.349586248222671,0.00842585241650055,0.0221856891695707
"PWY0-1319: CDP-diacylglycerol biosynthesis II|g__Dialister.s__Dialister_invisus",-0.349586248222671,0.00842585241650055,0.0221856891695707
"PWY-6126: superpathway of adenosine nucleotides de novo biosynthesis II|g__Faecalibacterium.s__Faecalibacterium_prausnitzii",-0.290035017042294,0.00853710857310716,0.022451352279033
"PWY-2942: L-lysine biosynthesis III",0.0417743502884872,0.00859757044402787,0.0225737756611865
"PWY-6527: stachyose degradation|g__Roseburia.s__Roseburia_inulinivorans_CAG_15",0.250582352209918,0.00860449409143519,0.0225737756611865
"PWY-5097: L-lysine biosynthesis VI|g__Dialister.s__Dialister_invisus",-0.302188381141379,0.00863190786488472,0.0226183123859797
"PWY-7357: thiamin formation from pyrithiamine and oxythiamine (yeast)|g__Bacteroides.s__Bacteroides_ovatus",0.223724671672166,0.00880005404922261,0.023031059329306
"PWY-7220: adenosine deoxyribonucleotides de novo biosynthesis II|g__Alistipes.s__Alistipes_putredinis",-0.27438464161824,0.00893651653845014,0.0233318449865319
"PWY-7222: guanosine deoxyribonucleotides de novo biosynthesis II|g__Alistipes.s__Alistipes_putredinis",-0.27438464161824,0.00893651653845014,0.0233318449865319
"COA-PWY: coenzyme A biosynthesis I|g__Alistipes.s__Alistipes_putredinis",-0.265606117953522,0.00899245318289311,0.0234496342326467
"ASPASN-PWY: superpathway of L-aspartate and L-asparagine biosynthesis|g__Bacteroides.s__Bacteroides_uniformis_CAG_3",0.186667050538753,0.00902745664437363,0.0235126184475453
"PWY-7220: adenosine deoxyribonucleotides de novo biosynthesis II|g__Bacteroides.s__Bacteroides_caccae",0.37235470666065,0.00910204920967344,0.0236500487258541
"PWY-7222: guanosine deoxyribonucleotides de novo biosynthesis II|g__Bacteroides.s__Bacteroides_caccae",0.37235470666065,0.00910204920967344,0.0236500487258541
"PWY-6123: inosine-5'-phosphate biosynthesis I|g__Alistipes.s__Alistipes_putredinis",-0.269336636064895,0.00912822118732328,0.0236896470813527
"PWY-7219: adenosine ribonucleotides de novo biosynthesis|g__Bacteroides.s__Bacteroides_ovatus",0.267960209594708,0.00915599354849756,0.0237332990665003
"THISYN-PWY: superpathway of thiamin diphosphate biosynthesis I|g__Bacteroides.s__Bacteroides_uniformis",0.2147349561544,0.00934513392858696,0.0241946298963536
"PWY-6122: 5-aminoimidazole ribonucleotide biosynthesis II|g__Alistipes.s__Alistipes_putredinis",-0.307614639137835,0.00939776481015312,0.024272891947082
"PWY-6277: superpathway of 5-aminoimidazole ribonucleotide biosynthesis|g__Alistipes.s__Alistipes_putredinis",-0.307614639137835,0.00939776481015312,0.024272891947082
"PWY-5686: UMP biosynthesis|g__Roseburia.s__Roseburia_inulinivorans",0.310459394754516,0.00948012734556547,0.0244564713783814
"PYRIDOXSYN-PWY: pyridoxal 5'-phosphate biosynthesis I|g__Bacteroides.s__Bacteroides_ovatus",0.211872930415224,0.00949352654212395,0.0244619167857106
"COBALSYN-PWY: adenosylcobalamin salvage from cobinamide I|g__Faecalibacterium.s__Faecalibacterium_prausnitzii",-0.245438706579007,0.00963105562198608,0.0247868141720236
"RHAMCAT-PWY: L-rhamnose degradation I|g__Bacteroides.s__Bacteroides_caccae",0.38231222270012,0.00969607284990455,0.0249245431384854
"PWY-6123: inosine-5'-phosphate biosynthesis I|unclassified",-0.125798096533955,0.0097374574825712,0.0250012682046585
"UDPNAGSYN-PWY: UDP-N-acetyl-D-glucosamine biosynthesis I|g__Dialister.s__Dialister_invisus",-0.329093248594102,0.0098896011210268,0.0253618528156983
"PWY-6897: thiamin salvage II|g__Dialister.s__Dialister_invisus_CAG_218",-0.392369309717567,0.0100292305083218,0.0256895301554768
"THISYNARA-PWY: superpathway of thiamin diphosphate biosynthesis III (eukaryotes)|g__Bacteroides.s__Bacteroides_uniformis_CAG_3",0.197144629380289,0.0100534190718445,0.0256907536894893
"PWY-7234: inosine-5'-phosphate biosynthesis III|g__Alistipes.s__Alistipes_finegoldii",0.279820379354342,0.0100427216071296,0.0256907536894893
"DTDPRHAMSYN-PWY: dTDP-L-rhamnose biosynthesis I|g__Alistipes.s__Alistipes_putredinis_CAG_67",-0.262357699832425,0.0101049202924821,0.0257919461411174
"PANTO-PWY: phosphopantothenate biosynthesis I|g__Bacteroides.s__Bacteroides_uniformis_CAG_3",0.17710290959178,0.0101182610280547,0.0257956137032878
"PWY-6122: 5-aminoimidazole ribonucleotide biosynthesis II|g__Eubacterium.s__Eubacterium_eligens_CAG_72",-0.214454109316779,0.0101818999965522,0.0258969217048457
"PWY-6277: superpathway of 5-aminoimidazole ribonucleotide biosynthesis|g__Eubacterium.s__Eubacterium_eligens_CAG_72",-0.214454109316779,0.0101818999965522,0.0258969217048457
"NAGLIPASYN-PWY: lipid IVA biosynthesis|g__Bacteroides.s__Bacteroides_uniformis_CAG_3",0.194806015945587,0.0101971404840598,0.0259052795181215
"UNINTEGRATED|g__Roseburia.s__Roseburia_faecis",-0.128552932132876,0.0104491008976608,0.0265142876407857
"COA-PWY: coenzyme A biosynthesis I|g__Bacteroides.s__Bacteroides_uniformis_CAG_3",0.163767094213942,0.0104955944458083,0.0266011148117738
"COA-PWY: coenzyme A biosynthesis I|g__Barnesiella.s__Barnesiella_intestinihominis",-0.395987162832517,0.0105427085114223,0.0266893099816028
"PWY-6163: chorismate biosynthesis from 3-dehydroquinate",0.0469901733981529,0.0106060654310641,0.0268183708157711
"SER-GLYSYN-PWY: superpathway of L-serine and glycine biosynthesis I|g__Bacteroides.s__Bacteroides_uniformis",0.203178530659202,0.010656960562496,0.0269156568052783
"RHAMCAT-PWY: L-rhamnose degradation I|unclassified",0.0678062800415411,0.0107227842696585,0.0270503766150758
"PWY-7663: gondoate biosynthesis (anaerobic)|g__Bacteroides.s__Bacteroides_uniformis",0.252107166304078,0.0107404590955443,0.0270634591395867
"PWY-7221: guanosine ribonucleotides de novo biosynthesis|g__Alistipes.s__Alistipes_putredinis_CAG_67",-0.265623015698855,0.0110340232296797,0.0277708807650591
"PWY-6749: CMP-legionaminate biosynthesis I",0.155810039116068,0.0110521349062347,0.0277841952921238
"PWY-6122: 5-aminoimidazole ribonucleotide biosynthesis II|g__Ruminococcus.s__Ruminococcus_bromii",0.311268674235059,0.0112914542100839,0.0283201172144119
"PWY-6277: superpathway of 5-aminoimidazole ribonucleotide biosynthesis|g__Ruminococcus.s__Ruminococcus_bromii",0.311268674235059,0.0112914542100839,0.0283201172144119
"PWY66-399: gluconeogenesis III|unclassified",0.230984951190843,0.0113510593570545,0.028436700146517
"RIBOSYN2-PWY: flavin biosynthesis I (bacteria and plants)|g__Akkermansia.s__Akkermansia_muciniphila",0.53521499239381,0.0114450589357795,0.0286324956266696
"PWY-5097: L-lysine biosynthesis VI|g__Dialister.s__Dialister_invisus_CAG_218",-0.401298521835236,0.0114556408437114,0.0286324956266696
"PWY-6151: S-adenosyl-L-methionine cycle I|g__Bacteroides.s__Bacteroides_uniformis_CAG_3",0.164975886487952,0.0115629245505327,0.0288673473513876
"PWY-6121: 5-aminoimidazole ribonucleotide biosynthesis I|g__Eubacterium.s__Eubacterium_eligens",-0.223012421238848,0.011646482389293,0.0290424940593763
"PWY-2942: L-lysine biosynthesis III|g__Bacteroides.s__Bacteroides_uniformis_CAG_3",0.197644180885085,0.0117025554904785,0.0291487790205366
"VALSYN-PWY: L-valine biosynthesis|g__Blautia.s__Blautia_wexlerae",0.232317547705671,0.0117434233707006,0.0292169901771622
"UNINTEGRATED|g__Roseburia.s__Roseburia_inulinivorans_CAG_15",0.451070434208319,0.0118864739839875,0.0295389783524092
"PWY-5097: L-lysine biosynthesis VI|g__Bacteroides.s__Bacteroides_uniformis_CAG_3",0.207795438700272,0.0119887428186548,0.029758998497165
"PWY-7111: pyruvate fermentation to isobutanol (engineered)|g__Roseburia.s__Roseburia_hominis",-0.140520476072358,0.0121497311665238,0.0300896770718366
"PWY-6124: inosine-5'-phosphate biosynthesis II|g__Dialister.s__Dialister_invisus",-0.282525525645733,0.0121391708033329,0.0300896770718366
"PWY-6703: preQ0 biosynthesis|g__Bacteroides.s__Bacteroides_ovatus",0.22495060054563,0.0121799451018846,0.0301300696755525
"PWY-7316: dTDP-N-acetylviosamine biosynthesis",0.350253428408112,0.0123766075366668,0.0305816516898028
"UNINTEGRATED|g__Bacteroides.s__Bacteroides_uniformis",0.2031288902989,0.0124022020878376,0.0306099908022143
"PWY-5686: UMP biosynthesis|g__Dialister.s__Dialister_invisus_CAG_218",-0.35551863040681,0.0124210552018431,0.0306216457592651
"PWY-6123: inosine-5'-phosphate biosynthesis I|g__Bacteroides.s__Bacteroides_ovatus",0.292802532942844,0.0125977644147681,0.0309867826183909
"PWY-7221: guanosine ribonucleotides de novo biosynthesis|g__Eubacterium.s__Eubacterium_eligens_CAG_72",-0.173774329886348,0.0125973181185826,0.0309867826183909
"DTDPRHAMSYN-PWY: dTDP-L-rhamnose biosynthesis I|g__Bacteroides.s__Bacteroides_uniformis_CAG_3",0.202328010214603,0.0129268276175158,0.0316175157455968
"PEPTIDOGLYCANSYN-PWY: peptidoglycan biosynthesis I (meso-diaminopimelate containing)|g__Ruminococcus.s__Ruminococcus_bromii",0.349495361784145,0.0128840669547311,0.0316175157455968
"PWY-5686: UMP biosynthesis|g__Alistipes.s__Alistipes_putredinis_CAG_67",-0.256995647148624,0.012886013950258,0.0316175157455968
"PYRIDNUCSYN-PWY: NAD biosynthesis I (from aspartate)|g__Alistipes.s__Alistipes_putredinis",-0.302471911514244,0.0129271430321176,0.0316175157455968
"PWY-724: superpathway of L-lysine, L-threonine and L-methionine biosynthesis II|g__Dialister.s__Dialister_invisus_CAG_218",-0.380115059297368,0.0129154165943832,0.0316175157455968
"COA-PWY-1: coenzyme A biosynthesis II (mammalian)|g__Bacteroides.s__Bacteroides_uniformis_CAG_3",0.139523292352844,0.0129932139450871,0.0317432859289783
"UNINTEGRATED|g__Bacteroides.s__Bacteroides_thetaiotaomicron",0.476927899790999,0.0132874200336658,0.0324254946091822
"PYRIDNUCSYN-PWY: NAD biosynthesis I (from aspartate)|g__Alistipes.s__Alistipes_putredinis_CAG_67",-0.233118034841629,0.0133250791045977,0.0324808171199811
"PWY-7234: inosine-5'-phosphate biosynthesis III|g__Alistipes.s__Alistipes_putredinis",-0.257442450358003,0.0133512083713408,0.0325079421805569
"PWY-7219: adenosine ribonucleotides de novo biosynthesis|g__Alistipes.s__Alistipes_putredinis",-0.272527641072955,0.0133868585872144,0.0325581622429782
"PWY-5973: cis-vaccenate biosynthesis|g__Bacteroides.s__Bacteroides_uniformis",0.249451498973607,0.0135065016178274,0.0328123195132645
"PWY-6168: flavin biosynthesis III (fungi)|g__Dialister.s__Dialister_invisus",-0.397811827321253,0.0136920115360437,0.03322574355947
"PWY-6121: 5-aminoimidazole ribonucleotide biosynthesis I|g__Eubacterium.s__Eubacterium_eligens_CAG_72",-0.197318740226993,0.013875645129629,0.0336336946262931
"VALSYN-PWY: L-valine biosynthesis|g__Bacteroides.s__Bacteroides_thetaiotaomicron",0.468405868702207,0.0140226446174655,0.0339520345095506
"PWY-6608: guanosine nucleotides degradation III|g__Faecalibacterium.s__Faecalibacterium_prausnitzii",-0.287438654864155,0.0142832584153434,0.034544443064787
"PWY-6387: UDP-N-acetylmuramoyl-pentapeptide biosynthesis I (meso-diaminopimelate containing)|g__Ruminococcus.s__Ruminococcus_bromii",0.333815153870429,0.0143960801361929,0.0347439905104602
"PWY-6147: 6-hydroxymethyl-dihydropterin diphosphate biosynthesis I|g__Bacteroides.s__Bacteroides_uniformis_CAG_3",0.190370933665699,0.0143978327080726,0.0347439905104602
"HISDEG-PWY: L-histidine degradation I|g__Alistipes.s__Alistipes_putredinis_CAG_67",-0.217639502723374,0.0144528736120417,0.0348380168156777
"PWY-4242: pantothenate and coenzyme A biosynthesis III|g__Alistipes.s__Alistipes_putredinis",-0.254760131787542,0.0145013829140609,0.0349161075275221
"PWY0-1296: purine ribonucleosides degradation|g__Fusicatenibacter.s__Fusicatenibacter_saccharivorans",-0.364809879572555,0.0146363909236999,0.0352020634091651
"PWY-7221: guanosine ribonucleotides de novo biosynthesis|g__Roseburia.s__Roseburia_inulinivorans_CAG_15",0.27640312391246,0.0146568128120756,0.0352120990729133
"TRNA-CHARGING-PWY: tRNA charging|g__Alistipes.s__Alistipes_putredinis",-0.278536660575803,0.0147498344229041,0.0353963357634918
"DTDPRHAMSYN-PWY: dTDP-L-rhamnose biosynthesis I|g__Barnesiella.s__Barnesiella_intestinihominis",-0.440611887002003,0.0148258023550137,0.0355392850700384
"SALVADEHYPOX-PWY: adenosine nucleotides degradation II|g__Faecalibacterium.s__Faecalibacterium_prausnitzii",-0.282743714851121,0.0149808364236475,0.0358712403646897
"PWY-6386: UDP-N-acetylmuramoyl-pentapeptide biosynthesis II (lysine-containing)|g__Ruminococcus.s__Ruminococcus_bromii",0.328783436940982,0.0151255956652969,0.036137999786878
"PWY-7197: pyrimidine deoxyribonucleotide phosphorylation|unclassified",-0.218707950561002,0.01511471208382,0.036137999786878
"PWY-5103: L-isoleucine biosynthesis III|g__Bacteroides.s__Bacteroides_uniformis",0.188156528659034,0.0152570016188575,0.0363767248627844
"PWY-6703: preQ0 biosynthesis|g__Bacteroides.s__Bacteroides_vulgatus",0.122916248193172,0.015259087632797,0.0363767248627844
"PWY-6897: thiamin salvage II|g__Bacteroides.s__Bacteroides_uniformis_CAG_3",0.215148912501035,0.0152784128568053,0.0363827699568101
"PANTOSYN-PWY: pantothenate and coenzyme A biosynthesis I|g__Bacteroides.s__Bacteroides_vulgatus_CAG_6",0.0947359088943354,0.015302865923267,0.0364009994025461
"COA-PWY: coenzyme A biosynthesis I|g__Alistipes.s__Alistipes_putredinis_CAG_67",-0.275208664676768,0.0153322209286861,0.0364308363513847
"PWY0-845: superpathway of pyridoxal 5'-phosphate biosynthesis and salvage|g__Bacteroides.s__Bacteroides_ovatus",0.181347606319529,0.0153684835719178,0.0364770031767206
"PWY-6121: 5-aminoimidazole ribonucleotide biosynthesis I|g__Barnesiella.s__Barnesiella_intestinihominis",-0.391092839083139,0.0154490014734644,0.0365879630524562
"COA-PWY-1: coenzyme A biosynthesis II (mammalian)|g__Alistipes.s__Alistipes_putredinis",-0.271914632671623,0.0154435019195276,0.0365879630524562
"PWY-5097: L-lysine biosynthesis VI|g__Barnesiella.s__Barnesiella_intestinihominis",-0.398053461098809,0.0155717332007541,0.0368383688275481
"PWY-6387: UDP-N-acetylmuramoyl-pentapeptide biosynthesis I (meso-diaminopimelate containing)|g__Alistipes.s__Alistipes_putredinis",-0.27221886566924,0.0156350900727592,0.0369479173257025
"PWY-6507: 4-deoxy-L-threo-hex-4-enopyranuronate degradation",0.148794144844173,0.0157943754441549,0.0372836727532502
"PWY-7221: guanosine ribonucleotides de novo biosynthesis|g__Bacteroides.s__Bacteroides_uniformis_CAG_3",0.210063063766813,0.0159751096186113,0.0376692737143969
"ASPASN-PWY: superpathway of L-aspartate and L-asparagine biosynthesis|g__Bacteroides.s__Bacteroides_uniformis",0.171177966591672,0.0160887410724349,0.0378959803303983
"FASYN-INITIAL-PWY: superpathway of fatty acid biosynthesis initiation (E. coli)|g__Bacteroides.s__Bacteroides_vulgatus",0.191390558260166,0.0161383218768351,0.0379714913215001
"PWY-5686: UMP biosynthesis|g__Alistipes.s__Alistipes_putredinis",-0.262840890324539,0.0162220291254099,0.0380857390192451
"VALSYN-PWY: L-valine biosynthesis|g__Lachnospira.s__Lachnospira_pectinoschiza",-0.295580072362708,0.0162208932085973,0.0380857390192451
"PWY-7357: thiamin formation from pyrithiamine and oxythiamine (yeast)|g__Bacteroides.s__Bacteroides_uniformis_CAG_3",0.197456182823189,0.0163763608762157,0.0382745687742595
"PWY-7111: pyruvate fermentation to isobutanol (engineered)|g__Lachnospira.s__Lachnospira_pectinoschiza",-0.293253611661188,0.0163904018978419,0.0382745687742595
"COA-PWY-1: coenzyme A biosynthesis II (mammalian)|g__Barnesiella.s__Barnesiella_intestinihominis",-0.401802765340959,0.0163907705687645,0.0382745687742595
"ARGSYNBSUB-PWY: L-arginine biosynthesis II (acetyl cycle)|g__Lachnospira.s__Lachnospira_pectinoschiza",-0.248499343982115,0.016354312321576,0.0382745687742595
"DTDPRHAMSYN-PWY: dTDP-L-rhamnose biosynthesis I|g__Eubacterium.s__Eubacterium_eligens",-0.207417211690527,0.0163300072731657,0.0382745687742595
"PWY-7282: 4-amino-2-methyl-5-phosphomethylpyrimidine biosynthesis (yeast)|g__Bacteroides.s__Bacteroides_ovatus",0.148109259682279,0.0165384820760952,0.0385779232065643
"PWY-1269: CMP-3-deoxy-D-manno-octulosonate biosynthesis I|g__Bacteroides.s__Bacteroides_uniformis",0.162961551712381,0.016742985258608,0.0390129559735521
"PWY-6703: preQ0 biosynthesis|g__Bacteroides.s__Bacteroides_uniformis",0.167033540542244,0.0167930416447247,0.0390875630978716
"ARGSYNBSUB-PWY: L-arginine biosynthesis II (acetyl cycle)",-0.0621522141185782,0.0169020412443842,0.0392990594169319
"PWY-6609: adenine and adenosine salvage III|g__Alistipes.s__Alistipes_putredinis_CAG_67",-0.231298249261553,0.0169977798842565,0.0394793022606471
"PWY-7111: pyruvate fermentation to isobutanol (engineered)|g__Roseburia.s__Roseburia_faecis",-0.0880670267499129,0.0171752759651796,0.0398488469127883
"PWY-7219: adenosine ribonucleotides de novo biosynthesis|g__Dialister.s__Dialister_invisus",-0.235799410006952,0.017291410872155,0.0400753875507592
"PWY-5695: urate biosynthesis/inosine 5'-phosphate degradation",0.0413571625807308,0.0173140503414415,0.0400849862071622
"PWY-7221: guanosine ribonucleotides de novo biosynthesis|g__Eubacterium.s__Eubacterium_eligens",-0.205034857441489,0.0174610162104081,0.0403820940533131
"PWY-724: superpathway of L-lysine, L-threonine and L-methionine biosynthesis II|g__Faecalibacterium.s__Faecalibacterium_prausnitzii",-0.251461549528084,0.0175599220244688,0.0405675384083411
"PWY-6703: preQ0 biosynthesis|g__Bacteroides.s__Bacteroides_massiliensis",0.226924121156297,0.0176466893861286,0.0407245749730997
"PWY-5030: L-histidine degradation III|g__Alistipes.s__Alistipes_putredinis",-0.269656768066068,0.0176772945316762,0.0407518055852577
"1CMET2-PWY: N10-formyl-tetrahydrofolate biosynthesis",0.0346417063160516,0.017746949827445,0.0408689057131492
"PWY-6386: UDP-N-acetylmuramoyl-pentapeptide biosynthesis II (lysine-containing)|g__Alistipes.s__Alistipes_putredinis",-0.269522406380377,0.0178670063860967,0.0411017015272523
"PWY-5505: L-glutamate and L-glutamine biosynthesis",0.105842083881458,0.0179004215024497,0.0411349028587577
"BRANCHED-CHAIN-AA-SYN-PWY: superpathway of branched amino acid biosynthesis|g__Bacteroides.s__Bacteroides_uniformis",0.180840234907769,0.017992991983428,0.0412003579127817
"SER-GLYSYN-PWY: superpathway of L-serine and glycine biosynthesis I|g__Dialister.s__Dialister_invisus",-0.312193303102793,0.0179689964320943,0.0412003579127817
"PWY-6385: peptidoglycan biosynthesis III (mycobacteria)|g__Alistipes.s__Alistipes_putredinis",-0.268193679473224,0.0180049556730061,0.0412003579127817
"UNINTEGRATED|g__Ruminococcus.s__Ruminococcus_bicirculans",-0.445952871197958,0.0179522707585594,0.0412003579127817
"PWY-3841: folate transformations II|g__Alistipes.s__Alistipes_putredinis",-0.260356102650189,0.0180392996156772,0.041235403235414
"ARGSYNBSUB-PWY: L-arginine biosynthesis II (acetyl cycle)|g__Gemmiger.s__Gemmiger_formicilis",-0.405156555456309,0.0181580989638319,0.0414195794259197
"PWY-5695: urate biosynthesis/inosine 5'-phosphate degradation|g__Alistipes.s__Alistipes_putredinis",-0.219964101052394,0.018154335861148,0.0414195794259197
"PWY-7229: superpathway of adenosine nucleotides de novo biosynthesis I|g__Bacteroides.s__Bacteroides_vulgatus",0.125081181990907,0.018440545369837,0.0420196233611323
"PYRIDOXSYN-PWY: pyridoxal 5'-phosphate biosynthesis I|g__Bacteroides.s__Bacteroides_uniformis_CAG_3",0.169237393689797,0.0187509050985454,0.0426819446938529
"PWY-7221: guanosine ribonucleotides de novo biosynthesis|g__Lachnospira.s__Lachnospira_pectinoschiza",-0.283054792380008,0.0188305402090699,0.0428182378101307
"ARGININE-SYN4-PWY: L-ornithine de novo  biosynthesis|g__Bacteroides.s__Bacteroides_massiliensis",0.189853117541976,0.0189219749769027,0.0429810479821259
"PWY-6126: superpathway of adenosine nucleotides de novo biosynthesis II|g__Bacteroides.s__Bacteroides_vulgatus",0.12474307425544,0.0189860924403427,0.0430815312232698
"PWY-7234: inosine-5'-phosphate biosynthesis III",0.142704505629569,0.0190600694016803,0.0432041531312147
"PWY-6609: adenine and adenosine salvage III|g__Bacteroides.s__Bacteroides_uniformis_CAG_3",0.194145872194555,0.0191091302089664,0.043224932320282
"PWY-5188: tetrapyrrole biosynthesis I (from glutamate)|g__Dialister.s__Dialister_invisus_CAG_218",-0.388266703131903,0.0190894044073398,0.043224932320282
"PWY-6700: queuosine biosynthesis|g__Dialister.s__Dialister_invisus",-0.30909171492135,0.019153940024059,0.0432811136935724
"TRNA-CHARGING-PWY: tRNA charging|g__Bacteroides.s__Bacteroides_uniformis",0.189475159189613,0.0192280006312609,0.0434032055916067
"DTDPRHAMSYN-PWY: dTDP-L-rhamnose biosynthesis I",0.0380607439884234,0.0193420651324682,0.0434511342526387
"PWY-6122: 5-aminoimidazole ribonucleotide biosynthesis II|g__Bacteroides.s__Bacteroides_uniformis",0.177420269851957,0.0193130639535202,0.0434511342526387
"PWY-6277: superpathway of 5-aminoimidazole ribonucleotide biosynthesis|g__Bacteroides.s__Bacteroides_uniformis",0.177420269851957,0.0193130639535202,0.0434511342526387
"THISYN-PWY: superpathway of thiamin diphosphate biosynthesis I|g__Bacteroides.s__Bacteroides_uniformis_CAG_3",0.124051942383279,0.019349489872541,0.0434511342526387
"PWY-1269: CMP-3-deoxy-D-manno-octulosonate biosynthesis I|unclassified",0.103529976984688,0.0193209803599215,0.0434511342526387
"COA-PWY: coenzyme A biosynthesis I|g__Eubacterium.s__Eubacterium_eligens_CAG_72",-0.288802217122248,0.0194352100273553,0.043598447338798
"PWY-6700: queuosine biosynthesis|g__Bacteroides.s__Bacteroides_uniformis",0.180569133447543,0.0196330606423031,0.0439967346555023
"RIBOSYN2-PWY: flavin biosynthesis I (bacteria and plants)|g__Bacteroides.s__Bacteroides_uniformis_CAG_3",0.21438189235222,0.0198110366097091,0.0443497069558261
"ARGSYNBSUB-PWY: L-arginine biosynthesis II (acetyl cycle)|g__Ruminococcus.s__Ruminococcus_bromii",0.312577928001611,0.0198702672686923,0.0444363974935565
"PWY-6163: chorismate biosynthesis from 3-dehydroquinate|g__Bacteroides.s__Bacteroides_vulgatus",0.128495402547543,0.0199521918656563,0.0445736080132754
"PWY-6386: UDP-N-acetylmuramoyl-pentapeptide biosynthesis II (lysine-containing)|g__Alistipes.s__Alistipes_putredinis_CAG_67",-0.271775642440363,0.0200704816579814,0.0447916928453612
"PWY-6124: inosine-5'-phosphate biosynthesis II|g__Bacteroides.s__Bacteroides_ovatus",0.289045217967505,0.0201424715875623,0.0449061069241229
"TRNA-CHARGING-PWY: tRNA charging|g__Bacteroides.s__Bacteroides_dorei",0.180788155875997,0.0203023852935679,0.0452161037319235
"PWY-7219: adenosine ribonucleotides de novo biosynthesis|g__Alistipes.s__Alistipes_putredinis_CAG_67",-0.281982840156372,0.0205213865039098,0.045656924593401
"PWY-6123: inosine-5'-phosphate biosynthesis I|g__Dialister.s__Dialister_invisus",-0.269859955012655,0.0209103278192768,0.046474543983972
"ILEUSYN-PWY: L-isoleucine biosynthesis I (from threonine)|g__Bacteroides.s__Bacteroides_uniformis",0.167648938614519,0.0211780712954262,0.0469734575053516
"COA-PWY: coenzyme A biosynthesis I|g__Fusicatenibacter.s__Fusicatenibacter_saccharivorans",-0.314657533822114,0.0211781578139033,0.0469734575053516
"PWY-6892: thiazole biosynthesis I (E. coli)|g__Bacteroides.s__Bacteroides_uniformis_CAG_3",-0.0693129771803348,0.0213042880182886,0.0472048999341835
"PEPTIDOGLYCANSYN-PWY: peptidoglycan biosynthesis I (meso-diaminopimelate containing)|g__Bacteroides.s__Bacteroides_massiliensis",0.201684260189737,0.0214744885140303,0.0475334183962243
"PWY-5695: urate biosynthesis/inosine 5'-phosphate degradation|g__Bacteroides.s__Bacteroides_uniformis_CAG_3",0.179924924118243,0.0215701324024662,0.0476477848278739
"DTDPRHAMSYN-PWY: dTDP-L-rhamnose biosynthesis I|g__Alistipes.s__Alistipes_putredinis",-0.307893849366693,0.0215661587609247,0.0476477848278739
"PWY-6595: superpathway of guanosine nucleotides degradation (plants)",0.538678239952216,0.0217413160333056,0.0479770181712558
"PWY-6700: queuosine biosynthesis|g__Ruminococcus.s__Ruminococcus_bromii",0.331907483693704,0.0217674017189083,0.0479824183438937
"PEPTIDOGLYCANSYN-PWY: peptidoglycan biosynthesis I (meso-diaminopimelate containing)|g__Faecalibacterium.s__Faecalibacterium_prausnitzii",-0.299700968471929,0.0217880478312835,0.0479824183438937
"PWY-7400: L-arginine biosynthesis IV (archaebacteria)|g__Ruminococcus.s__Ruminococcus_bromii",0.325438835802365,0.0220248613637004,0.048432818073396
"ARGSYN-PWY: L-arginine biosynthesis I (via L-ornithine)|g__Ruminococcus.s__Ruminococcus_bromii",0.325725086552432,0.0220596176457969,0.048432818073396
"ILEUSYN-PWY: L-isoleucine biosynthesis I (from threonine)|g__Eubacterium.s__Eubacterium_eligens_CAG_72",-0.249469822036978,0.02205874749165,0.048432818073396
"GLUTORN-PWY: L-ornithine biosynthesis|g__Ruminococcus.s__Ruminococcus_bromii",0.31681705965693,0.0224084128562699,0.0491488164570211
"PWY-724: superpathway of L-lysine, L-threonine and L-methionine biosynthesis II|unclassified",-0.125074263750581,0.0225001662686361,0.0493001620870924
"PWY-5667: CDP-diacylglycerol biosynthesis I|g__Bacteroides.s__Bacteroides_uniformis_CAG_3",0.139920898498028,0.0226441338273467,0.0495154772995562
"PWY0-1319: CDP-diacylglycerol biosynthesis II|g__Bacteroides.s__Bacteroides_uniformis_CAG_3",0.139920898498028,0.0226441338273467,0.0495154772995562
"DTDPRHAMSYN-PWY: dTDP-L-rhamnose biosynthesis I|g__Bacteroides.s__Bacteroides_massiliensis",0.23388896108691,0.0227422966969814,0.0496799969177004
"ARGININE-SYN4-PWY: L-ornithine de novo  biosynthesis",0.0973390460908598,0.0228205289044375,0.0498006909727251
"DTDPRHAMSYN-PWY: dTDP-L-rhamnose biosynthesis I|g__Bacteroides.s__Bacteroides_ovatus",0.360637156990092,0.0230087325747534,0.0501608888224251
"PWY-6123: inosine-5'-phosphate biosynthesis I|g__Bacteroides.s__Bacteroides_vulgatus",0.129756620262494,0.0230797988893595,0.0501644174455788
"DTDPRHAMSYN-PWY: dTDP-L-rhamnose biosynthesis I|g__Lachnospira.s__Lachnospira_pectinoschiza",-0.253767934135059,0.0230691522836182,0.0501644174455788
"PWY-6936: seleno-amino acid biosynthesis|g__Eubacterium.s__Eubacterium_eligens",-0.262941959566385,0.0230657149819926,0.0501644174455788
"PWY-6151: S-adenosyl-L-methionine cycle I|g__Barnesiella.s__Barnesiella_intestinihominis",-0.358406800004803,0.0233113760514347,0.0506169858752095
"PWY-6122: 5-aminoimidazole ribonucleotide biosynthesis II|g__Bacteroides.s__Bacteroides_uniformis_CAG_3",0.179976719353666,0.0235071342696846,0.0509399599624066
"PWY-6277: superpathway of 5-aminoimidazole ribonucleotide biosynthesis|g__Bacteroides.s__Bacteroides_uniformis_CAG_3",0.179976719353666,0.0235071342696846,0.0509399599624066
"PWY-3841: folate transformations II|g__Alistipes.s__Alistipes_putredinis_CAG_67",-0.259070093662112,0.0237674963551285,0.0514527118896737
"PWY-7208: superpathway of pyrimidine nucleobases salvage|unclassified",-0.221493070435224,0.0239330173628682,0.0517593299654046
"TRNA-CHARGING-PWY: tRNA charging|g__Alistipes.s__Alistipes_putredinis_CAG_67",-0.277499833091561,0.0240882686139248,0.0520431486404536
"PWY-6143: CMP-pseudaminate biosynthesis",0.47932234157511,0.0242063366460746,0.0522461469243463
"PWY-6121: 5-aminoimidazole ribonucleotide biosynthesis I|g__Alistipes.s__Alistipes_putredinis",-0.297393882551165,0.0242986171164891,0.0523931376034149
"PWY-7198: pyrimidine deoxyribonucleotides de novo biosynthesis IV|unclassified",0.145511945731368,0.0243273241399665,0.0524028940470252
"PWY-6703: preQ0 biosynthesis|g__Bacteroides.s__Bacteroides_vulgatus_CAG_6",0.10596917335143,0.0244192143831953,0.0525101330033279
"HISDEG-PWY: L-histidine degradation I|g__Alistipes.s__Alistipes_putredinis",-0.228479508422617,0.024425571789273,0.0525101330033279
"PWY-7221: guanosine ribonucleotides de novo biosynthesis|g__Bacteroides.s__Bacteroides_uniformis",0.194175165183572,0.0246137396849053,0.0528098751457325
"GLUTORN-PWY: L-ornithine biosynthesis|g__Lachnospira.s__Lachnospira_pectinoschiza",-0.259984259863231,0.0245936334861585,0.0528098751457325
"1CMET2-PWY: N10-formyl-tetrahydrofolate biosynthesis|g__Barnesiella.s__Barnesiella_intestinihominis",-0.34887964368998,0.0247991752174937,0.0531551065245388
"PWY-7388: octanoyl-[acyl-carrier protein] biosynthesis (mitochondria, yeast)|g__Bacteroides.s__Bacteroides_vulgatus",0.170862710055974,0.0248885058598831,0.0532938658086628
"VALSYN-PWY: L-valine biosynthesis|g__Roseburia.s__Roseburia_inulinivorans_CAG_15",0.294003185641872,0.0250100619489632,0.0535012875058276
"TRNA-CHARGING-PWY: tRNA charging|g__Bacteroides.s__Bacteroides_ovatus",0.24976617258805,0.0251558687315756,0.0537601257803988
"THISYNARA-PWY: superpathway of thiamin diphosphate biosynthesis III (eukaryotes)|g__Bacteroides.s__Bacteroides_uniformis",0.163295286063382,0.0254346306762394,0.0543023100250352
"COA-PWY-1: coenzyme A biosynthesis II (mammalian)|g__Dialister.s__Dialister_invisus",-0.250968778416208,0.0255704894625852,0.0545386325447068
"PWY-7221: guanosine ribonucleotides de novo biosynthesis|g__Dialister.s__Dialister_invisus",-0.276847537077005,0.0257697429991389,0.0548556317083832
"PWY-4242: pantothenate and coenzyme A biosynthesis III|g__Dialister.s__Dialister_invisus_CAG_218",-0.428879513808693,0.0257512164686982,0.0548556317083832
"PWY-5030: L-histidine degradation III|g__Bacteroides.s__Bacteroides_uniformis",0.170584608954346,0.0259847268593766,0.055258982437948
"UNINTEGRATED|g__Barnesiella.s__Barnesiella_intestinihominis",-0.464482135945428,0.0260953100473735,0.0554397420320181
"PWY-6385: peptidoglycan biosynthesis III (mycobacteria)|g__Alistipes.s__Alistipes_putredinis_CAG_67",-0.255175291213589,0.0262557401973799,0.0557259441799435
"PWY-3841: folate transformations II|g__Barnesiella.s__Barnesiella_intestinihominis",-0.343961350718164,0.026387081205129,0.0559499070171376
"ARO-PWY: chorismate biosynthesis I",0.0386025470703144,0.0267493452648001,0.056662591582426
"PWY-5030: L-histidine degradation III",0.102244996861043,0.0269099869161638,0.0569472086399677
"BRANCHED-CHAIN-AA-SYN-PWY: superpathway of branched amino acid biosynthesis|g__Eubacterium.s__Eubacterium_eligens_CAG_72",-0.242260125406892,0.027352059217018,0.0578262559251494
"ARGININE-SYN4-PWY: L-ornithine de novo  biosynthesis|g__Bacteroides.s__Bacteroides_uniformis_CAG_3",0.129902475406896,0.0275300283178581,0.0581457810573084
"PWY-7197: pyrimidine deoxyribonucleotide phosphorylation|g__Dialister.s__Dialister_invisus",-0.253544468365533,0.0280129918205706,0.0591082310371728
"PWY-6386: UDP-N-acetylmuramoyl-pentapeptide biosynthesis II (lysine-containing)|g__Bacteroides.s__Bacteroides_vulgatus_CAG_6",0.0969111605036816,0.0280983847955104,0.0592307391555166
"PWY-6608: guanosine nucleotides degradation III|g__Bacteroides.s__Bacteroides_ovatus",0.202149714948309,0.0282616641436911,0.0595170322637304
"PWY-6387: UDP-N-acetylmuramoyl-pentapeptide biosynthesis I (meso-diaminopimelate containing)|g__Bacteroides.s__Bacteroides_massiliensis",0.197641114885884,0.0283121341069769,0.0595654316600184
"VALSYN-PWY: L-valine biosynthesis|g__Eubacterium.s__Eubacterium_eligens_CAG_72",-0.220560766833941,0.0283951235151768,0.0596820879315112
"PWY-5695: urate biosynthesis/inosine 5'-phosphate degradation|g__Bacteroides.s__Bacteroides_uniformis",0.168531045102715,0.0286696801292072,0.0602007721317753
"PANTO-PWY: phosphopantothenate biosynthesis I|g__Bacteroides.s__Bacteroides_massiliensis",0.211165563770643,0.0288996926807875,0.0606250087504999
"ILEUSYN-PWY: L-isoleucine biosynthesis I (from threonine)|g__Prevotella.s__Prevotella_copri",0.148156575606411,0.0289385371057655,0.0606477852110192
"NONOXIPENT-PWY: pentose phosphate pathway (non-oxidative branch)|g__Eubacterium.s__Eubacterium_eligens_CAG_72",-0.238099306435942,0.0293216066262934,0.0613912285595921
"PWY-4981: L-proline biosynthesis II (from arginine)|unclassified",-0.167020221338308,0.0300789256520975,0.0629160539460379
"BRANCHED-CHAIN-AA-SYN-PWY: superpathway of branched amino acid biosynthesis|g__Prevotella.s__Prevotella_copri",0.0807100148366962,0.030211238604673,0.0631318746926967
"VALSYN-PWY: L-valine biosynthesis|g__Bacteroides.s__Bacteroides_uniformis",0.176491529044453,0.0304377456081542,0.063543925561532
"PWY-5103: L-isoleucine biosynthesis III|g__Akkermansia.s__Akkermansia_muciniphila",0.427223760732817,0.0306785155298533,0.0639849308500406
"PWY-5103: L-isoleucine biosynthesis III|g__Prevotella.s__Prevotella_copri",0.0395507572533814,0.0309689855266509,0.0645286458040889
"PWY-5695: urate biosynthesis/inosine 5'-phosphate degradation|g__Roseburia.s__Roseburia_inulinivorans",0.392427986065019,0.0310531659698051,0.0646418930418517
"PWY-6897: thiamin salvage II|g__Faecalibacterium.s__Faecalibacterium_prausnitzii",-0.222524127759175,0.0311654141443338,0.064813294098629
"PWY-4242: pantothenate and coenzyme A biosynthesis III|g__Bacteroides.s__Bacteroides_vulgatus_CAG_6",0.0947660327768761,0.031490028507562,0.0652682461917075
"BRANCHED-CHAIN-AA-SYN-PWY: superpathway of branched amino acid biosynthesis|g__Akkermansia.s__Akkermansia_muciniphila",0.426455244923972,0.03150465413776,0.0652682461917075
"PWY-7111: pyruvate fermentation to isobutanol (engineered)|g__Roseburia.s__Roseburia_inulinivorans_CAG_15",0.25260837927622,0.0314730140539855,0.0652682461917075
"PWY-5103: L-isoleucine biosynthesis III|g__Eubacterium.s__Eubacterium_eligens_CAG_72",-0.229087976864417,0.0314401073202917,0.0652682461917075
"PWY0-1586: peptidoglycan maturation (meso-diaminopimelate containing)|g__Bacteroides.s__Bacteroides_uniformis",0.215342274949154,0.0319471236266949,0.0660586039113053
"PWY-7663: gondoate biosynthesis (anaerobic)|g__Bacteroides.s__Bacteroides_vulgatus",0.139523105925214,0.0319436100552192,0.0660586039113053
"ILEUSYN-PWY: L-isoleucine biosynthesis I (from threonine)|g__Akkermansia.s__Akkermansia_muciniphila",0.424310163476176,0.0319878196431962,0.0660796998730278
"PWY-5188: tetrapyrrole biosynthesis I (from glutamate)|g__Dialister.s__Dialister_invisus",-0.261468863965489,0.0321010109119428,0.0662503720439811
"PWY-6124: inosine-5'-phosphate biosynthesis II|g__Bacteroides.s__Bacteroides_vulgatus",0.127414383300045,0.0322028599779825,0.0663973335606928
"PWY-6125: superpathway of guanosine nucleotides de novo biosynthesis II|g__Bacteroides.s__Bacteroides_vulgatus",0.103849399668573,0.0323262640208158,0.0665884164763383
"PWY-5695: urate biosynthesis/inosine 5'-phosphate degradation|g__Lachnospira.s__Lachnospira_pectinoschiza",-0.266319699376588,0.0324462631613408,0.0667087782453753
"PWY-7199: pyrimidine deoxyribonucleosides salvage|g__Barnesiella.s__Barnesiella_intestinihominis",-0.412007680034887,0.0324219737484456,0.0667087782453753
"PWY-7221: guanosine ribonucleotides de novo biosynthesis|g__Alistipes.s__Alistipes_putredinis",-0.221813201882639,0.0324837405361674,0.0667225267695494
"PYRIDNUCSYN-PWY: NAD biosynthesis I (from aspartate)|g__Bacteroides.s__Bacteroides_massiliensis",0.191187181732177,0.0325304771619864,0.066755250009493
"PWY-5667: CDP-diacylglycerol biosynthesis I|g__Bacteroides.s__Bacteroides_ovatus",0.226300760668595,0.0327220934065373,0.0670215277995901
"PWY0-1319: CDP-diacylglycerol biosynthesis II|g__Bacteroides.s__Bacteroides_ovatus",0.226300760668595,0.0327220934065373,0.0670215277995901
"PANTO-PWY: phosphopantothenate biosynthesis I|g__Alistipes.s__Alistipes_putredinis_CAG_67",-0.288113571428386,0.0327934527138779,0.0671042606524773
"PWY-5686: UMP biosynthesis|g__Barnesiella.s__Barnesiella_intestinihominis",-0.392054781153141,0.0328746148646757,0.067206877746936
"PWY-2942: L-lysine biosynthesis III|g__Bacteroides.s__Bacteroides_vulgatus_CAG_6",0.0728845430685748,0.0329638577848037,0.0673258056735812
"RIBOSYN2-PWY: flavin biosynthesis I (bacteria and plants)|g__Bacteroides.s__Bacteroides_vulgatus_CAG_6",0.121286604295548,0.0337343176330007,0.0688345257163017
"PWY-2942: L-lysine biosynthesis III|g__Barnesiella.s__Barnesiella_intestinihominis",-0.365038740868664,0.033786893041354,0.0688769494079154
"HISTSYN-PWY: L-histidine biosynthesis|g__Bacteroides.s__Bacteroides_uniformis_CAG_3",0.156967064036503,0.0340249939727674,0.069297144679499
"UNINTEGRATED|g__Bacteroides.s__Bacteroides_caccae",0.407145988951444,0.0344514638138241,0.0700161435529347
"PWY-6122: 5-aminoimidazole ribonucleotide biosynthesis II|g__Barnesiella.s__Barnesiella_intestinihominis",-0.347452860432434,0.0345072641045382,0.0700161435529347
"PWY-6277: superpathway of 5-aminoimidazole ribonucleotide biosynthesis|g__Barnesiella.s__Barnesiella_intestinihominis",-0.347452860432434,0.0345072641045382,0.0700161435529347
"PWY-6151: S-adenosyl-L-methionine cycle I|g__Lachnospiraceae_unclassified.s__Eubacterium_rectale",-0.191202300606249,0.0344750716465639,0.0700161435529347
"UNINTEGRATED|g__Bacteroides.s__Bacteroides_uniformis_CAG_3",0.171934209186619,0.0347262147003612,0.0703944876105545
"PWY-6545: pyrimidine deoxyribonucleotides de novo biosynthesis III|unclassified",-0.233391514140102,0.0348896754290083,0.0706597445370664
"PWY-7199: pyrimidine deoxyribonucleosides salvage|g__Bacteroides.s__Bacteroides_ovatus",0.219392977366055,0.0351401643567729,0.0709993200676559
"PWY-5667: CDP-diacylglycerol biosynthesis I|g__Bacteroides.s__Bacteroides_massiliensis",0.254226987496948,0.0351556393320696,0.0709993200676559
"PWY0-1319: CDP-diacylglycerol biosynthesis II|g__Bacteroides.s__Bacteroides_massiliensis",0.254226987496948,0.0351556393320696,0.0709993200676559
"PWY-6609: adenine and adenosine salvage III|g__Bacteroides.s__Bacteroides_uniformis",0.174210932677314,0.0353250564608285,0.0712750440880963
"PWY-6703: preQ0 biosynthesis|g__Eubacterium.s__Eubacterium_eligens",-0.257959362392413,0.0359565623941004,0.0724817401935028
"PWY-7199: pyrimidine deoxyribonucleosides salvage|g__Bacteroides.s__Bacteroides_vulgatus_CAG_6",0.16503385316915,0.0359903096406481,0.072482342928703
"VALSYN-PWY: L-valine biosynthesis|g__Lachnospiraceae_unclassified.s__Eubacterium_rectale",-0.153875602643656,0.0361473383084981,0.0726509036777691
"PWY-4242: pantothenate and coenzyme A biosynthesis III|g__Bacteroides.s__Bacteroides_vulgatus",0.085314755621213,0.0362232542481713,0.0726509036777691
"PWY-7111: pyruvate fermentation to isobutanol (engineered)|g__Blautia.s__Blautia_wexlerae",0.198186925766708,0.0362190342008986,0.0726509036777691
"P124-PWY: Bifidobacterium shunt",0.374210259866961,0.0362416367677289,0.0726509036777691
"PWY-5686: UMP biosynthesis|g__Bacteroides.s__Bacteroides_massiliensis",0.211078506234554,0.0361836585566874,0.0726509036777691
"PWY-6163: chorismate biosynthesis from 3-dehydroquinate|g__Ruminococcus.s__Ruminococcus_bromii",0.345508794375764,0.0365857615922169,0.0732729624494768
"ARGSYNBSUB-PWY: L-arginine biosynthesis II (acetyl cycle)|g__Eubacterium.s__Eubacterium_eligens_CAG_72",-0.228129915960618,0.0366348742713915,0.0733035757581768
"PWY-7539: 6-hydroxymethyl-dihydropterin diphosphate biosynthesis III (Chlamydia)|g__Bacteroides.s__Bacteroides_uniformis_CAG_3",0.139386786493308,0.0367828695378364,0.0735318065391987
"PWY-5083: NAD/NADH phosphorylation and dephosphorylation|g__Bacteroides.s__Bacteroides_fragilis",0.324132435185034,0.0370193340711104,0.0739363105364942
"PWY-7219: adenosine ribonucleotides de novo biosynthesis|g__Bacteroides.s__Bacteroides_massiliensis",0.239966211390499,0.0371470304486852,0.074123034053684
"PWY0-1586: peptidoglycan maturation (meso-diaminopimelate containing)|g__Lachnospira.s__Lachnospira_pectinoschiza",-0.293967163636801,0.0372443367264906,0.0742488295182199
"PWY-6387: UDP-N-acetylmuramoyl-pentapeptide biosynthesis I (meso-diaminopimelate containing)|g__Akkermansia.s__Akkermansia_muciniphila",0.479667374308722,0.0374657278432286,0.0746215369818716
"PWY-5103: L-isoleucine biosynthesis III|g__Parabacteroides.s__Parabacteroides_merdae",0.126501686008507,0.0375377357385739,0.0746963024292834
"PWY-6700: queuosine biosynthesis|g__Bacteroides.s__Bacteroides_uniformis_CAG_3",0.134363204190735,0.0378432264059091,0.0752351115794542
"HISTSYN-PWY: L-histidine biosynthesis|g__Bacteroides.s__Bacteroides_ovatus",0.300029241928416,0.0380125867505929,0.0755025439858247
"BRANCHED-CHAIN-AA-SYN-PWY: superpathway of branched amino acid biosynthesis|g__Parabacteroides.s__Parabacteroides_merdae",0.126503450031254,0.0382649569852636,0.0759342140907199
"PWY-6168: flavin biosynthesis III (fungi)|g__Bacteroides.s__Bacteroides_vulgatus_CAG_6",0.125189886693133,0.0383193233561424,0.0759725285569631
"PWY-6317: galactose degradation I (Leloir pathway)|g__Blautia.s__Ruminococcus_torques",0.16430430898548,0.0384444043895754,0.0761508448923308
"PWY-6151: S-adenosyl-L-methionine cycle I|g__Eubacterium.s__Eubacterium_eligens_CAG_72",-0.174114152607573,0.0385157007003406,0.0762223958151946
"PWY-6609: adenine and adenosine salvage III|g__Bacteroides.s__Bacteroides_ovatus",0.212001845334181,0.0386403547509753,0.076329670688572
"PWY-6151: S-adenosyl-L-methionine cycle I|g__Eubacterium.s__Eubacterium_eligens",-0.258962531351212,0.0386073672946253,0.076329670688572
"PWY-6892: thiazole biosynthesis I (E. coli)|g__Bacteroides.s__Bacteroides_uniformis",0.20294912079934,0.039148025831348,0.0772620874103199
"PANTO-PWY: phosphopantothenate biosynthesis I|g__Bacteroides.s__Bacteroides_ovatus",0.278955596879981,0.0395932355901183,0.078069646518459
"PANTO-PWY: phosphopantothenate biosynthesis I|g__Alistipes.s__Alistipes_finegoldii",0.198029546702359,0.0397834562135789,0.0783022248999323
"CITRULBIO-PWY: L-citrulline biosynthesis",0.0739692008722684,0.0397734632955144,0.0783022248999323
"PWY-5686: UMP biosynthesis|g__Lachnospira.s__Lachnospira_pectinoschiza",-0.287742367478811,0.0401473804464647,0.0789467998434565
"PWY-5695: urate biosynthesis/inosine 5'-phosphate degradation|g__Barnesiella.s__Barnesiella_intestinihominis",-0.349324687645953,0.0404004366497246,0.0793723900452884
"PWY-6385: peptidoglycan biosynthesis III (mycobacteria)|g__Bacteroides.s__Bacteroides_massiliensis",0.187184241139599,0.0404719367378885,0.0794408395933011
"VALSYN-PWY: L-valine biosynthesis|g__Roseburia.s__Roseburia_hominis",-0.129323355281881,0.0408847405064695,0.0801784911108772
"COA-PWY: coenzyme A biosynthesis I|g__Dialister.s__Dialister_invisus",-0.265187091397564,0.0412075466574111,0.0807384752320162
"PWY-6147: 6-hydroxymethyl-dihydropterin diphosphate biosynthesis I|g__Bacteroides.s__Bacteroides_vulgatus",0.104317290767419,0.0413017068292102,0.0808498633233049
"PWY-6386: UDP-N-acetylmuramoyl-pentapeptide biosynthesis II (lysine-containing)|g__Bacteroides.s__Bacteroides_vulgatus",0.136687472125676,0.0413725428357058,0.0809154335062947
"THISYNARA-PWY: superpathway of thiamin diphosphate biosynthesis III (eukaryotes)|g__Bacteroides.s__Bacteroides_vulgatus",0.122765077860468,0.0414762091955143,0.0810450363631014
"PWY-7228: superpathway of guanosine nucleotides de novo biosynthesis I|g__Bacteroides.s__Bacteroides_vulgatus",0.104388816928044,0.0415953976686489,0.0812047087819478
"PWY-7237: myo-, chiro- and scillo-inositol degradation",0.219436169240423,0.041661552918299,0.0812606527218306
"PWY-6737: starch degradation V|g__Gemmiger.s__Gemmiger_formicilis",-0.310309610236758,0.0417251181813484,0.0813114488300198
"PWY-6892: thiazole biosynthesis I (E. coli)|g__Eubacterium.s__Eubacterium_eligens",-0.220853900998429,0.0419128872321713,0.0816039772076507
"PWY-7400: L-arginine biosynthesis IV (archaebacteria)",-0.0459300878614902,0.0420566615038624,0.0818103998912656
"GLCMANNANAUT-PWY: superpathway of N-acetylglucosamine, N-acetylmannosamine and N-acetylneuraminate degradation|g__Roseburia.s__Roseburia_inulinivorans",0.377433411192297,0.0423268242088268,0.0822620879466617
"ARGSYN-PWY: L-arginine biosynthesis I (via L-ornithine)",-0.0456279151994048,0.0423903165350926,0.0823116630210982
"ARGSYNBSUB-PWY: L-arginine biosynthesis II (acetyl cycle)|g__Akkermansia.s__Akkermansia_muciniphila",0.403857300207241,0.042988331802789,0.0833981334079174
"PANTOSYN-PWY: pantothenate and coenzyme A biosynthesis I|g__Alistipes.s__Alistipes_putredinis",-0.257111695518842,0.0432057437711655,0.0837449434276526
"UDPNAGSYN-PWY: UDP-N-acetyl-D-glucosamine biosynthesis I|g__Ruminococcus.s__Ruminococcus_bicirculans",-0.307346882734282,0.0434133907216676,0.0840722231401731
"PWY-6892: thiazole biosynthesis I (E. coli)|g__Eubacterium.s__Eubacterium_eligens_CAG_72",-0.247220562318379,0.0435562089283487,0.0842734863819033
"COBALSYN-PWY: adenosylcobalamin salvage from cobinamide I|g__Bacteroides.s__Bacteroides_uniformis",0.160541455513371,0.0437215113559282,0.0845178546907193
"PWY-6595: superpathway of guanosine nucleotides degradation (plants)|unclassified",0.146611672863414,0.0439432938481943,0.0848708714519046
"BRANCHED-CHAIN-AA-SYN-PWY: superpathway of branched amino acid biosynthesis|g__Bacteroides.s__Bacteroides_uniformis_CAG_3",0.141836745302295,0.0440070494870421,0.0849183225631524
"PWY0-1586: peptidoglycan maturation (meso-diaminopimelate containing)|g__Lachnospiraceae_unclassified.s__Eubacterium_rectale",-0.16131086946985,0.0442805103097553,0.0853699874032382
"PWY0-1586: peptidoglycan maturation (meso-diaminopimelate containing)|g__Bacteroides.s__Bacteroides_fragilis",0.289305463254308,0.0444959107059337,0.0857090119997852
"PWY-5686: UMP biosynthesis|g__Gemmiger.s__Gemmiger_formicilis",-0.34727857718393,0.0447523836139578,0.0861036646576517
"PWY-6703: preQ0 biosynthesis",0.0480430877195541,0.0447802630683772,0.0861036646576517
"ILEUSYN-PWY: L-isoleucine biosynthesis I (from threonine)|g__Parabacteroides.s__Parabacteroides_merdae",0.0936385107015846,0.0449438042937453,0.0863415105536756
"PWY-5973: cis-vaccenate biosynthesis|g__Bacteroides.s__Bacteroides_uniformis_CAG_3",0.21023839301917,0.0450002088414052,0.0863732972181799
"COA-PWY-1: coenzyme A biosynthesis II (mammalian)|g__Bacteroides.s__Bacteroides_vulgatus_CAG_6",0.113519960988579,0.0450846420947758,0.0864587782472382
"PWY-7111: pyruvate fermentation to isobutanol (engineered)|g__Ruminococcus.s__Ruminococcus_bromii",0.272244141755726,0.0451460783566287,0.0865000457991286
"PWY-6124: inosine-5'-phosphate biosynthesis II|g__Barnesiella.s__Barnesiella_intestinihominis",-0.339532758718117,0.0452959099740757,0.086710456637652
"PWY-1269: CMP-3-deoxy-D-manno-octulosonate biosynthesis I|g__Bacteroides.s__Bacteroides_uniformis_CAG_3",0.157642358840687,0.0454724337555198,0.0869715480566737
"PWY-5686: UMP biosynthesis|g__Parabacteroides.s__Parabacteroides_merdae",0.09736641867552,0.0455865288575921,0.0871128818645522
"VALSYN-PWY: L-valine biosynthesis|g__Ruminococcus.s__Ruminococcus_bromii",0.271542452454607,0.0456809365264494,0.087216378372525
"PWY-5030: L-histidine degradation III|g__Alistipes.s__Alistipes_putredinis_CAG_67",-0.210232835337365,0.045824168448202,0.0874128283690614
"PWY0-1586: peptidoglycan maturation (meso-diaminopimelate containing)|g__Bacteroides.s__Bacteroides_vulgatus",0.107461814451915,0.0461306787619813,0.0879201239025624
"PWY-6609: adenine and adenosine salvage III|g__Bacteroides.s__Bacteroides_vulgatus_CAG_6",0.0553005436304828,0.046496091709056,0.0885386913299863
"PWY-7199: pyrimidine deoxyribonucleosides salvage|g__Bacteroides.s__Bacteroides_vulgatus",0.0744773647707897,0.0471602660792697,0.0897201636234909
"TRPSYN-PWY: L-tryptophan biosynthesis|g__Ruminococcus.s__Ruminococcus_bromii",0.322547097529732,0.0471993477299398,0.0897201636234909
"PWY-5973: cis-vaccenate biosynthesis|g__Bacteroides.s__Bacteroides_stercoris",-0.0107165314134757,0.0487758675761165,0.0926356748794429
"1CMET2-PWY: N10-formyl-tetrahydrofolate biosynthesis|g__Alistipes.s__Alistipes_putredinis",-0.233108217802191,0.0489901500581093,0.0929611691557994
"PYRIDNUCSYN-PWY: NAD biosynthesis I (from aspartate)|g__Bacteroides.s__Bacteroides_vulgatus_CAG_6",0.0420989111130102,0.0495457610012521,0.0939332144266958
"PWY-5103: L-isoleucine biosynthesis III|g__Bacteroides.s__Bacteroides_uniformis_CAG_3",0.134310558608426,0.049833353627464,0.0943958717751001
"PWY-7234: inosine-5'-phosphate biosynthesis III|g__Alistipes.s__Alistipes_putredinis_CAG_67",-0.259711035483778,0.0503225801058907,0.095239328462415
"PANTOSYN-PWY: pantothenate and coenzyme A biosynthesis I|g__Alistipes.s__Alistipes_finegoldii",0.190811377405766,0.050418411525066,0.0953374326132793
"PWY-5030: L-histidine degradation III|g__Bacteroides.s__Bacteroides_massiliensis",0.233317303167196,0.0509248649111746,0.0962111440824022
"PWY-6121: 5-aminoimidazole ribonucleotide biosynthesis I|g__Bacteroides.s__Bacteroides_vulgatus",0.115502720486358,0.0510924106694332,0.0964436009761861
"PWY-6385: peptidoglycan biosynthesis III (mycobacteria)|g__Bacteroides.s__Bacteroides_vulgatus_CAG_6",0.073437214097897,0.0513028363104077,0.0967384489010391
"PWY-6121: 5-aminoimidazole ribonucleotide biosynthesis I|g__Bacteroides.s__Bacteroides_massiliensis",0.215478466162661,0.051337893971479,0.0967384489010391
"PWY66-422: D-galactose degradation V (Leloir pathway)|g__Blautia.s__Ruminococcus_torques",0.153671408662485,0.0515877645516356,0.0970675906485356
"HISDEG-PWY: L-histidine degradation I|g__Bacteroides.s__Bacteroides_massiliensis",0.233994146052832,0.0516021524813627,0.0970675906485356
"PANTO-PWY: phosphopantothenate biosynthesis I|g__Lachnospiraceae_unclassified.s__Eubacterium_rectale",-0.164754472758031,0.0516638259129663,0.0970993154843
"COA-PWY: coenzyme A biosynthesis I|g__Eubacterium.s__Eubacterium_eligens",-0.296274282396757,0.0520476019809559,0.0977358349157119
"PWY-6123: inosine-5'-phosphate biosynthesis I|g__Bacteroides.s__Bacteroides_uniformis",0.194780656414657,0.0521785933345763,0.097896979875348
"PWY-5686: UMP biosynthesis|g__Bacteroides.s__Bacteroides_vulgatus",0.099472020121365,0.0524697105771527,0.0983580128206659
"RHAMCAT-PWY: L-rhamnose degradation I|g__Bacteroides.s__Bacteroides_ovatus",0.198564313770203,0.052542887402562,0.0984100579095522
"PANTO-PWY: phosphopantothenate biosynthesis I|g__Barnesiella.s__Barnesiella_intestinihominis",-0.386874938684647,0.0531088805133677,0.0993842349503176
"ARGININE-SYN4-PWY: L-ornithine de novo  biosynthesis|g__Bacteroides.s__Bacteroides_ovatus",0.247962549298965,0.0534044932292542,0.0998511965727297
"PWY-6936: seleno-amino acid biosynthesis|g__Lachnospira.s__Lachnospira_pectinoschiza",-0.244472276982773,0.0537430287477282,0.10039753732442
"PWY-7400: L-arginine biosynthesis IV (archaebacteria)|g__Gemmiger.s__Gemmiger_formicilis",-0.410240229869226,0.0538465432474933,0.100504271505011
"ARGSYN-PWY: L-arginine biosynthesis I (via L-ornithine)|g__Gemmiger.s__Gemmiger_formicilis",-0.410711958402891,0.0539573376313286,0.100624398147237
"PWY-6385: peptidoglycan biosynthesis III (mycobacteria)|g__Bacteroides.s__Bacteroides_vulgatus",0.122331974848559,0.0541780847452797,0.100771500547197
"VALSYN-PWY: L-valine biosynthesis|g__Blautia.s__Blautia_obeum",0.0527793648778699,0.0542222287208267,0.100771500547197
"PWY-6609: adenine and adenosine salvage III|g__Bacteroides.s__Bacteroides_stercoris",-0.017644039673664,0.0541839530715779,0.100771500547197
"PWY-5103: L-isoleucine biosynthesis III|g__Roseburia.s__Roseburia_inulinivorans_CAG_15",0.284717757967622,0.0541155309412849,0.100771500547197
"PWY-7111: pyruvate fermentation to isobutanol (engineered)|g__Roseburia.s__Roseburia_inulinivorans",0.350399852543172,0.0544300840733545,0.101071115841439
"HSERMETANA-PWY: L-methionine biosynthesis III|g__Eubacterium.s__Eubacterium_eligens_CAG_72",-0.194692737190441,0.0551309683330629,0.102284938679578
"1CMET2-PWY: N10-formyl-tetrahydrofolate biosynthesis|g__Bacteroides.s__Bacteroides_vulgatus_CAG_6",0.118817121041074,0.0552670079834145,0.102449620444875
"BRANCHED-CHAIN-AA-SYN-PWY: superpathway of branched amino acid biosynthesis|g__Roseburia.s__Roseburia_inulinivorans_CAG_15",0.304873465576269,0.0558876402014899,0.103511552407375
"PWY-7539: 6-hydroxymethyl-dihydropterin diphosphate biosynthesis III (Chlamydia)|g__Bacteroides.s__Bacteroides_vulgatus",0.0949965932976061,0.0560502531485509,0.103724080762519
"SER-GLYSYN-PWY: superpathway of L-serine and glycine biosynthesis I|g__Alistipes.s__Alistipes_putredinis",-0.20235215815824,0.0566367305455515,0.104719961682773
"PWY-6700: queuosine biosynthesis|g__Bacteroides.s__Bacteroides_vulgatus_CAG_6",0.100140812927434,0.0568806245668397,0.104991749093988
"PWY0-1586: peptidoglycan maturation (meso-diaminopimelate containing)|g__Bacteroides.s__Bacteroides_uniformis_CAG_3",0.137368814839022,0.0568490836164987,0.104991749093988
"PWY-7219: adenosine ribonucleotides de novo biosynthesis|g__Ruminococcus.s__Ruminococcus_bicirculans",-0.308020485358174,0.0570855054994501,0.105280247163667
"PWY-6168: flavin biosynthesis III (fungi)|g__Lachnospira.s__Lachnospira_pectinoschiza",-0.196611913182486,0.0574094323676249,0.105787618997145
"PWY-6124: inosine-5'-phosphate biosynthesis II|g__Bacteroides.s__Bacteroides_uniformis",0.18180218851069,0.0574633783594139,0.105797061091631
"PWY-5667: CDP-diacylglycerol biosynthesis I|g__Alistipes.s__Alistipes_finegoldii",0.218094102598634,0.0577361948534967,0.106060994830354
"PWY0-1319: CDP-diacylglycerol biosynthesis II|g__Alistipes.s__Alistipes_finegoldii",0.218094102598634,0.0577361948534967,0.106060994830354
"PWY-7332: superpathway of UDP-N-acetylglucosamine-derived O-antigen building blocks biosynthesis",0.332308737949294,0.0577535643284809,0.106060994830354
"PWY-5686: UMP biosynthesis|g__Bacteroides.s__Bacteroides_uniformis_CAG_3",0.133531371026335,0.058110746468594,0.106626577135854
"PWY-6305: putrescine biosynthesis IV|g__Ruminococcus.s__Ruminococcus_bicirculans",-0.308877664724664,0.058462295228791,0.107180874586117
"GALACTUROCAT-PWY: D-galacturonate degradation I|unclassified",0.00464153253099612,0.0585406869559737,0.107233870358068
"PWYG-321: mycolate biosynthesis|g__Bacteroides.s__Bacteroides_vulgatus",0.128600056975744,0.0587040688591364,0.107442328731207
"PWY-6168: flavin biosynthesis III (fungi)|unclassified",0.0838468676177774,0.0590185931350549,0.107926828121235
"NONOXIPENT-PWY: pentose phosphate pathway (non-oxidative branch)|g__Lachnospira.s__Lachnospira_pectinoschiza",-0.299611175087931,0.0593757375741922,0.108488383915071
"PWY-1269: CMP-3-deoxy-D-manno-octulosonate biosynthesis I|g__Bacteroides.s__Bacteroides_ovatus",0.190302856954428,0.0594682262507335,0.10856583511823
"PWY-6936: seleno-amino acid biosynthesis|g__Bacteroides.s__Bacteroides_vulgatus",0.112495040574755,0.0595457183607345,0.108615801083932
"SER-GLYSYN-PWY: superpathway of L-serine and glycine biosynthesis I|g__Bacteroides.s__Bacteroides_ovatus",0.165425570694217,0.0596284984922381,0.108675320633036
"COA-PWY-1: coenzyme A biosynthesis II (mammalian)|g__Alistipes.s__Alistipes_putredinis_CAG_67",-0.203301360616024,0.0597895543109856,0.108877280833534
"HSERMETANA-PWY: L-methionine biosynthesis III",0.0605770510114835,0.0600101631323466,0.109187257353312
"1CMET2-PWY: N10-formyl-tetrahydrofolate biosynthesis|g__Bacteroides.s__Bacteroides_ovatus",0.314212393440203,0.0601260945514275,0.109306415178644
"PWY0-1241: ADP-L-glycero-&beta;-D-manno-heptose biosynthesis|g__Akkermansia.s__Akkermansia_muciniphila",0.396003579998631,0.0602377653261652,0.109417634083655
"PWY-6527: stachyose degradation|unclassified",-0.222599871011843,0.0603022214240877,0.109442976403684
"HISDEG-PWY: L-histidine degradation I|g__Bacteroides.s__Bacteroides_uniformis",0.163308280861362,0.0603601848818175,0.109456502626693
"PWY-6737: starch degradation V|g__Eubacterium.s__Eubacterium_eligens",-0.170991690895623,0.0607641039873867,0.110004856592036
"VALSYN-PWY: L-valine biosynthesis|g__Ruminococcus.s__Ruminococcus_bicirculans",-0.330414690005971,0.0607547228847508,0.110004856592036
"PWY-6151: S-adenosyl-L-methionine cycle I|g__Ruminococcus.s__Ruminococcus_bromii",0.306319795837953,0.0609378848492009,0.110227376016877
"HISTSYN-PWY: L-histidine biosynthesis",0.0311617216924816,0.0610980294058793,0.110424878834479
"DTDPRHAMSYN-PWY: dTDP-L-rhamnose biosynthesis I|g__Fusicatenibacter.s__Fusicatenibacter_saccharivorans",-0.206429517331426,0.0612960177739664,0.110690392096821
"PWY-5030: L-histidine degradation III|g__Bacteroides.s__Bacteroides_vulgatus",0.100820431892397,0.0620232290261261,0.111910355786524
"PANTOSYN-PWY: pantothenate and coenzyme A biosynthesis I",0.0318365743844308,0.0631186498742178,0.113722650659338
"PWY0-1296: purine ribonucleosides degradation|g__Eubacterium.s__Eubacterium_eligens",-0.240457397872362,0.0631326020965314,0.113722650659338
"PANTO-PWY: phosphopantothenate biosynthesis I|g__Alistipes.s__Alistipes_putredinis",-0.177281971407984,0.0633350843640629,0.11399263107718
"PWY-7663: gondoate biosynthesis (anaerobic)|g__Bacteroides.s__Bacteroides_uniformis_CAG_3",0.210494944638535,0.063988497890837,0.115073091227754
"GLYCOGENSYNTH-PWY: glycogen biosynthesis I (from ADP-D-Glucose)|g__Lachnospira.s__Lachnospira_pectinoschiza",-0.243502295902169,0.0640615525801507,0.115108942322709
"PWY-7208: superpathway of pyrimidine nucleobases salvage|g__Dialister.s__Dialister_invisus",-0.14673068940228,0.0646094210861656,0.115997195935146
"DTDPRHAMSYN-PWY: dTDP-L-rhamnose biosynthesis I|g__Roseburia.s__Roseburia_faecis",-0.124100037750883,0.0649875338875111,0.116579458554832
"PWY-6122: 5-aminoimidazole ribonucleotide biosynthesis II|g__Bacteroides.s__Bacteroides_vulgatus",0.123681215367715,0.0653272450422692,0.116995157030246
"PWY-6277: superpathway of 5-aminoimidazole ribonucleotide biosynthesis|g__Bacteroides.s__Bacteroides_vulgatus",0.123681215367715,0.0653272450422692,0.116995157030246
"ILEUSYN-PWY: L-isoleucine biosynthesis I (from threonine)|g__Bacteroides.s__Bacteroides_uniformis_CAG_3",0.127819430761957,0.0656439336670827,0.117465238857612
"PWY-7111: pyruvate fermentation to isobutanol (engineered)|g__Blautia.s__Blautia_obeum",0.0825251719957178,0.0659671955197707,0.117849062400118
"PWY-7357: thiamin formation from pyrithiamine and oxythiamine (yeast)",0.0223021912758635,0.0659356944778825,0.117849062400118
"PWY-7221: guanosine ribonucleotides de novo biosynthesis|g__Bacteroides.s__Bacteroides_ovatus",0.262177038531062,0.0661410304777056,0.118062284221736
"PWY-6700: queuosine biosynthesis|g__Barnesiella.s__Barnesiella_intestinihominis",-0.36258820963518,0.066284064690105,0.11817971717275
"HISTSYN-PWY: L-histidine biosynthesis|g__Barnesiella.s__Barnesiella_intestinihominis",-0.347119250247323,0.0663158911315479,0.11817971717275
"PWY-6122: 5-aminoimidazole ribonucleotide biosynthesis II|g__Bacteroides.s__Bacteroides_xylanisolvens",0.314095998316131,0.066553742793821,0.118408834675049
"PWY-6277: superpathway of 5-aminoimidazole ribonucleotide biosynthesis|g__Bacteroides.s__Bacteroides_xylanisolvens",0.314095998316131,0.066553742793821,0.118408834675049
"PWY-6317: galactose degradation I (Leloir pathway)|g__Roseburia.s__Roseburia_inulinivorans_CAG_15",0.211343297681444,0.0670202379337222,0.119140980805887
"PWY-3841: folate transformations II|g__Bacteroides.s__Bacteroides_vulgatus_CAG_6",0.0940024741535849,0.0672905846634345,0.119523522103002
"PWY-3841: folate transformations II|g__Bacteroides.s__Bacteroides_ovatus",0.245684435607725,0.0674758072851079,0.119754360677173
"PWY-5686: UMP biosynthesis|g__Bacteroides.s__Bacteroides_ovatus",0.232464812727447,0.067686227157543,0.120029504296559
"PWY-5097: L-lysine biosynthesis VI|g__Akkermansia.s__Akkermansia_muciniphila",0.420110872736161,0.0683648493419406,0.121133792742425
"PWY-6700: queuosine biosynthesis|g__Akkermansia.s__Akkermansia_muciniphila",0.388012527484949,0.0685294613525856,0.121326260417527
"DTDPRHAMSYN-PWY: dTDP-L-rhamnose biosynthesis I|g__Bacteroides.s__Bacteroides_vulgatus",0.0956895153721793,0.0686295146066083,0.121404210736751
"PWY-5973: cis-vaccenate biosynthesis|g__Parabacteroides.s__Parabacteroides_merdae",0.0568256385763457,0.0692501492066256,0.122402180530798
"PWY-6386: UDP-N-acetylmuramoyl-pentapeptide biosynthesis II (lysine-containing)|g__Alistipes.s__Alistipes_finegoldii",0.231008028176077,0.0695268297229075,0.122791067652437
"PYRIDNUCSYN-PWY: NAD biosynthesis I (from aspartate)|g__Bacteroides.s__Bacteroides_uniformis_CAG_3",0.148673645057329,0.0708355288781341,0.125000481334623
"PWY-7111: pyruvate fermentation to isobutanol (engineered)|g__Bacteroides.s__Bacteroides_uniformis_CAG_3",0.135940870320972,0.071190730677444,0.125525071910513
"PWY-5667: CDP-diacylglycerol biosynthesis I|g__Bacteroides.s__Bacteroides_stercoris",-0.0150406315736691,0.0714671673367191,0.125807759235313
"PWY0-1319: CDP-diacylglycerol biosynthesis II|g__Bacteroides.s__Bacteroides_stercoris",-0.0150406315736691,0.0714671673367191,0.125807759235313
"RIBOSYN2-PWY: flavin biosynthesis I (bacteria and plants)|g__Bacteroides.s__Bacteroides_vulgatus",0.0886405704883682,0.0719561485740332,0.126565725616826
"PWY-7220: adenosine deoxyribonucleotides de novo biosynthesis II|g__Bacteroides.s__Bacteroides_massiliensis",0.202733169033482,0.0724553669400946,0.127237261069032
"PWY-7222: guanosine deoxyribonucleotides de novo biosynthesis II|g__Bacteroides.s__Bacteroides_massiliensis",0.202733169033482,0.0724553669400946,0.127237261069032
"PWY-6609: adenine and adenosine salvage III|g__Gemmiger.s__Gemmiger_formicilis",-0.28396959464698,0.0725700615799501,0.12733548456984
"PANTOSYN-PWY: pantothenate and coenzyme A biosynthesis I|unclassified",-0.130372751102694,0.0727299316023916,0.127512752251119
"DTDPRHAMSYN-PWY: dTDP-L-rhamnose biosynthesis I|g__Bacteroides.s__Bacteroides_vulgatus_CAG_6",0.101320695697375,0.0731855378912775,0.128207809709295
"ARGININE-SYN4-PWY: L-ornithine de novo  biosynthesis|g__Bacteroides.s__Bacteroides_uniformis",0.160405060479534,0.0733081501578087,0.128318870268151
"PWY-6737: starch degradation V|g__Ruminococcus.s__Ruminococcus_bromii",0.22367078155187,0.0737934992452799,0.129064175031898
"PWY-6121: 5-aminoimidazole ribonucleotide biosynthesis I|g__Akkermansia.s__Akkermansia_muciniphila",0.446259649860376,0.0742063394288646,0.129611267083335
"PWY-6168: flavin biosynthesis III (fungi)|g__Bacteroides.s__Bacteroides_vulgatus",0.0833779628222379,0.0743455491391716,0.129611267083335
"PWY-6892: thiazole biosynthesis I (E. coli)|g__Bacteroides.s__Bacteroides_xylanisolvens",0.189346207290669,0.0743455249905708,0.129611267083335
"DTDPRHAMSYN-PWY: dTDP-L-rhamnose biosynthesis I|g__Bacteroides.s__Bacteroides_stercoris",-0.0118865812470136,0.0742774365284855,0.129611267083335
"CALVIN-PWY: Calvin-Benson-Bassham cycle|unclassified",-0.132528483113426,0.0748715604014054,0.130423369284442
"ILEUSYN-PWY: L-isoleucine biosynthesis I (from threonine)|g__Roseburia.s__Roseburia_inulinivorans_CAG_15",0.28986185670201,0.075524679667289,0.131455406296398
"PWY-3001: superpathway of L-isoleucine biosynthesis I|g__Bacteroides.s__Bacteroides_stercoris",-0.044049057414603,0.0756218455435036,0.13151889188826
"TRPSYN-PWY: L-tryptophan biosynthesis|g__Eubacterium.s__Eubacterium_eligens_CAG_72",-0.225275023476428,0.0762009441700171,0.132419764247335
"PWY-5667: CDP-diacylglycerol biosynthesis I|g__Bacteroides.s__Bacteroides_vulgatus_CAG_6",0.0565953667202925,0.0767651197656178,0.133186560874374
"PWY0-1319: CDP-diacylglycerol biosynthesis II|g__Bacteroides.s__Bacteroides_vulgatus_CAG_6",0.0565953667202925,0.0767651197656178,0.133186560874374
"UNINTEGRATED|g__Agathobaculum.s__Agathobaculum_butyriciproducens",0.0136904675654153,0.0776858027192386,0.134581311361945
"VALSYN-PWY: L-valine biosynthesis|g__Eubacterium.s__Eubacterium_eligens",-0.0595416258437791,0.0776932258946902,0.134581311361945
"PWY-7111: pyruvate fermentation to isobutanol (engineered)|g__Bacteroides.s__Bacteroides_vulgatus_CAG_6",0.119516771821385,0.0780720921687312,0.135129571669042
"UNINTEGRATED|g__Dorea.s__Dorea_longicatena",0.0272856037539914,0.0783806578395649,0.135555375529399
"PWY-7111: pyruvate fermentation to isobutanol (engineered)|g__Akkermansia.s__Akkermansia_muciniphila",0.383348721194008,0.0785166117994045,0.135682215127041
"PANTOSYN-PWY: pantothenate and coenzyme A biosynthesis I|g__Bacteroides.s__Bacteroides_vulgatus",0.0667787659459113,0.0786642006681993,0.135828942508357
"PWY-6703: preQ0 biosynthesis|g__Lachnospira.s__Lachnospira_pectinoschiza",-0.227767132524645,0.0792789925654264,0.136781510262165
"PWY-5695: urate biosynthesis/inosine 5'-phosphate degradation|g__Bacteroides.s__Bacteroides_massiliensis",0.216335422768716,0.0796511080080974,0.137314201315471
"PWY-5097: L-lysine biosynthesis VI",0.0195944902319355,0.0800459242056943,0.137885149247806
"VALSYN-PWY: L-valine biosynthesis|g__Bacteroides.s__Bacteroides_vulgatus_CAG_6",0.118159770007656,0.0810771862211279,0.139374892597611
"PWY-6147: 6-hydroxymethyl-dihydropterin diphosphate biosynthesis I|g__Bacteroides.s__Bacteroides_vulgatus_CAG_6",0.0563145597179135,0.0811037099979639,0.139374892597611
"PWY-5686: UMP biosynthesis|g__Eubacterium.s__Eubacterium_eligens_CAG_72",-0.189720604441933,0.0810220158110582,0.139374892597611
"PWY-7111: pyruvate fermentation to isobutanol (engineered)|g__Eubacterium.s__Eubacterium_eligens",-0.07714810784929,0.081275072297091,0.139558701796986
"PWY-6151: S-adenosyl-L-methionine cycle I|g__Bacteroides.s__Bacteroides_vulgatus_CAG_6",-0.0367301125424524,0.0819734252424952,0.140202377664157
"PWY-6122: 5-aminoimidazole ribonucleotide biosynthesis II|g__Bacteroides.s__Bacteroides_vulgatus_CAG_6",0.073742545243909,0.0818891767848796,0.140202377664157
"PWY-6277: superpathway of 5-aminoimidazole ribonucleotide biosynthesis|g__Bacteroides.s__Bacteroides_vulgatus_CAG_6",0.073742545243909,0.0818891767848796,0.140202377664157
"COA-PWY: coenzyme A biosynthesis I|g__Gemmiger.s__Gemmiger_formicilis",-0.279619370821087,0.0818110355715201,0.140202377664157
"HISTSYN-PWY: L-histidine biosynthesis|g__Alistipes.s__Alistipes_finegoldii",0.145719068507335,0.0819561959347126,0.140202377664157
"PEPTIDOGLYCANSYN-PWY: peptidoglycan biosynthesis I (meso-diaminopimelate containing)|g__Bacteroides.s__Bacteroides_vulgatus_CAG_6",0.0597184948639588,0.0824253874396801,0.140864207083428
"PEPTIDOGLYCANSYN-PWY: peptidoglycan biosynthesis I (meso-diaminopimelate containing)|g__Eubacterium.s__Eubacterium_eligens",-0.174800855163911,0.0828281378851525,0.141440957286939
"RHAMCAT-PWY: L-rhamnose degradation I|g__Bacteroides.s__Bacteroides_fragilis",0.216991461838149,0.0829526485194791,0.141542038851741
"PWY-7663: gondoate biosynthesis (anaerobic)|g__Parabacteroides.s__Parabacteroides_merdae",0.0441795220502828,0.0830961726469196,0.141675378541208
"PWY-6609: adenine and adenosine salvage III|g__Bacteroides.s__Bacteroides_massiliensis",0.186528670625723,0.0836061577870018,0.142432817550655
"PWY-2942: L-lysine biosynthesis III|g__Bacteroides.s__Bacteroides_massiliensis",0.205661832947291,0.083800826017507,0.142652309489346
"PWY-6387: UDP-N-acetylmuramoyl-pentapeptide biosynthesis I (meso-diaminopimelate containing)|g__Alistipes.s__Alistipes_finegoldii",0.16461954522735,0.084374421507725,0.143515990115573
"SER-GLYSYN-PWY: superpathway of L-serine and glycine biosynthesis I|unclassified",0.0284677318913726,0.0846053645233263,0.143795941115332
"PWY-6123: inosine-5'-phosphate biosynthesis I",0.0406517398046156,0.084752536877187,0.143933187627637
"PWY-6125: superpathway of guanosine nucleotides de novo biosynthesis II|g__Bacteroides.s__Bacteroides_vulgatus_CAG_6",0.0644696206111671,0.0850098910535843,0.144215889024807
"RIBOSYN2-PWY: flavin biosynthesis I (bacteria and plants)|g__Lachnospira.s__Lachnospira_pectinoschiza",-0.217195763612259,0.0850521025259362,0.144215889024807
"PWY-7663: gondoate biosynthesis (anaerobic)|g__Bacteroides.s__Bacteroides_ovatus",0.271827664204268,0.086079907349102,0.145730593144925
"COA-PWY-1: coenzyme A biosynthesis II (mammalian)|g__Eubacterium.s__Eubacterium_eligens",-0.269836735848619,0.0860670767177664,0.145730593144925
"ARGSYNBSUB-PWY: L-arginine biosynthesis II (acetyl cycle)|g__Eubacterium.s__Eubacterium_eligens",-0.152670262399587,0.086228731475155,0.145868587905278
"HSERMETANA-PWY: L-methionine biosynthesis III|g__Roseburia.s__Roseburia_faecis",-0.0997080796787881,0.0865531379332278,0.14630315904938
"PWY-7111: pyruvate fermentation to isobutanol (engineered)|g__Prevotella.s__Prevotella_copri",-0.0310639688140532,0.0873410514347889,0.147519920856732
"PWY-5686: UMP biosynthesis|g__Bacteroides.s__Bacteroides_stercoris",-0.00532143013035098,0.0877732288588527,0.148134413502441
"PWY-5695: urate biosynthesis/inosine 5'-phosphate degradation|g__Bacteroides.s__Bacteroides_vulgatus_CAG_6",0.0711647436544571,0.0880161437648374,0.148428780963738
"PWY-5097: L-lysine biosynthesis VI|g__Eubacterium.s__Eubacterium_eligens_CAG_72",-0.174648214496752,0.0885448465737749,0.149204263239013
"SER-GLYSYN-PWY: superpathway of L-serine and glycine biosynthesis I|g__Bacteroides.s__Bacteroides_uniformis_CAG_3",0.127178519724253,0.0887906529628281,0.149461655030462
"GLUTORN-PWY: L-ornithine biosynthesis|g__Gemmiger.s__Gemmiger_formicilis",-0.325841226791505,0.0888355383845107,0.149461655030462
"PWY-6700: queuosine biosynthesis|g__Bacteroides.s__Bacteroides_stercoris",-0.0212340908292964,0.0889316788315994,0.149507329734737
"PWY-7663: gondoate biosynthesis (anaerobic)|g__Bacteroides.s__Bacteroides_stercoris",-0.0174359003809358,0.0890132194899613,0.149528408243989
"PWY-6609: adenine and adenosine salvage III|g__Barnesiella.s__Barnesiella_intestinihominis",-0.349833555785343,0.0895451056554686,0.150189043309134
"VALSYN-PWY: L-valine biosynthesis|g__Bacteroides.s__Bacteroides_uniformis_CAG_3",0.143151395305429,0.0895217499288582,0.150189043309134
"1CMET2-PWY: N10-formyl-tetrahydrofolate biosynthesis|g__Alistipes.s__Alistipes_finegoldii",0.190242477867624,0.0897977034950339,0.150396246990211
"SER-GLYSYN-PWY: superpathway of L-serine and glycine biosynthesis I|g__Bacteroides.s__Bacteroides_vulgatus_CAG_6",0.0806445504322441,0.089807449748654,0.150396246990211
"RIBOSYN2-PWY: flavin biosynthesis I (bacteria and plants)|g__Eubacterium.s__Eubacterium_eligens_CAG_72",-0.218359660038282,0.0908374055518296,0.152003596780552
"PWY-2942: L-lysine biosynthesis III|g__Bacteroides.s__Bacteroides_vulgatus",0.101472265350555,0.0912566953741116,0.152587391107793
"PWY-5686: UMP biosynthesis|g__Bacteroides.s__Bacteroides_vulgatus_CAG_6",0.0377689270332928,0.0915034972727709,0.152862844499555
"PWY0-1586: peptidoglycan maturation (meso-diaminopimelate containing)|g__Bacteroides.s__Bacteroides_ovatus",0.247517183724816,0.0916330572242373,0.152862844499555
"THRESYN-PWY: superpathway of L-threonine biosynthesis|g__Bacteroides.s__Bacteroides_stercoris",-0.0274721681326355,0.0915778653341778,0.152862844499555
"PWY-5097: L-lysine biosynthesis VI|g__Lachnospira.s__Lachnospira_pectinoschiza",-0.248393946556842,0.0918562957485441,0.153117379143919
"PWY-6737: starch degradation V|g__Eubacterium.s__Eubacterium_eligens_CAG_72",-0.228744630106748,0.0923218804884299,0.153775184487646
"PWY-6387: UDP-N-acetylmuramoyl-pentapeptide biosynthesis I (meso-diaminopimelate containing)|g__Bacteroides.s__Bacteroides_vulgatus_CAG_6",0.0588391444504603,0.0925797241750057,0.154086222954867
"BIOTIN-BIOSYNTHESIS-PWY: biotin biosynthesis I|g__Bacteroides.s__Bacteroides_vulgatus",0.0907785622385178,0.0930844890610792,0.154570182218666
"PWY-6123: inosine-5'-phosphate biosynthesis I|g__Barnesiella.s__Barnesiella_intestinihominis",-0.311477776127026,0.092984692332962,0.154570182218666
"PWY-1042: glycolysis IV (plant cytosol)|g__Bacteroides.s__Bacteroides_massiliensis",0.193245205876288,0.0930811656487977,0.154570182218666
"PWY-6700: queuosine biosynthesis|g__Gemmiger.s__Gemmiger_formicilis",-0.297080633211428,0.0931721955633851,0.154597356650732
"PWY-2942: L-lysine biosynthesis III|g__Lachnospira.s__Lachnospira_pectinoschiza",-0.229767636414773,0.0936204440982929,0.155222266534813
"PWY-6122: 5-aminoimidazole ribonucleotide biosynthesis II|g__Alistipes.s__Alistipes_putredinis_CAG_67",-0.213724256426543,0.0938061333385502,0.155292506451213
"PWY-6277: superpathway of 5-aminoimidazole ribonucleotide biosynthesis|g__Alistipes.s__Alistipes_putredinis_CAG_67",-0.213724256426543,0.0938061333385502,0.155292506451213
"PWY-5030: L-histidine degradation III|g__Bacteroides.s__Bacteroides_stercoris",-0.059984400394009,0.0942049049585838,0.155833609958207
"PWY-6121: 5-aminoimidazole ribonucleotide biosynthesis I|g__Bacteroides.s__Bacteroides_vulgatus_CAG_6",0.070515528063679,0.094323363150182,0.155910547632681
"COA-PWY-1: coenzyme A biosynthesis II (mammalian)|g__Bacteroides.s__Bacteroides_vulgatus",0.0645507219442649,0.0945966178901051,0.155983566548101
"PWY-6121: 5-aminoimidazole ribonucleotide biosynthesis I|g__Alistipes.s__Alistipes_finegoldii",0.14693676049507,0.0945477178731475,0.155983566548101
"PWY-7111: pyruvate fermentation to isobutanol (engineered)|g__Barnesiella.s__Barnesiella_intestinihominis",-0.38156431284449,0.0947274451210436,0.155983566548101
"VALSYN-PWY: L-valine biosynthesis|g__Barnesiella.s__Barnesiella_intestinihominis",-0.38156431284449,0.0947274451210436,0.155983566548101
"PWY-6700: queuosine biosynthesis|g__Lachnospira.s__Lachnospira_pectinoschiza",-0.256029962255415,0.0945692349481762,0.155983566548101
"SER-GLYSYN-PWY: superpathway of L-serine and glycine biosynthesis I|g__Eubacterium.s__Eubacterium_eligens_CAG_72",-0.266226942043454,0.094873413740417,0.156105305676146
"COA-PWY-1: coenzyme A biosynthesis II (mammalian)|g__Eubacterium.s__Eubacterium_eligens_CAG_72",-0.187318173043363,0.0949472293758018,0.156108229178576
"PWY-5188: tetrapyrrole biosynthesis I (from glutamate)|g__Eubacterium.s__Eubacterium_eligens",-0.155643029632732,0.0954666067484332,0.15684316665948
"1CMET2-PWY: N10-formyl-tetrahydrofolate biosynthesis|g__Bacteroides.s__Bacteroides_vulgatus",0.0681874070474728,0.0955600057574642,0.156877676118504
"PWY-4242: pantothenate and coenzyme A biosynthesis III|g__Alistipes.s__Alistipes_finegoldii",0.167579153261171,0.096633401048805,0.158519742674308
"PWY-6892: thiazole biosynthesis I (E. coli)|g__Bacteroides.s__Bacteroides_ovatus",0.165396778097667,0.0968226861144428,0.158710106512858
"PWY-6609: adenine and adenosine salvage III|g__Bacteroides.s__Bacteroides_vulgatus",0.0801118483792348,0.0969382079300795,0.158779362497719
"THRESYN-PWY: superpathway of L-threonine biosynthesis|g__Bacteroides.s__Bacteroides_vulgatus",0.0993833630114846,0.0983929316210515,0.161040394881283
"NONOXIPENT-PWY: pentose phosphate pathway (non-oxidative branch)|g__Lachnospiraceae_unclassified.s__Eubacterium_rectale",-0.126271303747956,0.0986394053620739,0.161321955788388
"HISTSYN-PWY: L-histidine biosynthesis|g__Bacteroides.s__Bacteroides_vulgatus_CAG_6",0.0783493678502145,0.0989858518840726,0.161766471367108
"PYRIDNUCSYN-PWY: NAD biosynthesis I (from aspartate)|g__Bacteroides.s__Bacteroides_vulgatus",0.0823190526601971,0.0992855141986586,0.162133918062165
"COA-PWY-1: coenzyme A biosynthesis II (mammalian)|g__Lachnospira.s__Lachnospira_pectinoschiza",-0.233886052480203,0.0999249185302866,0.163055194619828
"PWY-5686: UMP biosynthesis|g__Akkermansia.s__Akkermansia_muciniphila",0.393315399998621,0.100002579106569,0.163059133878056
"PWY-7219: adenosine ribonucleotides de novo biosynthesis|g__Gemmiger.s__Gemmiger_formicilis",-0.265472972895303,0.100396154703203,0.163577794918677
"DTDPRHAMSYN-PWY: dTDP-L-rhamnose biosynthesis I|unclassified",-0.0843020787989321,0.100855887134395,0.164203386491536
"PWY-621: sucrose degradation III (sucrose invertase)|g__Roseburia.s__Roseburia_faecis",-0.0968995328187165,0.101468936399684,0.165077466349937
"PWY-5304: superpathway of sulfur oxidation (Acidianus ambivalens)|g__Lachnospiraceae_unclassified.s__Eubacterium_rectale",-0.105618545578571,0.101815517286145,0.16551704873149
"PWY-7221: guanosine ribonucleotides de novo biosynthesis|g__Barnesiella.s__Barnesiella_intestinihominis",-0.318480249999967,0.101897340208097,0.165525889228595
"GLYCOGENSYNTH-PWY: glycogen biosynthesis I (from ADP-D-Glucose)|g__Roseburia.s__Roseburia_faecis",-0.0483526942597086,0.102050484500425,0.165650486825784
"PWY-3841: folate transformations II|g__Bacteroides.s__Bacteroides_stercoris",-0.0211564764017706,0.10222837844915,0.1658150419905
"HSERMETANA-PWY: L-methionine biosynthesis III|g__Lachnospira.s__Lachnospira_pectinoschiza",-0.215601507793625,0.102378508635205,0.165934351692214
"ASPASN-PWY: superpathway of L-aspartate and L-asparagine biosynthesis|g__Bacteroides.s__Bacteroides_stercoris",-0.0149291839109539,0.10316026049415,0.16707644580779
"PWY-5030: L-histidine degradation III|g__Bacteroides.s__Bacteroides_vulgatus_CAG_6",0.0596754616359561,0.103473933829696,0.167459308893914
"TRNA-CHARGING-PWY: tRNA charging|g__Bacteroides.s__Bacteroides_vulgatus",0.0874355974831155,0.104948478703603,0.169632182548216
"UDPNAGSYN-PWY: UDP-N-acetyl-D-glucosamine biosynthesis I|unclassified",0.130313504657118,0.104973122656741,0.169632182548216
"UNINTEGRATED|g__Oscillibacter.s__Oscillibacter_sp_CAG_241",-0.107514959202702,0.10536925350499,0.170097454633091
"PWY-7210: pyrimidine deoxyribonucleotides biosynthesis from CTP",0.430091375603856,0.10541803487413,0.170097454633091
"PANTOSYN-PWY: pantothenate and coenzyme A biosynthesis I|g__Bacteroides.s__Bacteroides_ovatus",0.223721711702619,0.105521817812539,0.170138228571258
"HISDEG-PWY: L-histidine degradation I|g__Bacteroides.s__Bacteroides_ovatus",0.12751428511227,0.105981376932675,0.170752151533909
"UNINTEGRATED|g__Bacteroides.s__Bacteroides_ovatus",0.212550686210808,0.106802294520082,0.171946933302391
"PWY-6519: 8-amino-7-oxononanoate biosynthesis I|g__Bacteroides.s__Bacteroides_vulgatus",0.0876336409568876,0.107296178710422,0.172613822765764
"PWY-1042: glycolysis IV (plant cytosol)|g__Bacteroides.s__Bacteroides_vulgatus_CAG_6",0.0701650126736589,0.107571847118808,0.172928926340102
"PWY-6387: UDP-N-acetylmuramoyl-pentapeptide biosynthesis I (meso-diaminopimelate containing)|g__Lachnospira.s__Lachnospira_pectinoschiza",-0.223709100464695,0.108974665381196,0.175054188199445
"HISDEG-PWY: L-histidine degradation I|g__Bacteroides.s__Bacteroides_vulgatus_CAG_6",0.070404115870425,0.109497240034603,0.175706486684116
"VALSYN-PWY: L-valine biosynthesis|g__Roseburia.s__Roseburia_faecis",-0.109292409288308,0.109542899635552,0.175706486684116
"PWY-7221: guanosine ribonucleotides de novo biosynthesis|g__Alistipes.s__Alistipes_finegoldii",0.137573233129388,0.109784942682437,0.175881286103619
"PWY-6470: peptidoglycan biosynthesis V (&beta;-lactam resistance)",0.218045899393753,0.109814204013935,0.175881286103619
"PWY-7220: adenosine deoxyribonucleotides de novo biosynthesis II|g__Bacteroides.s__Bacteroides_vulgatus",0.0882371949102549,0.110757177072138,0.177129743701346
"PWY-7222: guanosine deoxyribonucleotides de novo biosynthesis II|g__Bacteroides.s__Bacteroides_vulgatus",0.0882371949102549,0.110757177072138,0.177129743701346
"PWY-1042: glycolysis IV (plant cytosol)|g__Roseburia.s__Roseburia_faecis",-0.0936831829432293,0.111125405232368,0.177326033238985
"PWY-6122: 5-aminoimidazole ribonucleotide biosynthesis II|g__Bacteroides.s__Bacteroides_massiliensis",0.183169394789847,0.111065542748409,0.177326033238985
"PWY-6277: superpathway of 5-aminoimidazole ribonucleotide biosynthesis|g__Bacteroides.s__Bacteroides_massiliensis",0.183169394789847,0.111065542748409,0.177326033238985
"PWY-7221: guanosine ribonucleotides de novo biosynthesis|g__Bacteroides.s__Bacteroides_vulgatus",0.0797383383793321,0.111262766209895,0.17741458011541
"PWY-6151: S-adenosyl-L-methionine cycle I|g__Bacteroides.s__Bacteroides_vulgatus",0.049037617807527,0.1116272673252,0.177864917863021
"PWY-5659: GDP-mannose biosynthesis|g__Faecalibacterium.s__Faecalibacterium_prausnitzii",-0.206383276780858,0.112116760052405,0.178513606931346
"PWY-7539: 6-hydroxymethyl-dihydropterin diphosphate biosynthesis III (Chlamydia)|g__Bacteroides.s__Bacteroides_vulgatus_CAG_6",0.046361783002435,0.113105181047415,0.179955159566628
"PWY-5667: CDP-diacylglycerol biosynthesis I|g__Barnesiella.s__Barnesiella_intestinihominis",-0.318007618599778,0.113909468518132,0.18092556126583
"PWY0-1319: CDP-diacylglycerol biosynthesis II|g__Barnesiella.s__Barnesiella_intestinihominis",-0.318007618599778,0.113909468518132,0.18092556126583
"PWY-6703: preQ0 biosynthesis|g__Akkermansia.s__Akkermansia_muciniphila",0.40349025568104,0.113965570432791,0.18092556126583
"HSERMETANA-PWY: L-methionine biosynthesis III|g__Akkermansia.s__Akkermansia_muciniphila",0.350487473074629,0.114225223751127,0.181166346608239
"COA-PWY-1: coenzyme A biosynthesis II (mammalian)|g__Bacteroides.s__Bacteroides_ovatus",0.167720167519499,0.114284446614427,0.181166346608239
"RIBOSYN2-PWY: flavin biosynthesis I (bacteria and plants)",0.0206706633655681,0.114931968578973,0.182059631513621
"THISYNARA-PWY: superpathway of thiamin diphosphate biosynthesis III (eukaryotes)|g__Bacteroides.s__Bacteroides_vulgatus_CAG_6",0.0507090898317459,0.115229049747546,0.182396896130702
"PWY0-1296: purine ribonucleosides degradation|g__Gemmiger.s__Gemmiger_formicilis",-0.305760992056677,0.116460061012495,0.184210914024874
"PWY-7400: L-arginine biosynthesis IV (archaebacteria)|g__Eubacterium.s__Eubacterium_eligens",-0.162629679596693,0.116710462079441,0.184337879975327
"PWY-6936: seleno-amino acid biosynthesis|g__Eubacterium.s__Eubacterium_eligens_CAG_72",-0.165209494160452,0.116657250921398,0.184337879975327
"PWY-5973: cis-vaccenate biosynthesis|g__Bacteroides.s__Bacteroides_ovatus",0.228295787335828,0.116861458144025,0.184441937216388
"PWY-7221: guanosine ribonucleotides de novo biosynthesis|g__Bacteroides.s__Bacteroides_massiliensis",0.18492087105271,0.117273328526974,0.184822765758512
"ARGSYN-PWY: L-arginine biosynthesis I (via L-ornithine)|g__Eubacterium.s__Eubacterium_eligens",-0.162748276973402,0.117193775298448,0.184822765758512
"PANTO-PWY: phosphopantothenate biosynthesis I|g__Bacteroides.s__Bacteroides_vulgatus_CAG_6",0.0611006217322695,0.117800159430634,0.185383402676967
"PANTO-PWY: phosphopantothenate biosynthesis I|g__Akkermansia.s__Akkermansia_muciniphila",0.444720318512516,0.117744054796535,0.185383402676967
"PWY-5154: L-arginine biosynthesis III (via N-acetyl-L-citrulline)",0.0276955171791866,0.117896232333182,0.185399953168364
"PWY-7219: adenosine ribonucleotides de novo biosynthesis|g__Bacteroides.s__Bacteroides_vulgatus_CAG_6",0.0209189595828538,0.118145133340847,0.185568946441156
"PWY-5097: L-lysine biosynthesis VI|g__Bacteroides.s__Bacteroides_vulgatus",0.0586615002144709,0.118174963585046,0.185568946441156
"PWY-7228: superpathway of guanosine nucleotides de novo biosynthesis I|unclassified",-0.14369374779899,0.119331054515965,0.187248656869005
"PWY-3841: folate transformations II|g__Akkermansia.s__Akkermansia_muciniphila",0.361705633500981,0.119515221024366,0.187401942083793
"CALVIN-PWY: Calvin-Benson-Bassham cycle|g__Eubacterium.s__Eubacterium_eligens_CAG_72",-0.151762311830199,0.120169607944627,0.188291786273324
"PWY-6936: seleno-amino acid biosynthesis|g__Bacteroides.s__Bacteroides_vulgatus_CAG_6",0.0496732264165272,0.120809464114156,0.18915759301689
"1CMET2-PWY: N10-formyl-tetrahydrofolate biosynthesis|g__Bacteroides.s__Bacteroides_massiliensis",0.208739051574952,0.122557189446587,0.191755544787548
"PWY-6163: chorismate biosynthesis from 3-dehydroquinate|g__Lachnospira.s__Lachnospira_pectinoschiza",-0.233196249468287,0.122980874049665,0.192279620537968
"UNINTEGRATED|g__Coprococcus.s__Coprococcus_comes_CAG_19",0.0135855735687329,0.123153448620846,0.192410615112741
"THRESYN-PWY: superpathway of L-threonine biosynthesis|g__Bacteroides.s__Bacteroides_vulgatus_CAG_6",0.0453103996792227,0.123404426687024,0.192539744323684
"PWY-5484: glycolysis II (from fructose 6-phosphate)|unclassified",0.0637208463732664,0.123413800122565,0.192539744323684
"PWY0-1319: CDP-diacylglycerol biosynthesis II",0.0185058388091783,0.123510640272724,0.192552199619419
"PEPTIDOGLYCANSYN-PWY: peptidoglycan biosynthesis I (meso-diaminopimelate containing)|g__Alistipes.s__Alistipes_finegoldii",0.161088093364861,0.12390519839767,0.192751302891421
"PWY-6124: inosine-5'-phosphate biosynthesis II",0.0369042784366328,0.123839995475793,0.192751302891421
"PWY-7229: superpathway of adenosine nucleotides de novo biosynthesis I|g__Alistipes.s__Alistipes_putredinis_CAG_67",-0.257391208279142,0.123853380439513,0.192751302891421
"PWY-5667: CDP-diacylglycerol biosynthesis I",0.0184735974110293,0.124004947901503,0.192768093330385
"PWY-5097: L-lysine biosynthesis VI|g__Bacteroides.s__Bacteroides_massiliensis",0.278825326991415,0.124213574177929,0.192953989421915
"HISTSYN-PWY: L-histidine biosynthesis|g__Bacteroides.s__Bacteroides_vulgatus",0.0773530436024109,0.12488360671176,0.19381982572103
"PWY-5659: GDP-mannose biosynthesis|g__Bacteroides.s__Bacteroides_vulgatus",0.114696450610825,0.124949836886146,0.19381982572103
"PWY-6124: inosine-5'-phosphate biosynthesis II|g__Bacteroides.s__Bacteroides_massiliensis",0.15779186919102,0.125875975627844,0.195116766227137
"GLYCOGENSYNTH-PWY: glycogen biosynthesis I (from ADP-D-Glucose)|g__Eubacterium.s__Eubacterium_eligens_CAG_72",-0.234207961587666,0.126305053722634,0.19564192381483
"FASYN-ELONG-PWY: fatty acid elongation -- saturated|g__Bacteroides.s__Bacteroides_vulgatus",0.109818457906394,0.127012601133125,0.196597361896772
"COA-PWY: coenzyme A biosynthesis I|g__Bacteroides.s__Bacteroides_vulgatus",0.0545557156435644,0.127354860781077,0.196845922476886
"HISTSYN-PWY: L-histidine biosynthesis|g__Bacteroides.s__Bacteroides_stercoris",-0.0174568430722521,0.127335252747238,0.196845922476886
"COA-PWY-1: coenzyme A biosynthesis II (mammalian)|g__Alistipes.s__Alistipes_finegoldii",0.140017814732058,0.12783045885887,0.197440202670828
"PWY-6147: 6-hydroxymethyl-dihydropterin diphosphate biosynthesis I|g__Bacteroides.s__Bacteroides_dorei",0.193726674857803,0.129195926429328,0.199407102971763
"PWY-1042: glycolysis IV (plant cytosol)|g__Eubacterium.s__Eubacterium_eligens_CAG_72",-0.15477865471479,0.129590993886749,0.199874508008957
"PYRIDOXSYN-PWY: pyridoxal 5'-phosphate biosynthesis I|g__Bacteroides.s__Bacteroides_dorei",0.213023914638057,0.131169490894216,0.20216521107238
"PWY-3841: folate transformations II|g__Parabacteroides.s__Parabacteroides_merdae",0.0804563493425732,0.131568538912931,0.202636122121053
"ARGSYN-PWY: L-arginine biosynthesis I (via L-ornithine)|g__Eubacterium.s__Eubacterium_eligens_CAG_72",-0.179965948102451,0.131725276293021,0.202733433044728
"PWY-7664: oleate biosynthesis IV (anaerobic)|g__Bacteroides.s__Bacteroides_vulgatus",0.103863822500642,0.13207196520277,0.20312274563123
"COA-PWY: coenzyme A biosynthesis I|g__Alistipes.s__Alistipes_finegoldii",0.119775795109279,0.132231809977495,0.203224349093072
"PWY-7400: L-arginine biosynthesis IV (archaebacteria)|g__Eubacterium.s__Eubacterium_eligens_CAG_72",-0.179393452361186,0.132408136524935,0.203351121084008
"PWY0-862: (5Z)-dodec-5-enoate biosynthesis|g__Bacteroides.s__Bacteroides_vulgatus",0.101874997505078,0.13258945474354,0.203485374241679
"PWY-5103: L-isoleucine biosynthesis III|g__Bacteroides.s__Bacteroides_ovatus",0.221342667542808,0.133121884703955,0.204157908105782
"PWY-6700: queuosine biosynthesis|g__Bacteroides.s__Bacteroides_vulgatus",0.0946564746394838,0.133274346660759,0.204247177661857
"PWY-1042: glycolysis IV (plant cytosol)|g__Bacteroides.s__Bacteroides_vulgatus",0.0749821325867613,0.133500288596147,0.204448851864205
"PWY-6282: palmitoleate biosynthesis I (from (5Z)-dodec-5-enoate)|g__Bacteroides.s__Bacteroides_vulgatus",0.10609660983058,0.133687087970739,0.204534600094585
"PWY-5989: stearate biosynthesis II (bacteria and plants)|g__Bacteroides.s__Bacteroides_vulgatus",0.108187825926787,0.133745052299966,0.204534600094585
"PWY-7221: guanosine ribonucleotides de novo biosynthesis|g__Blautia.s__Blautia_wexlerae",0.177318595763045,0.133862420012571,0.20456972085137
"PWY-7111: pyruvate fermentation to isobutanol (engineered)|g__Bacteroides.s__Bacteroides_ovatus",0.21253562852029,0.134414993952958,0.205269409370021
"PWY-4984: urea cycle|g__Alistipes.s__Alistipes_finegoldii",0.166412596379687,0.134561969010938,0.205349145666692
"BRANCHED-CHAIN-AA-SYN-PWY: superpathway of branched amino acid biosynthesis|g__Bacteroides.s__Bacteroides_ovatus",0.227283623282501,0.134810268579167,0.205583287833255
"HISDEG-PWY: L-histidine degradation I|g__Bacteroides.s__Bacteroides_vulgatus",0.0817117743084952,0.135141498298223,0.205943478770921
"PWY-7357: thiamin formation from pyrithiamine and oxythiamine (yeast)|g__Lachnospiraceae_unclassified.s__Eubacterium_rectale",-0.159392434508628,0.136090782768649,0.20724436139119
"PWY-6121: 5-aminoimidazole ribonucleotide biosynthesis I|g__Phascolarctobacterium.s__Phascolarctobacterium_succinatutens",0.0817143698422652,0.136390389185468,0.20755475657648
"PWY-6386: UDP-N-acetylmuramoyl-pentapeptide biosynthesis II (lysine-containing)|g__Bacteroides.s__Bacteroides_ovatus",0.208675664652153,0.136596555250082,0.207722621211879
"PWY-6126: superpathway of adenosine nucleotides de novo biosynthesis II|g__Alistipes.s__Alistipes_putredinis_CAG_67",-0.256941879506342,0.137481165939437,0.20892123884345
"UNINTEGRATED|g__Roseburia.s__Roseburia_intestinalis",-0.361671276656401,0.137795259765729,0.209251806525812
"THRESYN-PWY: superpathway of L-threonine biosynthesis|g__Bacteroides.s__Bacteroides_massiliensis",0.185518769530989,0.138260666582783,0.209811529751324
"SER-GLYSYN-PWY: superpathway of L-serine and glycine biosynthesis I|g__Eubacterium.s__Eubacterium_eligens",-0.159626708607294,0.13858914665317,0.210162827709881
"PWY-6385: peptidoglycan biosynthesis III (mycobacteria)|g__Lachnospira.s__Lachnospira_pectinoschiza",-0.219015213506087,0.138699243397267,0.210182699609705
"SER-GLYSYN-PWY: superpathway of L-serine and glycine biosynthesis I|g__Blautia.s__Ruminococcus_torques",0.105696548312525,0.139209739606324,0.210808878914678
"PWY-6126: superpathway of adenosine nucleotides de novo biosynthesis II|unclassified",0.0423748396247299,0.139446475130144,0.210872652900923
"TRPSYN-PWY: L-tryptophan biosynthesis|g__Lachnospira.s__Lachnospira_pectinoschiza",-0.210453953614482,0.13940423763708,0.210872652900923
"GLUTORN-PWY: L-ornithine biosynthesis|g__Eubacterium.s__Eubacterium_eligens_CAG_72",-0.185070002619945,0.140240540282023,0.211925558431759
"PWY-6385: peptidoglycan biosynthesis III (mycobacteria)|g__Prevotella.s__Prevotella_copri",0.0125275849858901,0.140419841057168,0.212048638028491
"1CMET2-PWY: N10-formyl-tetrahydrofolate biosynthesis|g__Akkermansia.s__Akkermansia_muciniphila",0.38514723608504,0.141088437509502,0.212909919277918
"PWY-7228: superpathway of guanosine nucleotides de novo biosynthesis I|g__Bacteroides.s__Bacteroides_massiliensis",0.178462035128106,0.141503488964556,0.213387655244393
"PWY0-1586: peptidoglycan maturation (meso-diaminopimelate containing)|g__Bacteroides.s__Bacteroides_stercoris",-0.00883199555426882,0.141632489703708,0.21343366146588
"PWY-6123: inosine-5'-phosphate biosynthesis I|g__Alistipes.s__Alistipes_finegoldii",0.158760075557931,0.143348532182037,0.215869540818954
"GLUTORN-PWY: L-ornithine biosynthesis|g__Eubacterium.s__Eubacterium_eligens",-0.128951259679256,0.143511620769671,0.215965057088804
"RIBOSYN2-PWY: flavin biosynthesis I (bacteria and plants)|unclassified",-0.133981504919381,0.143704173527238,0.216104749502793
"OANTIGEN-PWY: O-antigen building blocks biosynthesis (E. coli)|unclassified",0.125505777318263,0.144210328038535,0.216715520707008
"PWY-7229: superpathway of adenosine nucleotides de novo biosynthesis I|g__Alistipes.s__Alistipes_putredinis",-0.212986862657549,0.147199292842018,0.221053962292899
"PWY-6737: starch degradation V|g__Bacteroides.s__Bacteroides_uniformis_CAG_3",0.0125185949820206,0.147498762667083,0.221350289958151
"PWY0-862: (5Z)-dodec-5-enoate biosynthesis|g__Alistipes.s__Alistipes_finegoldii",0.152182496640875,0.147976160465119,0.221913037873988
"PWY-5989: stearate biosynthesis II (bacteria and plants)|g__Alistipes.s__Alistipes_finegoldii",0.162364031495517,0.148352493334505,0.22232354983117
"COA-PWY: coenzyme A biosynthesis I|g__Ruminococcus.s__Ruminococcus_bicirculans",-0.354254917862257,0.148461535205878,0.222333204416819
"PWY-6387: UDP-N-acetylmuramoyl-pentapeptide biosynthesis I (meso-diaminopimelate containing)|g__Bacteroides.s__Bacteroides_vulgatus",0.0759529283520627,0.149430378094301,0.223629578266817
"PWY-6282: palmitoleate biosynthesis I (from (5Z)-dodec-5-enoate)|g__Alistipes.s__Alistipes_finegoldii",0.159366656462593,0.150562353064398,0.225168129117012
"PWY-7664: oleate biosynthesis IV (anaerobic)|g__Alistipes.s__Alistipes_finegoldii",0.156985238685573,0.150752931100456,0.225297656341165
"PWY-5667: CDP-diacylglycerol biosynthesis I|g__Lachnospira.s__Lachnospira_pectinoschiza",-0.21321040770375,0.150972611658233,0.225315185580848
"PWY0-1319: CDP-diacylglycerol biosynthesis II|g__Lachnospira.s__Lachnospira_pectinoschiza",-0.21321040770375,0.150972611658233,0.225315185580848
"PWYG-321: mycolate biosynthesis|g__Alistipes.s__Alistipes_finegoldii",0.15855004422366,0.151325768434872,0.225686813625855
"PWY-7219: adenosine ribonucleotides de novo biosynthesis|g__Akkermansia.s__Akkermansia_muciniphila",0.386804093440873,0.152285771112712,0.226806368385737
"FASYN-ELONG-PWY: fatty acid elongation -- saturated|g__Alistipes.s__Alistipes_finegoldii",0.160490931657233,0.152284180216993,0.226806368385737
"GLYCOLYSIS: glycolysis I (from glucose 6-phosphate)|unclassified",0.0596890935213994,0.152935687216427,0.227617880630492
"PWY-5083: NAD/NADH phosphorylation and dephosphorylation|g__Bacteroides.s__Bacteroides_ovatus",0.155630580464118,0.153609525471882,0.228463858406018
"PWY-7111: pyruvate fermentation to isobutanol (engineered)|g__Ruminococcaceae_unclassified.s__Eubacterium_siraeum",-0.0975972797741399,0.153786547546088,0.228570266483109
"PWY-3841: folate transformations II|g__Bacteroides.s__Bacteroides_vulgatus",0.0684743081071513,0.154276870416014,0.229141863051065
"PWY-5097: L-lysine biosynthesis VI|g__Bacteroides.s__Bacteroides_ovatus",0.0381014193902526,0.154538110729695,0.229372661610444
"PWY-7221: guanosine ribonucleotides de novo biosynthesis|g__Bacteroides.s__Bacteroides_vulgatus_CAG_6",0.0597869441448786,0.15477506894527,0.229410105611765
"PWY-6123: inosine-5'-phosphate biosynthesis I|g__Bacteroides.s__Bacteroides_stercoris",-0.0346729618160467,0.154699317968531,0.229410105611765
"PWY-7312: dTDP-D-&beta;-fucofuranose biosynthesis",0.0696831006448255,0.155391247959296,0.230165983819408
"PWY-3841: folate transformations II|g__Bacteroides.s__Bacteroides_massiliensis",0.200334238694866,0.155613466201665,0.230337692116809
"PWY-5188: tetrapyrrole biosynthesis I (from glutamate)|g__Akkermansia.s__Akkermansia_muciniphila",0.38653381440252,0.15593748057659,0.230659740893837
"PWY-7219: adenosine ribonucleotides de novo biosynthesis|g__Bacteroides.s__Bacteroides_vulgatus",0.0835126843294667,0.156658489404993,0.231568176357857
"PANTO-PWY: phosphopantothenate biosynthesis I|unclassified",-0.080768086038415,0.157366389719118,0.232456009898656
"PWY-5686: UMP biosynthesis|g__Eubacterium.s__Eubacterium_eligens",-0.157512532050096,0.157550028383499,0.232568740808612
"PWY-6385: peptidoglycan biosynthesis III (mycobacteria)",0.0203130054227818,0.158742084011434,0.234168887714621
"PWY-6126: superpathway of adenosine nucleotides de novo biosynthesis II|g__Alistipes.s__Alistipes_putredinis",-0.205851798029159,0.159534146909642,0.235177208403534
"UNINTEGRATED|g__Ruminococcaceae_unclassified.s__Eubacterium_siraeum",-0.0682690743525423,0.159782881448544,0.235383755335822
"THISYNARA-PWY: superpathway of thiamin diphosphate biosynthesis III (eukaryotes)|g__Faecalibacterium.s__Faecalibacterium_prausnitzii",-0.176442249884151,0.160054983552527,0.235624422118428
"COA-PWY: coenzyme A biosynthesis I|g__Lachnospira.s__Lachnospira_pectinoschiza",-0.217030296266096,0.160297947669683,0.235821895858929
"PWY-5695: urate biosynthesis/inosine 5'-phosphate degradation|g__Bacteroides.s__Bacteroides_vulgatus",0.0820112136139871,0.16144510312292,0.237154595118349
"ASPASN-PWY: superpathway of L-aspartate and L-asparagine biosynthesis|g__Bacteroides.s__Bacteroides_vulgatus",0.0976391200727484,0.161532156158137,0.237154595118349
"PEPTIDOGLYCANSYN-PWY: peptidoglycan biosynthesis I (meso-diaminopimelate containing)|g__Prevotella.s__Prevotella_copri",0.0150024231328074,0.161393901852468,0.237154595118349
"PEPTIDOGLYCANSYN-PWY: peptidoglycan biosynthesis I (meso-diaminopimelate containing)|g__Bacteroides.s__Bacteroides_vulgatus",0.070981560680116,0.16190954249367,0.237547717389155
"PANTO-PWY: phosphopantothenate biosynthesis I|g__Bacteroides.s__Bacteroides_vulgatus",0.055018104541459,0.162071825586514,0.237624929665749
"PWY-5667: CDP-diacylglycerol biosynthesis I|g__Bacteroides.s__Bacteroides_vulgatus",0.0566673350517728,0.16232812329807,0.237679083234403
"PWY0-1319: CDP-diacylglycerol biosynthesis II|g__Bacteroides.s__Bacteroides_vulgatus",0.0566673350517728,0.16232812329807,0.237679083234403
"PWY-2942: L-lysine biosynthesis III|g__Akkermansia.s__Akkermansia_muciniphila",0.380872575012694,0.163293980634813,0.238931840672275
"PWY-6609: adenine and adenosine salvage III|g__Oscillibacter.s__Oscillibacter_sp_CAG_241",-0.136284042576309,0.163487769944128,0.239053979398736
"PWY0-1586: peptidoglycan maturation (meso-diaminopimelate containing)|g__Bacteroides.s__Bacteroides_vulgatus_CAG_6",0.0352460513813524,0.163802529794275,0.239352718856503
"HISDEG-PWY: L-histidine degradation I|g__Bacteroides.s__Bacteroides_stercoris",-0.0635317748550636,0.165543577942435,0.241733782615403
"PWY-7228: superpathway of guanosine nucleotides de novo biosynthesis I|g__Bacteroides.s__Bacteroides_vulgatus_CAG_6",0.0616070913358406,0.167062921443237,0.243726481215977
"RIBOSYN2-PWY: flavin biosynthesis I (bacteria and plants)|g__Eubacterium.s__Eubacterium_eligens",-0.170149263257085,0.167133156939059,0.243726481215977
"PWY-6737: starch degradation V|g__Lachnospiraceae_unclassified.s__Eubacterium_rectale",-0.116980115775502,0.168134854153377,0.244898292821572
"PWY-6700: queuosine biosynthesis|g__Eubacterium.s__Eubacterium_eligens_CAG_72",-0.209124052305152,0.168162740986848,0.244898292821572
"PWY-7220: adenosine deoxyribonucleotides de novo biosynthesis II|g__Bacteroides.s__Bacteroides_ovatus",0.265206821480495,0.169511823972351,0.246366279374973
"PWY-7222: guanosine deoxyribonucleotides de novo biosynthesis II|g__Bacteroides.s__Bacteroides_ovatus",0.265206821480495,0.169511823972351,0.246366279374973
"SER-GLYSYN-PWY: superpathway of L-serine and glycine biosynthesis I|g__Alistipes.s__Alistipes_putredinis_CAG_67",-0.135300249247049,0.169320227150925,0.246366279374973
"PEPTIDOGLYCANSYN-PWY: peptidoglycan biosynthesis I (meso-diaminopimelate containing)|g__Bacteroides.s__Bacteroides_stercoris",-0.0513048503158539,0.169693666948743,0.246465265601828
"PWY-5030: L-histidine degradation III|g__Bacteroides.s__Bacteroides_ovatus",0.158575851212853,0.170093130822122,0.246879982914627
"PWY-7315: dTDP-N-acetylthomosamine biosynthesis|unclassified",-0.0148714372931436,0.17038863151207,0.247143349723331
"PWY-5103: L-isoleucine biosynthesis III|g__Bacteroides.s__Bacteroides_stercoris",-0.0635606498984397,0.171236058149862,0.248206379940302
"PWY-6122: 5-aminoimidazole ribonucleotide biosynthesis II|g__Lachnospiraceae_unclassified.s__Eubacterium_rectale",-0.114313370567185,0.171975857080743,0.248224838881954
"PWY-6277: superpathway of 5-aminoimidazole ribonucleotide biosynthesis|g__Lachnospiraceae_unclassified.s__Eubacterium_rectale",-0.114313370567185,0.171975857080743,0.248224838881954
"PWY-5973: cis-vaccenate biosynthesis|unclassified",-0.0415579109916356,0.171912254446569,0.248224838881954
"PWY-1042: glycolysis IV (plant cytosol)|g__Prevotella.s__Prevotella_copri",-0.0435846370725882,0.171698315736457,0.248224838881954
"1CMET2-PWY: N10-formyl-tetrahydrofolate biosynthesis|g__Parabacteroides.s__Parabacteroides_merdae",0.0852466066385205,0.171979568177188,0.248224838881954
"PWY-6737: starch degradation V|g__Bacteroides.s__Bacteroides_stercoris",-0.085583544838644,0.171978551618799,0.248224838881954
"HSERMETANA-PWY: L-methionine biosynthesis III|g__Eubacterium.s__Eubacterium_eligens",-0.0892262117883711,0.17205062667314,0.248224838881954
"PWY-6387: UDP-N-acetylmuramoyl-pentapeptide biosynthesis I (meso-diaminopimelate containing)|g__Eubacterium.s__Eubacterium_eligens",-0.141546049736321,0.172407603880863,0.248574369667219
"ILEUSYN-PWY: L-isoleucine biosynthesis I (from threonine)|g__Prevotella.s__Prevotella_copri_CAG_164",-0.00868067539760983,0.172762852626635,0.248755549263733
"PWY-6385: peptidoglycan biosynthesis III (mycobacteria)|g__Bacteroides.s__Bacteroides_stercoris",-0.0412218870493833,0.172709291119516,0.248755549263733
"PWY-5695: urate biosynthesis/inosine 5'-phosphate degradation|g__Bacteroides.s__Bacteroides_stercoris",-0.0173538870755474,0.173022773008385,0.248964375238493
"PANTO-PWY: phosphopantothenate biosynthesis I|g__Roseburia.s__Roseburia_faecis",-0.0629228354806459,0.173588449007573,0.249612587259065
"BRANCHED-CHAIN-AA-SYN-PWY: superpathway of branched amino acid biosynthesis|g__Prevotella.s__Prevotella_copri_CAG_164",-0.0172419874002386,0.173771469989113,0.249710063306637
"PWY-6385: peptidoglycan biosynthesis III (mycobacteria)|g__Bacteroides.s__Bacteroides_ovatus",0.243111938203237,0.173996104068763,0.249867168666011
"PWY-6386: UDP-N-acetylmuramoyl-pentapeptide biosynthesis II (lysine-containing)|g__Lachnospira.s__Lachnospira_pectinoschiza",-0.207574569280343,0.174332666292142,0.250184693943757
"PWY-6609: adenine and adenosine salvage III|g__Eubacterium.s__Eubacterium_eligens",-0.20496751775566,0.174678925236309,0.250515705484501
"PWY-5103: L-isoleucine biosynthesis III|g__Prevotella.s__Prevotella_copri_CAG_164",-0.019770784873507,0.17541984614655,0.251411909126702
"BRANCHED-CHAIN-AA-SYN-PWY: superpathway of branched amino acid biosynthesis|g__Bacteroides.s__Bacteroides_stercoris",-0.0570700411804363,0.175716581220559,0.251670741245837
"PWY0-1586: peptidoglycan maturation (meso-diaminopimelate containing)|g__Ruminococcus.s__Ruminococcus_bicirculans",-0.296872433562166,0.176419060978745,0.252509976975522
"ASPASN-PWY: superpathway of L-aspartate and L-asparagine biosynthesis|g__Prevotella.s__Prevotella_copri_CAG_164",0.118310374802934,0.176834251050539,0.252937176255127
"VALSYN-PWY: L-valine biosynthesis|unclassified",-0.10734454254496,0.177159672386384,0.253235494763387
"PEPTIDOGLYCANSYN-PWY: peptidoglycan biosynthesis I (meso-diaminopimelate containing)|g__Lachnospira.s__Lachnospira_pectinoschiza",-0.195160379318685,0.179886750148209,0.256964131556472
"ILEUSYN-PWY: L-isoleucine biosynthesis I (from threonine)|g__Lachnospiraceae_unclassified.s__Eubacterium_rectale",-0.11349903369849,0.181337916233629,0.258866445637861
"PWY-6609: adenine and adenosine salvage III|g__Lachnospira.s__Lachnospira_pectinoschiza",-0.210585626457281,0.182422441543827,0.260243206600047
"PWY-5686: UMP biosynthesis|g__Alistipes.s__Alistipes_finegoldii",0.178609228941054,0.183341767511146,0.261210789083927
"PWY-6121: 5-aminoimidazole ribonucleotide biosynthesis I|g__Bacteroides.s__Bacteroides_cellulosilyticus",0.232638452403082,0.183252459418451,0.261210789083927
"ILEUSYN-PWY: L-isoleucine biosynthesis I (from threonine)|g__Bacteroides.s__Bacteroides_stercoris",-0.0637124941573309,0.183629442751164,0.261448753246894
"PWY-6387: UDP-N-acetylmuramoyl-pentapeptide biosynthesis I (meso-diaminopimelate containing)|g__Bacteroides.s__Bacteroides_stercoris",-0.0453215958117706,0.185059496955647,0.263311838412926
"PWY-7221: guanosine ribonucleotides de novo biosynthesis|g__Akkermansia.s__Akkermansia_muciniphila",0.39451124086096,0.186006307683307,0.264485346948639
"TRNA-CHARGING-PWY: tRNA charging|g__Parabacteroides.s__Parabacteroides_merdae",0.0717808376403024,0.186219857735457,0.264615365057532
"PWY-7111: pyruvate fermentation to isobutanol (engineered)|g__Prevotella.s__Prevotella_copri_CAG_164",-0.0149827556227561,0.18635616800577,0.264635528223134
"PWY-7219: adenosine ribonucleotides de novo biosynthesis",-0.0233581245885696,0.187558571178831,0.266168581365112
"HISTSYN-PWY: L-histidine biosynthesis|g__Bacteroides.s__Bacteroides_cellulosilyticus",0.19186952257175,0.187839484510794,0.26639277678985
"PWY-7357: thiamin formation from pyrithiamine and oxythiamine (yeast)|g__Roseburia.s__Roseburia_faecis",-0.0323443068523049,0.188249864812311,0.266800168115289
"HISTSYN-PWY: L-histidine biosynthesis|g__Blautia.s__Ruminococcus_torques",0.0600052031545688,0.188926365666888,0.267583944052384
"PWY-6163: chorismate biosynthesis from 3-dehydroquinate|g__Bacteroides.s__Bacteroides_vulgatus_CAG_6",0.0391214118971289,0.190650197499097,0.269708401016644
"HSERMETANA-PWY: L-methionine biosynthesis III|g__Roseburia.s__Roseburia_intestinalis",-0.316036779099209,0.190675251664743,0.269708401016644
"COA-PWY-1: coenzyme A biosynthesis II (mammalian)|g__Akkermansia.s__Akkermansia_muciniphila",0.399881172291451,0.190898294686746,0.269847752502399
"PWY-6737: starch degradation V",-0.0421223732606095,0.191516543321063,0.270017143381095
"DTDPRHAMSYN-PWY: dTDP-L-rhamnose biosynthesis I|g__Prevotella.s__Prevotella_copri",0.0470094319239684,0.191366021693527,0.270017143381095
"PWY-6122: 5-aminoimidazole ribonucleotide biosynthesis II|g__Phascolarctobacterium.s__Phascolarctobacterium_succinatutens",0.0689145145615538,0.191409580626683,0.270017143381095
"PWY-6277: superpathway of 5-aminoimidazole ribonucleotide biosynthesis|g__Phascolarctobacterium.s__Phascolarctobacterium_succinatutens",0.0689145145615538,0.191409580626683,0.270017143381095
"PWY-7400: L-arginine biosynthesis IV (archaebacteria)|g__Blautia.s__Ruminococcus_torques",0.025209031511636,0.192267213197941,0.270547435714246
"PWY-7560: methylerythritol phosphate pathway II",0.14304969806956,0.192171494130511,0.270547435714246
"PWY-7312: dTDP-D-&beta;-fucofuranose biosynthesis|g__Bacteroides.s__Bacteroides_stercoris",-0.0677074040590873,0.192128266731423,0.270547435714246
"PWY-6124: inosine-5'-phosphate biosynthesis II|g__Blautia.s__Ruminococcus_torques",0.0620333833102674,0.193141861297001,0.271601825717458
"ILEUSYN-PWY: L-isoleucine biosynthesis I (from threonine)|g__Bacteroides.s__Bacteroides_ovatus",0.22735433166336,0.193694189913472,0.272097919245354
"PWY-7219: adenosine ribonucleotides de novo biosynthesis|g__Bacteroides.s__Bacteroides_stercoris",-0.0559155139357157,0.193745772679087,0.272097919245354
"PWY-6387: UDP-N-acetylmuramoyl-pentapeptide biosynthesis I (meso-diaminopimelate containing)|g__Bacteroides.s__Bacteroides_ovatus",0.258927421194442,0.197062812454033,0.276310870347402
"PWY-6700: queuosine biosynthesis|g__Bacteroides.s__Bacteroides_massiliensis",0.200684308730944,0.197024546294299,0.276310870347402
"PWY-6123: inosine-5'-phosphate biosynthesis I|g__Bacteroides.s__Bacteroides_massiliensis",0.156385075286577,0.197128105933126,0.276310870347402
"VALSYN-PWY: L-valine biosynthesis|g__Bacteroides.s__Bacteroides_vulgatus",0.0732729008614546,0.197275489646474,0.276338711094964
"DTDPRHAMSYN-PWY: dTDP-L-rhamnose biosynthesis I|g__Lachnospiraceae_unclassified.s__Eubacterium_rectale",-0.124959054079344,0.198127282255849,0.276637771036357
"BRANCHED-CHAIN-AA-SYN-PWY: superpathway of branched amino acid biosynthesis|g__Lachnospiraceae_unclassified.s__Eubacterium_rectale",-0.0917294256188963,0.197978297953255,0.276637771036357
"ARGININE-SYN4-PWY: L-ornithine de novo  biosynthesis|g__Bacteroides.s__Bacteroides_vulgatus",0.087953886770118,0.197948510748017,0.276637771036357
"PYRIDNUCSYN-PWY: NAD biosynthesis I (from aspartate)|g__Bacteroides.s__Bacteroides_ovatus",0.239491988486922,0.198082802399687,0.276637771036357
"PWY0-1296: purine ribonucleosides degradation|g__Eubacterium.s__Eubacterium_eligens_CAG_72",-0.178474693473626,0.197823079941666,0.276637771036357
"PWY-6387: UDP-N-acetylmuramoyl-pentapeptide biosynthesis I (meso-diaminopimelate containing)|g__Prevotella.s__Prevotella_copri",0.00401606793735745,0.198748343949684,0.27715260225089
"PWY-7111: pyruvate fermentation to isobutanol (engineered)|g__Bacteroides.s__Bacteroides_stercoris",-0.0659469637794473,0.198751796907191,0.27715260225089
"PWY-7111: pyruvate fermentation to isobutanol (engineered)|g__Bacteroides.s__Bacteroides_vulgatus",0.0734342025791132,0.199014926786989,0.277341058744312
"VALSYN-PWY: L-valine biosynthesis|g__Prevotella.s__Prevotella_copri_CAG_164",-0.000707666275092935,0.199436774137502,0.277750314624657
"SER-GLYSYN-PWY: superpathway of L-serine and glycine biosynthesis I|g__Bacteroides.s__Bacteroides_stercoris",-0.0340155956530801,0.200350595505152,0.278843763943266
"PWY-6151: S-adenosyl-L-methionine cycle I",-0.0307890948618386,0.201516011115329,0.280285748451167
"COA-PWY: coenzyme A biosynthesis I|g__Bacteroides.s__Bacteroides_vulgatus_CAG_6",0.0519152784126453,0.202136983385069,0.280789001920156
"PANTOSYN-PWY: pantothenate and coenzyme A biosynthesis I|g__Bacteroides.s__Bacteroides_stercoris",-0.0573408789143987,0.202090882995588,0.280789001920156
"SER-GLYSYN-PWY: superpathway of L-serine and glycine biosynthesis I|g__Bacteroides.s__Bacteroides_vulgatus",0.0809131611083964,0.202426257487732,0.28101069825491
"PWY-5695: urate biosynthesis/inosine 5'-phosphate degradation|g__Eubacterium.s__Eubacterium_eligens",-0.192037778004586,0.203658480226776,0.282540285948415
"PWY-6703: preQ0 biosynthesis|g__Bacteroides.s__Bacteroides_dorei",0.177138160736345,0.204821675512487,0.28395157339034
"PWY-6121: 5-aminoimidazole ribonucleotide biosynthesis I|g__Roseburia.s__Roseburia_faecis",-0.0533725640770773,0.204937822234652,0.28395157339034
"1CMET2-PWY: N10-formyl-tetrahydrofolate biosynthesis|g__Bacteroides.s__Bacteroides_stercoris",-0.0547104373865984,0.206411780420746,0.285811072314221
"PWY-6385: peptidoglycan biosynthesis III (mycobacteria)|g__Lachnospiraceae_unclassified.s__Eubacterium_rectale",-0.0791718304130564,0.207817711876581,0.287574062347734
"PWY-6122: 5-aminoimidazole ribonucleotide biosynthesis II|g__Bacteroides.s__Bacteroides_ovatus",0.172544705243061,0.208784214527628,0.288542980153934
"PWY-6277: superpathway of 5-aminoimidazole ribonucleotide biosynthesis|g__Bacteroides.s__Bacteroides_ovatus",0.172544705243061,0.208784214527628,0.288542980153934
"PWY-5695: urate biosynthesis/inosine 5'-phosphate degradation|unclassified",-0.0858283888145114,0.209895667114319,0.289608024835868
"PWY-6124: inosine-5'-phosphate biosynthesis II|g__Bacteroides.s__Bacteroides_vulgatus_CAG_6",0.00727894538142449,0.209845540623544,0.289608024835868
"PEPTIDOGLYCANSYN-PWY: peptidoglycan biosynthesis I (meso-diaminopimelate containing)|g__Bacteroides.s__Bacteroides_ovatus",0.253854209916358,0.209955794654891,0.289608024835868
"PWY-5097: L-lysine biosynthesis VI|g__Alistipes.s__Alistipes_finegoldii",0.119673788954214,0.214387743388355,0.295533231502904
"UNINTEGRATED|g__Bacteroides.s__Bacteroides_vulgatus",0.083235328356956,0.214909177361382,0.296063691889457
"SER-GLYSYN-PWY: superpathway of L-serine and glycine biosynthesis I|g__Roseburia.s__Roseburia_faecis",-0.0925682853365226,0.216072114632063,0.297476666078577
"GLYCOGENSYNTH-PWY: glycogen biosynthesis I (from ADP-D-Glucose)|g__Blautia.s__Ruminococcus_torques",0.0897711455578854,0.216451188482131,0.297809349486209
"PWY-6700: queuosine biosynthesis|g__Bacteroides.s__Bacteroides_cellulosilyticus",0.20962782609367,0.217779000419086,0.299446125576244
"PWY-6545: pyrimidine deoxyribonucleotides de novo biosynthesis III",0.0433202963366397,0.218131712848309,0.299740914230999
"PWY-7219: adenosine ribonucleotides de novo biosynthesis|g__Prevotella.s__Prevotella_copri",0.0862612936849054,0.218270778969587,0.299741937913242
"PWY-5103: L-isoleucine biosynthesis III|g__Lachnospiraceae_unclassified.s__Eubacterium_rectale",-0.0763969776792334,0.219565394032602,0.301328821322767
"PWY-7539: 6-hydroxymethyl-dihydropterin diphosphate biosynthesis III (Chlamydia)|g__Bacteroides.s__Bacteroides_dorei",0.164734581659213,0.220416159540627,0.302304947926923
"ASPASN-PWY: superpathway of L-aspartate and L-asparagine biosynthesis|g__Bacteroides.s__Bacteroides_vulgatus_CAG_6",-0.0104768322954014,0.220784950252657,0.302619220238778
"PWY-1042: glycolysis IV (plant cytosol)|g__Alistipes.s__Alistipes_putredinis_CAG_67",-0.278883215000846,0.222149824526395,0.30429751564393
"PWY-5973: cis-vaccenate biosynthesis|g__Bacteroides.s__Bacteroides_vulgatus",0.0825108776339207,0.223712797314857,0.305858442764224
"PWY-5188: tetrapyrrole biosynthesis I (from glutamate)|g__Roseburia.s__Roseburia_faecis",-0.0257866135375932,0.223548590851658,0.305858442764224
"VALSYN-PWY: L-valine biosynthesis|g__Bacteroides.s__Bacteroides_eggerthii",0.171951965057058,0.223598705737626,0.305858442764224
"RHAMCAT-PWY: L-rhamnose degradation I|g__Bacteroides.s__Bacteroides_cellulosilyticus",0.223037838499448,0.223887278988751,0.305903993422839
"GLUTORN-PWY: L-ornithine biosynthesis|g__Blautia.s__Ruminococcus_torques",0.0489576025908481,0.224481762225687,0.306522985975465
"UNINTEGRATED|g__Bacteroides.s__Bacteroides_eggerthii",0.225832334079784,0.224769452900334,0.30672254687344
"PWY0-1296: purine ribonucleosides degradation|g__Lachnospiraceae_unclassified.s__Eubacterium_rectale",-0.139978197798158,0.225057297808087,0.306922066928964
"PWY-6123: inosine-5'-phosphate biosynthesis I|g__Akkermansia.s__Akkermansia_muciniphila",0.416452661180113,0.226444849507916,0.308555984414641
"PWY-2942: L-lysine biosynthesis III|g__Eubacterium.s__Eubacterium_eligens_CAG_72",-0.133822314901904,0.226540180527777,0.308555984414641
"VALSYN-PWY: L-valine biosynthesis|g__Prevotella.s__Prevotella_copri",0.0903141971701843,0.227291876328636,0.309385361811654
"PWY-3841: folate transformations II|g__Roseburia.s__Roseburia_faecis",-0.0586767982246814,0.230379076178788,0.313390745812576
"PWY-6700: queuosine biosynthesis|g__Bacteroides.s__Bacteroides_ovatus",0.234324135762425,0.231003077695604,0.31404245255105
"NONOXIPENT-PWY: pentose phosphate pathway (non-oxidative branch)|g__Fusicatenibacter.s__Fusicatenibacter_saccharivorans",-0.294735242882742,0.23121479438433,0.314133203404918
"HISDEG-PWY: L-histidine degradation I|g__Bacteroides.s__Bacteroides_uniformis_CAG_3",0.1375087091535,0.232818861409121,0.315916388649697
"TRPSYN-PWY: L-tryptophan biosynthesis|g__Eubacterium.s__Eubacterium_eligens",-0.2072171954139,0.232700014404878,0.315916388649697
"PWY-7220: adenosine deoxyribonucleotides de novo biosynthesis II|g__Bacteroides.s__Bacteroides_vulgatus_CAG_6",0.0640195509247479,0.234525206902893,0.317635077099105
"PWY-7222: guanosine deoxyribonucleotides de novo biosynthesis II|g__Bacteroides.s__Bacteroides_vulgatus_CAG_6",0.0640195509247479,0.234525206902893,0.317635077099105
"PWY-5659: GDP-mannose biosynthesis|g__Roseburia.s__Roseburia_intestinalis",-0.230176053938653,0.234469961846647,0.317635077099105
"PWY-6387: UDP-N-acetylmuramoyl-pentapeptide biosynthesis I (meso-diaminopimelate containing)|g__Eubacterium.s__Eubacterium_eligens_CAG_72",-0.142819332475771,0.236663863049169,0.320331412384478
"COA-PWY: coenzyme A biosynthesis I|g__Akkermansia.s__Akkermansia_muciniphila",0.391553019633417,0.2381866223924,0.32180464073743
"RIBOSYN2-PWY: flavin biosynthesis I (bacteria and plants)|g__Parabacteroides.s__Parabacteroides_merdae",0.0452120569851719,0.238131065992797,0.32180464073743
"UNINTEGRATED|g__Bacteroides.s__Bacteroides_finegoldii",0.342140937390243,0.238197805142057,0.32180464073743
"PWY-7111: pyruvate fermentation to isobutanol (engineered)|g__Phascolarctobacterium.s__Phascolarctobacterium_succinatutens",0.0896354766310535,0.240676334886845,0.324950540622924
"ARGSYN-PWY: L-arginine biosynthesis I (via L-ornithine)|g__Blautia.s__Ruminococcus_torques",0.0195695788013393,0.242388289063899,0.327058170860193
"COA-PWY-1: coenzyme A biosynthesis II (mammalian)|g__Bacteroides.s__Bacteroides_stercoris",-0.0498183970560185,0.242557475553617,0.32708279373036
"PWY-6125: superpathway of guanosine nucleotides de novo biosynthesis II|g__Bacteroides.s__Bacteroides_cellulosilyticus",0.220169108542237,0.246329174499342,0.331962264390593
"PANTOSYN-PWY: pantothenate and coenzyme A biosynthesis I|g__Alistipes.s__Alistipes_putredinis_CAG_67",-0.247457031942095,0.247339950201768,0.33229117922333
"PWY-6124: inosine-5'-phosphate biosynthesis II|g__Bacteroides.s__Bacteroides_stercoris",-0.031090564378589,0.246776393097052,0.33229117922333
"PWY-6151: S-adenosyl-L-methionine cycle I|g__Lachnospira.s__Lachnospira_pectinoschiza",-0.230178206385081,0.247319372835675,0.33229117922333
"PWY-7400: L-arginine biosynthesis IV (archaebacteria)|g__Lachnospira.s__Lachnospira_pectinoschiza",-0.157361299832461,0.247189932580741,0.33229117922333
"ARGSYN-PWY: L-arginine biosynthesis I (via L-ornithine)|g__Lachnospira.s__Lachnospira_pectinoschiza",-0.157040828099548,0.247189932580741,0.33229117922333
"PWY-4242: pantothenate and coenzyme A biosynthesis III|g__Bacteroides.s__Bacteroides_ovatus",0.103518982470459,0.248028543945986,0.333009823253378
"PWY-7221: guanosine ribonucleotides de novo biosynthesis|g__Prevotella.s__Prevotella_copri",0.174026899968079,0.248981679969293,0.333952490967482
"PWY-5659: GDP-mannose biosynthesis|g__Roseburia.s__Roseburia_intestinalis_CAG_13",-0.225590618538649,0.249038867283549,0.333952490967482
"ASPASN-PWY: superpathway of L-aspartate and L-asparagine biosynthesis|g__Prevotella.s__Prevotella_copri",0.011794722991694,0.250529155048581,0.335743153364425
"PWY-6387: UDP-N-acetylmuramoyl-pentapeptide biosynthesis I (meso-diaminopimelate containing)|g__Barnesiella.s__Barnesiella_intestinihominis",-0.246353881006605,0.251832161978315,0.337280775653281
"UNINTEGRATED|g__Bacteroides.s__Bacteroides_vulgatus_CAG_6",0.0510881043558361,0.252589613335211,0.338004519544905
"UNINTEGRATED|g__Prevotella.s__Prevotella_copri_CAG_164",-0.0336199535683283,0.252684504689777,0.338004519544905
"PWY-6168: flavin biosynthesis III (fungi)|g__Eubacterium.s__Eubacterium_eligens_CAG_72",-0.168677836436649,0.253530480736752,0.338926928905948
"PWY-6527: stachyose degradation|g__Faecalibacterium.s__Faecalibacterium_prausnitzii",-0.229782914518878,0.254023339230165,0.339376434100966
"PWY-6527: stachyose degradation|g__Roseburia.s__Roseburia_faecis",-0.0921936608637659,0.254415572463739,0.339691032365325
"PWY-5686: UMP biosynthesis|g__Roseburia.s__Roseburia_faecis",-0.0322336016316915,0.25512745903125,0.340431775690097
"UDPNAGSYN-PWY: UDP-N-acetyl-D-glucosamine biosynthesis I|g__Phascolarctobacterium.s__Phascolarctobacterium_succinatutens",0.065627267600708,0.256115032854248,0.341539246889326
"PWY-7357: thiamin formation from pyrithiamine and oxythiamine (yeast)|g__Roseburia.s__Roseburia_intestinalis",-0.271474830172579,0.256390813417999,0.341696735963594
"DTDPRHAMSYN-PWY: dTDP-L-rhamnose biosynthesis I|g__Bacteroides.s__Bacteroides_cellulosilyticus",0.270821674478482,0.257664312766935,0.34318289229622
"PWY-6609: adenine and adenosine salvage III|g__Alistipes.s__Alistipes_finegoldii",0.0796795399519203,0.258419958772977,0.343929301771161
"PANTO-PWY: phosphopantothenate biosynthesis I|g__Bacteroides.s__Bacteroides_stercoris",-0.0634117709419259,0.258542147016715,0.343929301771161
"PWY-6700: queuosine biosynthesis|g__Lachnospiraceae_unclassified.s__Eubacterium_rectale",-0.0611348614677218,0.259233606931629,0.344215212145122
"COA-PWY: coenzyme A biosynthesis I|g__Bacteroides.s__Bacteroides_ovatus",0.131226739942937,0.259151777064611,0.344215212145122
"ARGININE-SYN4-PWY: L-ornithine de novo  biosynthesis|g__Bacteroides.s__Bacteroides_vulgatus_CAG_6",0.0297993035631027,0.259203611865989,0.344215212145122
"PWY-5686: UMP biosynthesis|g__Bacteroides.s__Bacteroides_dorei",0.154871488676861,0.25943813586678,0.344275836144098
"PWY-7221: guanosine ribonucleotides de novo biosynthesis",0.00602132083404479,0.260837509578431,0.345920981185104
"PWY-5686: UMP biosynthesis|g__Prevotella.s__Prevotella_copri",0.060888148667246,0.262221883814291,0.347331798426386
"CALVIN-PWY: Calvin-Benson-Bassham cycle|g__Roseburia.s__Roseburia_faecis",-0.0317106115227817,0.262111030543713,0.347331798426386
"DTDPRHAMSYN-PWY: dTDP-L-rhamnose biosynthesis I|g__Roseburia.s__Roseburia_intestinalis",-0.302115106373198,0.26259357411337,0.347611652476282
"PWY-6122: 5-aminoimidazole ribonucleotide biosynthesis II|g__Roseburia.s__Roseburia_faecis",-0.0359326925714122,0.264359099871526,0.349521762917387
"PWY-6277: superpathway of 5-aminoimidazole ribonucleotide biosynthesis|g__Roseburia.s__Roseburia_faecis",-0.0359326925714122,0.264359099871526,0.349521762917387
"PWY-4242: pantothenate and coenzyme A biosynthesis III|g__Eubacterium.s__Eubacterium_eligens",-0.271388605807537,0.265130789958248,0.35032830599971
"1CMET2-PWY: N10-formyl-tetrahydrofolate biosynthesis|g__Roseburia.s__Roseburia_faecis",-0.0522799085628004,0.265444970823164,0.350529708576354
"PWY-4984: urea cycle",0.047162668842558,0.265616417242409,0.35054249461894
"PWY-7392: taxadiene biosynthesis (engineered)",0.217474480614634,0.267194832370784,0.352410956632678
"PWY-5097: L-lysine biosynthesis VI|g__Eubacterium.s__Eubacterium_eligens",-0.0845062574243089,0.269164343837182,0.354792660033561
"PWY-1042: glycolysis IV (plant cytosol)|g__Eubacterium.s__Eubacterium_eligens",-0.225958232453755,0.270075979620614,0.355777901421198
"PWY-6151: S-adenosyl-L-methionine cycle I|g__Bacteroides.s__Bacteroides_dorei",0.182149299511634,0.27123347329936,0.357085623717931
"PANTOSYN-PWY: pantothenate and coenzyme A biosynthesis I|g__Lachnospiraceae_unclassified.s__Eubacterium_rectale",-0.0706085549857836,0.271807524354559,0.357624107635902
"UNINTEGRATED|g__Prevotella.s__Prevotella_copri",-0.00497766708313687,0.273610060652553,0.359777306695438
"PWY-6703: preQ0 biosynthesis|g__Bacteroides.s__Bacteroides_stercoris",-0.0998822926390269,0.273922722100869,0.35997000533207
"PWY-6147: 6-hydroxymethyl-dihydropterin diphosphate biosynthesis I|g__Alistipes.s__Alistipes_putredinis_CAG_67",-0.187503876696158,0.274339632105997,0.36029938349921
"PWY-5100: pyruvate fermentation to acetate and lactate II|g__Roseburia.s__Roseburia_intestinalis_CAG_13",-0.246164794568629,0.274626862988239,0.360458153904006
"PWY-6123: inosine-5'-phosphate biosynthesis I|g__Bacteroides.s__Bacteroides_uniformis_CAG_3",0.110153368964134,0.276256477080313,0.362377594329926
"PWY-1042: glycolysis IV (plant cytosol)|g__Prevotella.s__Prevotella_copri_CAG_164",-0.0399222683349741,0.276969237582999,0.363092763365008
"DENOVOPURINE2-PWY: superpathway of purine nucleotides de novo biosynthesis II|unclassified",0.0492601163999157,0.278178460219673,0.364457511061687
"PWY-7357: thiamin formation from pyrithiamine and oxythiamine (yeast)|g__Lachnospira.s__Lachnospira_pectinoschiza",-0.218455068663238,0.279424687543929,0.365869062179876
"PWY-6897: thiamin salvage II|unclassified",0.062321148758183,0.279693542338413,0.365999943386075
"VALSYN-PWY: L-valine biosynthesis|g__Akkermansia.s__Akkermansia_muciniphila",0.349896787099957,0.281386710922524,0.367990694331795
"GLUCUROCAT-PWY: superpathway of &beta;-D-glucuronide and D-glucuronate degradation",0.0437544071502085,0.281554486018512,0.367990694331795
"1CMET2-PWY: N10-formyl-tetrahydrofolate biosynthesis|g__Blautia.s__Ruminococcus_torques",0.0244252308105178,0.283190571893471,0.369905948941019
"PWY0-1296: purine ribonucleosides degradation|g__Roseburia.s__Roseburia_faecis",-0.0213809106295655,0.285617155047011,0.372850828305345
"PWY0-845: superpathway of pyridoxal 5'-phosphate biosynthesis and salvage|g__Bacteroides.s__Bacteroides_dorei",0.190818589744182,0.285830235195566,0.372904346579645
"PWY-5188: tetrapyrrole biosynthesis I (from glutamate)|g__Eubacterium.s__Eubacterium_eligens_CAG_72",-0.147946157046356,0.28617264128455,0.373126422180276
"PWY-6123: inosine-5'-phosphate biosynthesis I|g__Bacteroides.s__Bacteroides_dorei",0.165270131831397,0.286865293336521,0.373579982367933
"PWY-6121: 5-aminoimidazole ribonucleotide biosynthesis I|g__Parabacteroides.s__Parabacteroides_merdae",0.0391393662185103,0.286805738314924,0.373579982367933
"CALVIN-PWY: Calvin-Benson-Bassham cycle|g__Lachnospiraceae_unclassified.s__Eubacterium_rectale",-0.116087679439382,0.288208398112207,0.37510366288838
"UNINTEGRATED|g__Ruminococcus.s__Ruminococcus_bromii",0.212758654261044,0.290729980320257,0.378158383765905
"DTDPRHAMSYN-PWY: dTDP-L-rhamnose biosynthesis I|g__Akkermansia.s__Akkermansia_muciniphila",0.338583451580251,0.291656205378172,0.379135571118475
"PANTO-PWY: phosphopantothenate biosynthesis I|g__Phascolarctobacterium.s__Phascolarctobacterium_succinatutens",0.0302132886831718,0.292632998034125,0.380177282218195
"PWY-6124: inosine-5'-phosphate biosynthesis II|g__Akkermansia.s__Akkermansia_muciniphila",0.368819061971448,0.293741269749544,0.381388455091229
"PWY-7220: adenosine deoxyribonucleotides de novo biosynthesis II|g__Blautia.s__Blautia_wexlerae",0.0766049175067088,0.294231424364858,0.38156762214162
"PWY-7222: guanosine deoxyribonucleotides de novo biosynthesis II|g__Blautia.s__Blautia_wexlerae",0.0766049175067088,0.294231424364858,0.38156762214162
"VALSYN-PWY: L-valine biosynthesis|g__Bacteroides.s__Bacteroides_stercoris",-0.0686921103854247,0.296257030217723,0.383964703637443
"PWY-6123: inosine-5'-phosphate biosynthesis I|g__Blautia.s__Ruminococcus_torques",-0.00981527082438531,0.301586057136958,0.390637767971182
"PWY-6609: adenine and adenosine salvage III|g__Eubacterium.s__Eubacterium_eligens_CAG_72",-0.183373304797922,0.303270246111329,0.392584601746266
"PWY-2942: L-lysine biosynthesis III|g__Alistipes.s__Alistipes_finegoldii",0.0769997271175218,0.305089115608063,0.394232625833436
"PWY66-422: D-galactose degradation V (Leloir pathway)|g__Roseburia.s__Roseburia_faecis",-0.0459498117835337,0.305045102893727,0.394232625833436
"COA-PWY: coenzyme A biosynthesis I|g__Bacteroides.s__Bacteroides_stercoris",-0.0435138263554171,0.304790446737015,0.394232625833436
"ARGSYNBSUB-PWY: L-arginine biosynthesis II (acetyl cycle)|g__Lachnospiraceae_unclassified.s__Eubacterium_rectale",-0.132195009669156,0.308069537991061,0.39784665603494
"PWY-6151: S-adenosyl-L-methionine cycle I|g__Bacteroides.s__Bacteroides_stercoris",-0.0779437951712033,0.309200977210965,0.399069992624277
"PWY-6386: UDP-N-acetylmuramoyl-pentapeptide biosynthesis II (lysine-containing)|g__Parabacteroides.s__Parabacteroides_merdae",0.0526322785451459,0.311385440860515,0.401650149014724
"PWY-7357: thiamin formation from pyrithiamine and oxythiamine (yeast)|g__Blautia.s__Ruminococcus_torques",0.112395743952729,0.312200453711463,0.402461857937383
"PWY-7219: adenosine ribonucleotides de novo biosynthesis|g__Roseburia.s__Roseburia_faecis",-0.0294132345833913,0.312924546265014,0.403155464777815
"PWY-6122: 5-aminoimidazole ribonucleotide biosynthesis II|g__Prevotella.s__Prevotella_copri_CAG_164",-0.0234330941029737,0.313689860997763,0.40366147789914
"PWY-6277: superpathway of 5-aminoimidazole ribonucleotide biosynthesis|g__Prevotella.s__Prevotella_copri_CAG_164",-0.0234330941029737,0.313689860997763,0.40366147789914
"PWY-7219: adenosine ribonucleotides de novo biosynthesis|g__Prevotella.s__Prevotella_copri_CAG_164",-0.0560656248057649,0.315150658321567,0.405300579574383
"PWY-6121: 5-aminoimidazole ribonucleotide biosynthesis I|g__Alistipes.s__Alistipes_putredinis_CAG_67",-0.284795938018789,0.316499848408134,0.406794289146161
"COA-PWY: coenzyme A biosynthesis I|g__Blautia.s__Ruminococcus_torques",0.0498288095636552,0.317738118992034,0.408143748580758
"PWY-6122: 5-aminoimidazole ribonucleotide biosynthesis II|g__Akkermansia.s__Akkermansia_muciniphila",0.368020917293326,0.318581640673447,0.408742697062971
"PWY-6277: superpathway of 5-aminoimidazole ribonucleotide biosynthesis|g__Akkermansia.s__Akkermansia_muciniphila",0.368020917293326,0.318581640673447,0.408742697062971
"COA-PWY: coenzyme A biosynthesis I|g__Bacteroides.s__Bacteroides_dorei",0.158668972571651,0.319284587405558,0.409402189886299
"SER-GLYSYN-PWY: superpathway of L-serine and glycine biosynthesis I|g__Bacteroides.s__Bacteroides_dorei",0.163701642145302,0.319823755101626,0.409851021469677
"PWY-724: superpathway of L-lysine, L-threonine and L-methionine biosynthesis II|g__Lachnospira.s__Lachnospira_pectinoschiza",-0.19207165369793,0.321862042045442,0.412219293801698
"VALSYN-PWY: L-valine biosynthesis|g__Bacteroides.s__Bacteroides_ovatus",0.213744213376275,0.323167090083953,0.413646239936165
"PWY-7111: pyruvate fermentation to isobutanol (engineered)|unclassified",-0.0884215957891798,0.32480138445134,0.415492680109831
"PWY-7211: superpathway of pyrimidine deoxyribonucleotides de novo biosynthesis",0.112960818714708,0.325564409956406,0.416223053908869
"UNINTEGRATED|g__Coprococcus.s__Coprococcus_comes",0.00442747378882384,0.326050983935194,0.416599340912479
"PWY-6122: 5-aminoimidazole ribonucleotide biosynthesis II|g__Bacteroides.s__Bacteroides_cellulosilyticus",0.185081128739997,0.328050918386758,0.418414561591585
"PWY-6277: superpathway of 5-aminoimidazole ribonucleotide biosynthesis|g__Bacteroides.s__Bacteroides_cellulosilyticus",0.185081128739997,0.328050918386758,0.418414561591585
"ASPASN-PWY: superpathway of L-aspartate and L-asparagine biosynthesis|g__Bacteroides.s__Bacteroides_massiliensis",0.158039974725971,0.328008268265183,0.418414561591585
"PWY-6387: UDP-N-acetylmuramoyl-pentapeptide biosynthesis I (meso-diaminopimelate containing)|g__Roseburia.s__Roseburia_faecis",-0.0272358358495676,0.328578486362352,0.418840929380716
"PWY-4242: pantothenate and coenzyme A biosynthesis III|g__Alistipes.s__Alistipes_putredinis_CAG_67",-0.193361700527942,0.330868068160316,0.421511524810938
"PWY-1042: glycolysis IV (plant cytosol)|g__Bacteroides.s__Bacteroides_dorei",0.188626292401837,0.331957919097514,0.422651475137669
"PWY-7663: gondoate biosynthesis (anaerobic)|g__Alistipes.s__Alistipes_finegoldii",0.145737202184098,0.332778334975957,0.423447241275924
"PWY-6608: guanosine nucleotides degradation III|g__Roseburia.s__Roseburia_intestinalis",-0.293880286802282,0.3336571743071,0.4243163713166
"ILEUSYN-PWY: L-isoleucine biosynthesis I (from threonine)|g__Eubacterium.s__Eubacterium_eligens",-0.0271613132478314,0.336430467144849,0.427592271145389
"PWY-6126: superpathway of adenosine nucleotides de novo biosynthesis II|g__Bacteroides.s__Bacteroides_dorei",0.167966694306084,0.337538898808486,0.428749586001166
"PWY-6270: isoprene biosynthesis I",0.0690711186863371,0.338555209036184,0.4297885987003
"PWY-5100: pyruvate fermentation to acetate and lactate II",0.0179014234029739,0.339426496219414,0.430642398891961
"PWY-7229: superpathway of adenosine nucleotides de novo biosynthesis I|g__Bacteroides.s__Bacteroides_dorei",0.174610094606203,0.339689440428732,0.430723825283243
"COA-PWY: coenzyme A biosynthesis I|g__Bacteroides.s__Bacteroides_cellulosilyticus",0.205640166554716,0.340876310420425,0.431962153104408
"THISYNARA-PWY: superpathway of thiamin diphosphate biosynthesis III (eukaryotes)|g__Bacteroides.s__Bacteroides_dorei",0.156963721999596,0.341064718025677,0.431962153104408
"PWY-5103: L-isoleucine biosynthesis III|g__Eubacterium.s__Eubacterium_eligens",0.0352837923097836,0.341733978543344,0.432556969336113
"PWY-6121: 5-aminoimidazole ribonucleotide biosynthesis I|g__Bacteroides.s__Bacteroides_ovatus",0.143779959776928,0.343211666760217,0.434173778090712
"PWY-7111: pyruvate fermentation to isobutanol (engineered)|g__Alistipes.s__Alistipes_finegoldii",0.0370725107521302,0.343894171296355,0.434783354258577
"PWY-6700: queuosine biosynthesis|g__Prevotella.s__Prevotella_copri",-0.0443902684174336,0.345785335127891,0.436919429284046
"HISDEG-PWY: L-histidine degradation I|g__Bacteroides.s__Bacteroides_dorei",0.153334914742397,0.34625897400726,0.437262935124553
"PWY-6122: 5-aminoimidazole ribonucleotide biosynthesis II|g__Alistipes.s__Alistipes_finegoldii",0.071571302051959,0.34739560164917,0.438187583686701
"PWY-6277: superpathway of 5-aminoimidazole ribonucleotide biosynthesis|g__Alistipes.s__Alistipes_finegoldii",0.071571302051959,0.34739560164917,0.438187583686701
"CALVIN-PWY: Calvin-Benson-Bassham cycle|g__Eubacterium.s__Eubacterium_eligens",-0.221509474288033,0.347828019261198,0.438431018239661
"BRANCHED-CHAIN-AA-SYN-PWY: superpathway of branched amino acid biosynthesis|g__Roseburia.s__Roseburia_hominis",-0.112159570431642,0.347993240134849,0.438431018239661
"PWY-5100: pyruvate fermentation to acetate and lactate II|g__Lachnospiraceae_unclassified.s__Eubacterium_rectale",-0.0620106233253174,0.348246494016066,0.438495149641379
"COA-PWY: coenzyme A biosynthesis I|g__Roseburia.s__Roseburia_faecis",-0.0279282671834403,0.349253951245219,0.439508311468286
"BRANCHED-CHAIN-AA-SYN-PWY: superpathway of branched amino acid biosynthesis|g__Eubacterium.s__Eubacterium_eligens",0.0258612361474507,0.350763599156811,0.441151897488572
"UNINTEGRATED|g__Bacteroides.s__Bacteroides_stercoris",-0.0566949286218533,0.351661347654566,0.442024443368588
"PWY-7221: guanosine ribonucleotides de novo biosynthesis|g__Bacteroides.s__Bacteroides_stercoris",-0.0905234286975267,0.352744314353457,0.44312865461098
"PWY-5103: L-isoleucine biosynthesis III|g__Roseburia.s__Roseburia_hominis",-0.109678501868283,0.353231514000633,0.443483598400563
"PWY-1042: glycolysis IV (plant cytosol)",-0.0194633541536618,0.354527112639374,0.444852491655775
"PWY-3841: folate transformations II|g__Alistipes.s__Alistipes_finegoldii",0.0935210813045879,0.354991717261113,0.445126304715199
"PWY-6936: seleno-amino acid biosynthesis|g__Roseburia.s__Roseburia_faecis",-0.0188837924412608,0.355156151754767,0.445126304715199
"ARGININE-SYN4-PWY: L-ornithine de novo  biosynthesis|g__Bacteroides.s__Bacteroides_cellulosilyticus",0.110520968006243,0.355412303802156,0.445189862623857
"HISDEG-PWY: L-histidine degradation I|g__Alistipes.s__Alistipes_finegoldii",0.0922133650280726,0.356794192725941,0.446662631794982
"PWY-6387: UDP-N-acetylmuramoyl-pentapeptide biosynthesis I (meso-diaminopimelate containing)|g__Lachnospiraceae_unclassified.s__Eubacterium_rectale",-0.0715411793493199,0.360775596782925,0.451315995429379
"PWY-7220: adenosine deoxyribonucleotides de novo biosynthesis II|g__Bacteroides.s__Bacteroides_xylanisolvens",0.0630431316046343,0.361136103403111,0.451315995429379
"PWY-7222: guanosine deoxyribonucleotides de novo biosynthesis II|g__Bacteroides.s__Bacteroides_xylanisolvens",0.0630431316046343,0.361136103403111,0.451315995429379
"PWY-6122: 5-aminoimidazole ribonucleotide biosynthesis II|g__Prevotella.s__Prevotella_copri",-0.0222116392445955,0.367343844692821,0.458544995074507
"PWY-6277: superpathway of 5-aminoimidazole ribonucleotide biosynthesis|g__Prevotella.s__Prevotella_copri",-0.0222116392445955,0.367343844692821,0.458544995074507
"PWY-6700: queuosine biosynthesis|g__Eubacterium.s__Eubacterium_eligens",-0.139670026257402,0.367804946201464,0.45885625700551
"UNINTEGRATED|g__Roseburia.s__Roseburia_intestinalis_CAG_13",-0.361948296411813,0.368749798859524,0.459505931068768
"ARGININE-SYN4-PWY: L-ornithine de novo  biosynthesis|g__Bacteroides.s__Bacteroides_xylanisolvens",0.0615147951953811,0.368701402790802,0.459505931068768
"PWY-7221: guanosine ribonucleotides de novo biosynthesis|g__Lachnospiraceae_unclassified.s__Eubacterium_rectale",-0.0649566852912486,0.370338345677118,0.46113113162687
"UNINTEGRATED|g__Bacteroides.s__Bacteroides_massiliensis",0.198733073600281,0.370479603212912,0.46113113162687
"RIBOSYN2-PWY: flavin biosynthesis I (bacteria and plants)|g__Barnesiella.s__Barnesiella_intestinihominis",-0.261826335848832,0.371559419157655,0.461984697083584
"PWY-5695: urate biosynthesis/inosine 5'-phosphate degradation|g__Eubacterium.s__Eubacterium_eligens_CAG_72",-0.147160877985668,0.371591752199671,0.461984697083584
"PWY-6737: starch degradation V|g__Alistipes.s__Alistipes_finegoldii",0.0961367667245452,0.372739118212032,0.462350125452475
"PWY-7199: pyrimidine deoxyribonucleosides salvage|g__Bacteroides.s__Bacteroides_dorei",0.168266839160309,0.37258387606463,0.462350125452475
"PWY-6608: guanosine nucleotides degradation III|g__Roseburia.s__Roseburia_intestinalis_CAG_13",-0.267984209198179,0.372483514161064,0.462350125452475
"GLYCOGENSYNTH-PWY: glycogen biosynthesis I (from ADP-D-Glucose)|g__Eubacterium.s__Eubacterium_eligens",0.0368684335641079,0.372693239992166,0.462350125452475
"UNINTEGRATED|g__Eubacterium.s__Eubacterium_sp_CAG_38",-0.225241151172098,0.37335748558719,0.46285221468389
"VALSYN-PWY: L-valine biosynthesis|g__Bacteroides.s__Bacteroides_dorei",0.187673090520797,0.37449428804573,0.463996067578672
"1CMET2-PWY: N10-formyl-tetrahydrofolate biosynthesis|g__Alistipes.s__Alistipes_putredinis_CAG_67",-0.200932348526144,0.376080551240554,0.465695174021874
"PWY-7219: adenosine ribonucleotides de novo biosynthesis|g__Lachnospiraceae_unclassified.s__Eubacterium_rectale",-0.0175013764287527,0.376362938783743,0.465778691230366
"PWY-6317: galactose degradation I (Leloir pathway)|unclassified",-0.0937210481051651,0.378212941464739,0.467801052599366
"PWY-7111: pyruvate fermentation to isobutanol (engineered)|g__Bacteroides.s__Bacteroides_dorei",0.187397015637206,0.378766587736158,0.467951650869016
"PWY-6609: adenine and adenosine salvage III|g__Roseburia.s__Roseburia_faecis",-0.0346146350418656,0.37859792461309,0.467951650869016
"PWY-6163: chorismate biosynthesis from 3-dehydroquinate|g__Bacteroides.s__Bacteroides_dorei",0.162752461859357,0.379753056940335,0.468903062330317
"PWY-5695: urate biosynthesis/inosine 5'-phosphate degradation|g__Roseburia.s__Roseburia_faecis",-0.0190838404968002,0.382269620498259,0.471741610261804
"PWY-6124: inosine-5'-phosphate biosynthesis II|g__Bacteroides.s__Bacteroides_dorei",0.175121373473747,0.384718782877805,0.474493797664316
"VALSYN-PWY: L-valine biosynthesis|g__Bacteroides.s__Bacteroides_massiliensis",0.162828307561438,0.391212853324913,0.482228812943735
"PWY-6386: UDP-N-acetylmuramoyl-pentapeptide biosynthesis II (lysine-containing)|g__Eubacterium.s__Eubacterium_eligens_CAG_72",-0.140824461383857,0.391473724518375,0.482276043792677
"PWY-7111: pyruvate fermentation to isobutanol (engineered)|g__Bacteroides.s__Bacteroides_massiliensis",0.16115140940032,0.392142325524404,0.482825238301922
"UNINTEGRATED|g__Parasutterella.s__Parasutterella_excrementihominis",-0.1768410097654,0.394657038781789,0.485645544031878
"PWY-5097: L-lysine biosynthesis VI|g__Bacteroides.s__Bacteroides_dorei",0.139355551904475,0.395834268976816,0.486817741698502
"PWY-6168: flavin biosynthesis III (fungi)|g__Bacteroides.s__Bacteroides_dorei",0.16221656002929,0.396249703616889,0.487052244888145
"PWY-6121: 5-aminoimidazole ribonucleotide biosynthesis I|g__Lachnospiraceae_unclassified.s__Eubacterium_rectale",-0.0932028388171785,0.39693710874663,0.487620586538518
"ILEUSYN-PWY: L-isoleucine biosynthesis I (from threonine)|g__Roseburia.s__Roseburia_hominis",-0.0783356600177045,0.39900848376312,0.489887469866675
"PWY-6387: UDP-N-acetylmuramoyl-pentapeptide biosynthesis I (meso-diaminopimelate containing)|g__Bacteroides.s__Bacteroides_cellulosilyticus",0.194881268186091,0.399291455877993,0.489957296085849
"PWY-7219: adenosine ribonucleotides de novo biosynthesis|g__Bacteroides.s__Bacteroides_dorei",0.214969925305651,0.400501974134429,0.491164560242959
"PYRIDNUCSYN-PWY: NAD biosynthesis I (from aspartate)|g__Bacteroides.s__Bacteroides_dorei",0.12389752431731,0.406465212770219,0.498195767009652
"UNINTEGRATED|g__Akkermansia.s__Akkermansia_muciniphila",0.399442629358415,0.407560873287902,0.498871091731625
"COA-PWY: coenzyme A biosynthesis I",0.0191426952467445,0.407937044092496,0.498871091731625
"PWY-7357: thiamin formation from pyrithiamine and oxythiamine (yeast)|g__Roseburia.s__Roseburia_intestinalis_CAG_13",-0.26329315498866,0.407792354374395,0.498871091731625
"PWY-6168: flavin biosynthesis III (fungi)|g__Lachnospiraceae_unclassified.s__Eubacterium_rectale",0.00742013275415074,0.407692821352962,0.498871091731625
"PWY-6385: peptidoglycan biosynthesis III (mycobacteria)|g__Bacteroides.s__Bacteroides_dorei",0.155429642966801,0.409499249892679,0.500499083202163
"ARGININE-SYN4-PWY: L-ornithine de novo  biosynthesis|g__Bacteroides.s__Bacteroides_stercoris",-0.0570684897925988,0.410399779549445,0.501316979866768
"PWY-5695: urate biosynthesis/inosine 5'-phosphate degradation|g__Alistipes.s__Alistipes_finegoldii",0.101936106680789,0.412623879920495,0.503749829739557
"PWY-7111: pyruvate fermentation to isobutanol (engineered)|g__Roseburia.s__Roseburia_intestinalis",-0.232667384136116,0.413748042735069,0.504837842684062
"PWY-4242: pantothenate and coenzyme A biosynthesis III|g__Bacteroides.s__Bacteroides_dorei",0.181480015436529,0.414598478391147,0.505590828741484
"PEPTIDOGLYCANSYN-PWY: peptidoglycan biosynthesis I (meso-diaminopimelate containing)|g__Eubacterium.s__Eubacterium_eligens_CAG_72",-0.13747166277943,0.414859454576618,0.505624543345068
"PWY-5973: cis-vaccenate biosynthesis|g__Alistipes.s__Alistipes_finegoldii",0.123281903550596,0.415616835478364,0.50626289065858
"PWY-6124: inosine-5'-phosphate biosynthesis II|g__Bacteroides.s__Bacteroides_uniformis_CAG_3",0.0841192091679295,0.416212102174574,0.50670316034399
"PWY-6123: inosine-5'-phosphate biosynthesis I|g__Bacteroides.s__Bacteroides_vulgatus_CAG_6",-0.0259799249117784,0.417398838367545,0.507862595588136
"PWY-5304: superpathway of sulfur oxidation (Acidianus ambivalens)",-0.101363611574476,0.41795066214937,0.508248644712505
"PWY-6386: UDP-N-acetylmuramoyl-pentapeptide biosynthesis II (lysine-containing)|g__Lachnospiraceae_unclassified.s__Eubacterium_rectale",-0.0530131327572386,0.418591292466187,0.508742193367486
"PEPTIDOGLYCANSYN-PWY: peptidoglycan biosynthesis I (meso-diaminopimelate containing)|g__Bacteroides.s__Bacteroides_xylanisolvens",0.121628861104641,0.419594128743436,0.509675155261786
"PWY-5030: L-histidine degradation III|g__Bacteroides.s__Bacteroides_dorei",0.142995062159612,0.420390928041231,0.510356941773304
"PWY-6151: S-adenosyl-L-methionine cycle I|g__Roseburia.s__Roseburia_faecis",-0.00149922604882724,0.422831927580319,0.51303291549079
"UNINTEGRATED|g__Lawsonibacter.s__Lawsonibacter_asaccharolyticus",0.0780658260878853,0.42362820373109,0.513711425565346
"COA-PWY-1: coenzyme A biosynthesis II (mammalian)|g__Gemmiger.s__Gemmiger_formicilis",-0.236855131568907,0.425470295722022,0.515656672723503
"NONMEVIPP-PWY: methylerythritol phosphate pathway I",0.0863781308888348,0.429332826634325,0.520047085140628
"COA-PWY-1: coenzyme A biosynthesis II (mammalian)|g__Bacteroides.s__Bacteroides_dorei",0.152414878788861,0.430600672798225,0.521291429024444
"PWY-5695: urate biosynthesis/inosine 5'-phosphate degradation|g__Bacteroides.s__Bacteroides_cellulosilyticus",0.213089204802045,0.430964179093037,0.521440187657516
"PYRIDNUCSYN-PWY: NAD biosynthesis I (from aspartate)|unclassified",-0.154924252300111,0.431800049694479,0.521872431530532
"PWY-7220: adenosine deoxyribonucleotides de novo biosynthesis II|g__Bacteroides.s__Bacteroides_cellulosilyticus",0.176656147554287,0.432284732163039,0.521872431530532
"PWY-7222: guanosine deoxyribonucleotides de novo biosynthesis II|g__Bacteroides.s__Bacteroides_cellulosilyticus",0.176656147554287,0.432284732163039,0.521872431530532
"PWY0-162: superpathway of pyrimidine ribonucleotides de novo biosynthesis|unclassified",0.0157936146194622,0.432206621322013,0.521872431530532
"PANTOSYN-PWY: pantothenate and coenzyme A biosynthesis I|g__Bacteroides.s__Bacteroides_dorei",0.163437310963553,0.435482756472139,0.525148098650599
"PWY-7228: superpathway of guanosine nucleotides de novo biosynthesis I|g__Bacteroides.s__Bacteroides_dorei",0.145418684790409,0.435263289311677,0.525148098650599
"UNINTEGRATED|g__Phascolarctobacterium.s__Phascolarctobacterium_succinatutens",0.0581019329184789,0.436915900590253,0.526583290644649
"THISYNARA-PWY: superpathway of thiamin diphosphate biosynthesis III (eukaryotes)|g__Lachnospiraceae_unclassified.s__Eubacterium_rectale",-0.127194808215322,0.437769431141741,0.527318708885021
"PWY-6147: 6-hydroxymethyl-dihydropterin diphosphate biosynthesis I|g__Alistipes.s__Alistipes_putredinis",-0.175560319292514,0.439741329549263,0.529399700629585
"PWY-6125: superpathway of guanosine nucleotides de novo biosynthesis II|g__Bacteroides.s__Bacteroides_dorei",0.161811997256442,0.44054382604863,0.530071333174559
"HISTSYN-PWY: L-histidine biosynthesis|g__Parabacteroides.s__Parabacteroides_merdae",0.0547647431756587,0.441900254427467,0.531408352577315
"PWY-841: superpathway of purine nucleotides de novo biosynthesis I|unclassified",0.0187089409674874,0.442277964973156,0.531567581861802
"PANTO-PWY: phosphopantothenate biosynthesis I|g__Bacteroides.s__Bacteroides_cellulosilyticus",0.222464685737615,0.443343613619356,0.532552999286665
"DTDPRHAMSYN-PWY: dTDP-L-rhamnose biosynthesis I|g__Alistipes.s__Alistipes_finegoldii",0.195655719113828,0.44474306679353,0.533642428428339
"HISDEG-PWY: L-histidine degradation I|g__Bacteroides.s__Bacteroides_cellulosilyticus",0.186030212296364,0.444526201678625,0.533642428428339
"PWY-7199: pyrimidine deoxyribonucleosides salvage|g__Bacteroides.s__Bacteroides_xylanisolvens",0.280790409823688,0.445135769957799,0.533818048421998
"PWY-621: sucrose degradation III (sucrose invertase)|g__Bacteroides.s__Bacteroides_ovatus",0.183050396653477,0.446520560021089,0.535182551750941
"DTDPRHAMSYN-PWY: dTDP-L-rhamnose biosynthesis I|g__Parabacteroides.s__Parabacteroides_merdae",0.0372963318399138,0.450449557786297,0.539593251367002
"PWY-6385: peptidoglycan biosynthesis III (mycobacteria)|g__Parabacteroides.s__Parabacteroides_merdae",0.020091520117257,0.452475059452179,0.541720140239156
"PWY-6385: peptidoglycan biosynthesis III (mycobacteria)|g__Bacteroides.s__Bacteroides_cellulosilyticus",0.201614068630658,0.452832766135911,0.541849036011331
"PWY-3841: folate transformations II|g__Blautia.s__Ruminococcus_torques",-0.00818426460053416,0.454249332382704,0.543244096729206
"PWY-7456: mannan degradation",0.0338368906861306,0.45465596000405,0.543430482806826
"PWY-5667: CDP-diacylglycerol biosynthesis I|g__Parabacteroides.s__Parabacteroides_merdae",0.0402340481863946,0.455683759980602,0.544058792219264
"PWY0-1319: CDP-diacylglycerol biosynthesis II|g__Parabacteroides.s__Parabacteroides_merdae",0.0402340481863946,0.455683759980602,0.544058792219264
"PEPTIDOGLYCANSYN-PWY: peptidoglycan biosynthesis I (meso-diaminopimelate containing)|g__Roseburia.s__Roseburia_faecis",-0.0144062488733251,0.456122773772592,0.544283067601986
"PWY-5121: superpathway of geranylgeranyl diphosphate biosynthesis II (via MEP)",0.184839911478895,0.456724213538807,0.544700809432358
"PWY-6609: adenine and adenosine salvage III|g__Bacteroides.s__Bacteroides_dorei",0.14156886596991,0.458175637239919,0.546131246369035
"VALSYN-PWY: L-valine biosynthesis|g__Alistipes.s__Alistipes_finegoldii",0.0271732106407429,0.460924854787004,0.549106190392214
"PEPTIDOGLYCANSYN-PWY: peptidoglycan biosynthesis I (meso-diaminopimelate containing)|g__Bacteroides.s__Bacteroides_cellulosilyticus",0.190547571661038,0.461876281178467,0.549937308414142
"PWY0-166: superpathway of pyrimidine deoxyribonucleotides de novo biosynthesis (E. coli)|unclassified",-0.0773081561790525,0.462275323466786,0.550110173504956
"1CMET2-PWY: N10-formyl-tetrahydrofolate biosynthesis|g__Bacteroides.s__Bacteroides_dorei",0.138516245083682,0.466090200418985,0.553853223083289
"PWY-6121: 5-aminoimidazole ribonucleotide biosynthesis I|g__Bacteroides.s__Bacteroides_dorei",0.13149732362065,0.466187484496502,0.553853223083289
"PWY-2942: L-lysine biosynthesis III|g__Bacteroides.s__Bacteroides_stercoris",-0.0341141973686278,0.466088188350209,0.553853223083289
"PWY-5667: CDP-diacylglycerol biosynthesis I|g__Bacteroides.s__Bacteroides_dorei",0.151091594870037,0.467127243937474,0.554361849733026
"PWY0-1319: CDP-diacylglycerol biosynthesis II|g__Bacteroides.s__Bacteroides_dorei",0.151091594870037,0.467127243937474,0.554361849733026
"PWY-7219: adenosine ribonucleotides de novo biosynthesis|g__Parabacteroides.s__Parabacteroides_merdae",0.0402669994418737,0.467385515147944,0.554364757156866
"PWY-6527: stachyose degradation|g__Blautia.s__Ruminococcus_torques",0.0283910221576822,0.469258947123935,0.555938171548134
"NONOXIPENT-PWY: pentose phosphate pathway (non-oxidative branch)|g__Roseburia.s__Roseburia_faecis",-0.0332627848509184,0.469100380590652,0.555938171548134
"HISDEG-PWY: L-histidine degradation I|g__Parabacteroides.s__Parabacteroides_merdae",0.0104227517500908,0.469481704629942,0.555938171548134
"PWY-1042: glycolysis IV (plant cytosol)|g__Blautia.s__Ruminococcus_torques",0.0231128848405612,0.469746030594303,0.555947377552078
"PWY-1042: glycolysis IV (plant cytosol)|g__Lachnospiraceae_unclassified.s__Eubacterium_rectale",-0.0792243768664768,0.477350235977442,0.564638625198208
"ARGSYNBSUB-PWY: L-arginine biosynthesis II (acetyl cycle)|g__Roseburia.s__Roseburia_faecis",-0.0318458584382468,0.480379367083113,0.567911668559251
"PWY-7219: adenosine ribonucleotides de novo biosynthesis|g__Alistipes.s__Alistipes_finegoldii",0.0779515390324525,0.483506694974834,0.57129716903515
"PWY-7221: guanosine ribonucleotides de novo biosynthesis|g__Bacteroides.s__Bacteroides_dorei",0.149808775521414,0.484598581626672,0.572275273234331
"PWY0-1586: peptidoglycan maturation (meso-diaminopimelate containing)|g__Bacteroides.s__Bacteroides_dorei",0.194928985930893,0.485779330477288,0.57335719452303
"DTDPRHAMSYN-PWY: dTDP-L-rhamnose biosynthesis I|g__Bacteroides.s__Bacteroides_dorei",0.166536015177797,0.486564442385957,0.573971228443315
"COA-PWY-1: coenzyme A biosynthesis II (mammalian)|g__Roseburia.s__Roseburia_faecis",-0.0121845989626338,0.487437378523897,0.574688138879915
"PWY-7219: adenosine ribonucleotides de novo biosynthesis|g__Blautia.s__Ruminococcus_torques",-0.0512287062252184,0.487849557244382,0.574861332544087
"PEPTIDOGLYCANSYN-PWY: peptidoglycan biosynthesis I (meso-diaminopimelate containing)",0.00724162819056169,0.488408195904012,0.575206826371735
"PWY0-1586: peptidoglycan maturation (meso-diaminopimelate containing)|g__Prevotella.s__Prevotella_copri",-0.0180769642592722,0.488849685980649,0.575414051884881
"PWY66-422: D-galactose degradation V (Leloir pathway)|g__Roseburia.s__Roseburia_intestinalis",-0.20237720614803,0.49453479831935,0.581789852311635
"HSERMETANA-PWY: L-methionine biosynthesis III|unclassified",-0.0344283168566867,0.501050417142776,0.589135243596525
"PWY-7220: adenosine deoxyribonucleotides de novo biosynthesis II|g__Akkermansia.s__Akkermansia_muciniphila",0.330037946011524,0.503095419506317,0.590898522531268
"PWY-7222: guanosine deoxyribonucleotides de novo biosynthesis II|g__Akkermansia.s__Akkermansia_muciniphila",0.330037946011524,0.503095419506317,0.590898522531268
"RIBOSYN2-PWY: flavin biosynthesis I (bacteria and plants)|g__Lachnospiraceae_unclassified.s__Eubacterium_rectale",-0.0419216441602037,0.506181022789864,0.594200583090809
"PWY-7111: pyruvate fermentation to isobutanol (engineered)|g__Bacteroides.s__Bacteroides_cellulosilyticus",0.190531222057192,0.508409605355175,0.595805718428594
"METH-ACETATE-PWY: methanogenesis from acetate",0.0320775116359518,0.507994443883385,0.595805718428594
"PWY-5695: urate biosynthesis/inosine 5'-phosphate degradation|g__Roseburia.s__Roseburia_intestinalis",-0.281300005504074,0.508333278059987,0.595805718428594
"PWY-2942: L-lysine biosynthesis III|g__Eubacterium.s__Eubacterium_eligens",0.00927271936565631,0.508648167555561,0.595805718428594
"VALSYN-PWY: L-valine biosynthesis|g__Bacteroides.s__Bacteroides_cellulosilyticus",0.185107823934302,0.509429557414232,0.596398622861502
"PWY-6385: peptidoglycan biosynthesis III (mycobacteria)|g__Eubacterium.s__Eubacterium_eligens_CAG_72",-0.125512073268524,0.511366194656218,0.598342626252713
"PWY-5686: UMP biosynthesis|g__Bacteroides.s__Bacteroides_cellulosilyticus",0.162570545120205,0.514509733409493,0.601695948353142
"PWY-6122: 5-aminoimidazole ribonucleotide biosynthesis II|g__Bacteroides.s__Bacteroides_dorei",0.128923043263266,0.516089854291431,0.602893107412146
"PWY-6277: superpathway of 5-aminoimidazole ribonucleotide biosynthesis|g__Bacteroides.s__Bacteroides_dorei",0.128923043263266,0.516089854291431,0.602893107412146
"UNINTEGRATED|g__Bacteroides.s__Bacteroides_cellulosilyticus",0.183361611081781,0.518732589141821,0.604194334665488
"UNINTEGRATED|g__Blautia.s__Blautia_wexlerae",0.132199684474617,0.518206521211996,0.604194334665488
"PWY-7199: pyrimidine deoxyribonucleosides salvage",-0.00794594739755613,0.518876629816554,0.604194334665488
"PWY-7663: gondoate biosynthesis (anaerobic)|unclassified",0.060423456170243,0.518703072341634,0.604194334665488
"PWY-7221: guanosine ribonucleotides de novo biosynthesis|g__Prevotella.s__Prevotella_copri_CAG_164",-0.0807600316701671,0.518820873877757,0.604194334665488
"PWY-5097: L-lysine biosynthesis VI|g__Prevotella.s__Prevotella_copri_CAG_164",-0.0381511959053468,0.51783072808575,0.604194334665488
"PWY-6737: starch degradation V|g__Roseburia.s__Roseburia_faecis",-0.0382408106452275,0.519192420110887,0.60423736540295
"PWY-6125: superpathway of guanosine nucleotides de novo biosynthesis II|g__Bacteroides.s__Bacteroides_xylanisolvens",0.122960349606355,0.520571068626403,0.605516642895017
"PWY-6151: S-adenosyl-L-methionine cycle I|g__Blautia.s__Ruminococcus_torques",-0.0295965558484564,0.521157023298324,0.605578173786176
"PWY-6126: superpathway of adenosine nucleotides de novo biosynthesis II|g__Bacteroides.s__Bacteroides_xylanisolvens",0.11808237528229,0.52118287683951,0.605578173786176
"PWY-7228: superpathway of guanosine nucleotides de novo biosynthesis I|g__Bacteroides.s__Bacteroides_xylanisolvens",0.141292143413433,0.522433973133899,0.606706548650139
"PWY-6121: 5-aminoimidazole ribonucleotide biosynthesis I|g__Roseburia.s__Roseburia_intestinalis_CAG_13",-0.232393807038212,0.523732170115528,0.607888383845929
"PWY-7229: superpathway of adenosine nucleotides de novo biosynthesis I|g__Bacteroides.s__Bacteroides_xylanisolvens",0.119383776501838,0.525689711984787,0.609833836119397
"TRPSYN-PWY: L-tryptophan biosynthesis|g__Roseburia.s__Roseburia_faecis",0.0135607836240148,0.527138911495495,0.611187812311791
"PWY0-1586: peptidoglycan maturation (meso-diaminopimelate containing)|g__Prevotella.s__Prevotella_copri_CAG_164",0.0119336592634411,0.527872001759474,0.611710496156567
"PWY-6387: UDP-N-acetylmuramoyl-pentapeptide biosynthesis I (meso-diaminopimelate containing)",0.00745725303258102,0.528933664101849,0.612613174830949
"PWY-5100: pyruvate fermentation to acetate and lactate II|g__Roseburia.s__Roseburia_faecis",-0.0144749032105008,0.531440452709066,0.61509396936398
"DTDPRHAMSYN-PWY: dTDP-L-rhamnose biosynthesis I|g__Bacteroides.s__Bacteroides_xylanisolvens",0.126052579478624,0.531643287779757,0.61509396936398
"PWY-2942: L-lysine biosynthesis III|g__Prevotella.s__Prevotella_copri_CAG_164",-0.0300801478281061,0.53317714566928,0.61653942084596
"PWY-6387: UDP-N-acetylmuramoyl-pentapeptide biosynthesis I (meso-diaminopimelate containing)|g__Bacteroides.s__Bacteroides_dorei",0.144396493562347,0.534160040377293,0.617346563998716
"PWY-6386: UDP-N-acetylmuramoyl-pentapeptide biosynthesis II (lysine-containing)|g__Bacteroides.s__Bacteroides_dorei",0.124948849951232,0.535510911025608,0.618577902021584
"PWY-2942: L-lysine biosynthesis III|g__Bacteroides.s__Bacteroides_dorei",0.123662539014362,0.53886645462957,0.622122326682088
"PWY-7219: adenosine ribonucleotides de novo biosynthesis|g__Oscillibacter.s__Oscillibacter_sp_CAG_241",-0.0435477418479411,0.542416726638333,0.625647998006974
"PWY-6703: preQ0 biosynthesis|g__Parabacteroides.s__Parabacteroides_merdae",0.00449075275413961,0.542497733389527,0.625647998006974
"PEPTIDOGLYCANSYN-PWY: peptidoglycan biosynthesis I (meso-diaminopimelate containing)|g__Bacteroides.s__Bacteroides_dorei",0.149564645911498,0.543029314556857,0.625927938640803
"PWY-5097: L-lysine biosynthesis VI|g__Bacteroides.s__Bacteroides_xylanisolvens",0.113292521473623,0.54368167087022,0.6263467202423
"PWY-6609: adenine and adenosine salvage III|g__Prevotella.s__Prevotella_copri",-0.0950711752611465,0.546116439519757,0.628817388118658
"RIBOSYN2-PWY: flavin biosynthesis I (bacteria and plants)|g__Bacteroides.s__Bacteroides_dorei",0.15808877026548,0.549731003118009,0.632643167157051
"UNINTEGRATED|g__Anaerostipes.s__Anaerostipes_hadrus",-0.158870173361683,0.550090501589812,0.632720868866838
"COA-PWY-1: coenzyme A biosynthesis II (mammalian)|g__Bacteroides.s__Bacteroides_xylanisolvens",0.133952481362094,0.551411222368681,0.633903511338425
"PWY-6936: seleno-amino acid biosynthesis|g__Bacteroides.s__Bacteroides_dorei",0.129062804449409,0.551864570706546,0.634088295186153
"HISTSYN-PWY: L-histidine biosynthesis|g__Bacteroides.s__Bacteroides_dorei",0.142098882419379,0.554817086265958,0.637142886029852
"UNINTEGRATED|g__Blautia.s__Ruminococcus_torques",-0.080086390380888,0.556000734522414,0.638163978659996
"PWY-7383: anaerobic energy metabolism (invertebrates, cytosol)",-0.0172733144427933,0.556378798764802,0.638259850144694
"PWY-6122: 5-aminoimidazole ribonucleotide biosynthesis II|g__Parabacteroides.s__Parabacteroides_merdae",0.00177698533400556,0.558742416544211,0.640215044108011
"PWY-6277: superpathway of 5-aminoimidazole ribonucleotide biosynthesis|g__Parabacteroides.s__Parabacteroides_merdae",0.00177698533400556,0.558742416544211,0.640215044108011
"PWY-7400: L-arginine biosynthesis IV (archaebacteria)|g__Lachnospiraceae_unclassified.s__Eubacterium_rectale",-0.0866601975489564,0.558969480134913,0.640215044108011
"ARGSYN-PWY: L-arginine biosynthesis I (via L-ornithine)|g__Lachnospiraceae_unclassified.s__Eubacterium_rectale",-0.0866705933639313,0.559686519821177,0.64069766954701
"PWY-5667: CDP-diacylglycerol biosynthesis I|g__Lachnospiraceae_unclassified.s__Eubacterium_rectale",-0.0839028998597948,0.564272159208272,0.645265313458747
"PWY0-1319: CDP-diacylglycerol biosynthesis II|g__Lachnospiraceae_unclassified.s__Eubacterium_rectale",-0.0839028998597948,0.564272159208272,0.645265313458747
"PWY-7228: superpathway of guanosine nucleotides de novo biosynthesis I|g__Bacteroides.s__Bacteroides_cellulosilyticus",0.195562500530884,0.564787830226759,0.645490733576083
"PWY-6703: preQ0 biosynthesis|unclassified",-0.0966475218561926,0.565065030730886,0.645490733576083
"THISYNARA-PWY: superpathway of thiamin diphosphate biosynthesis III (eukaryotes)|g__Roseburia.s__Roseburia_faecis",-0.0285170074234248,0.566707741558355,0.647026172790809
"COA-PWY-1: coenzyme A biosynthesis II (mammalian)|g__Bacteroides.s__Bacteroides_cellulosilyticus",0.221392126093473,0.567771994882468,0.647899901479888
"COA-PWY: coenzyme A biosynthesis I|g__Lachnospiraceae_unclassified.s__Eubacterium_rectale",-0.0888547551480293,0.569153617900317,0.649134678942098
"PWY-6168: flavin biosynthesis III (fungi)|g__Eubacterium.s__Eubacterium_eligens",-0.12424831152955,0.569708455293054,0.649425682598658
"PWY-6385: peptidoglycan biosynthesis III (mycobacteria)|g__Roseburia.s__Roseburia_faecis",0.0192697579700987,0.572708162813939,0.652501886865303
"PWY-5695: urate biosynthesis/inosine 5'-phosphate degradation|g__Roseburia.s__Roseburia_intestinalis_CAG_13",-0.237399287459863,0.573495125468526,0.653055142874564
"PWY-6121: 5-aminoimidazole ribonucleotide biosynthesis I|g__Roseburia.s__Roseburia_intestinalis",-0.207943721735739,0.574902118010211,0.654313492504268
"RIBOSYN2-PWY: flavin biosynthesis I (bacteria and plants)|g__Prevotella.s__Prevotella_copri_CAG_164",-0.00524452179460007,0.57643760169668,0.65571668392478
"PWY-6123: inosine-5'-phosphate biosynthesis I|g__Blautia.s__Blautia_wexlerae",0.130458141988745,0.576875056067891,0.655870013903001
"PWY-6386: UDP-N-acetylmuramoyl-pentapeptide biosynthesis II (lysine-containing)|g__Roseburia.s__Roseburia_faecis",0.020951630740807,0.577708166656929,0.65612871967797
"PWY-1269: CMP-3-deoxy-D-manno-octulosonate biosynthesis I|g__Prevotella.s__Prevotella_copri_CAG_164",0.00187580119853673,0.577659528888287,0.65612871967797
"PWY-6168: flavin biosynthesis III (fungi)|g__Blautia.s__Ruminococcus_torques",-0.0297935511838314,0.57896595460823,0.656749173631326
"NONOXIPENT-PWY: pentose phosphate pathway (non-oxidative branch)|unclassified",0.0386705819487499,0.5791636690399,0.656749173631326
"VALSYN-PWY: L-valine biosynthesis|g__Parabacteroides.s__Parabacteroides_merdae",-0.0209677485113212,0.578643434337955,0.656749173631326
"VALSYN-PWY: L-valine biosynthesis|g__Roseburia.s__Roseburia_intestinalis_CAG_13",-0.231595959718386,0.581080701214415,0.658578388876379
"PANTO-PWY: phosphopantothenate biosynthesis I|g__Bacteroides.s__Bacteroides_dorei",0.13819672441517,0.5826952855984,0.660063086195365
"ASPASN-PWY: superpathway of L-aspartate and L-asparagine biosynthesis|g__Bacteroides.s__Bacteroides_cellulosilyticus",0.109007596742936,0.583813679690748,0.660984453442974
"PWY-6123: inosine-5'-phosphate biosynthesis I|g__Bacteroides.s__Bacteroides_xylanisolvens",0.253683037079702,0.585897900276118,0.662997780625769
"PWY-6609: adenine and adenosine salvage III|g__Prevotella.s__Prevotella_copri_CAG_164",-0.137327827317893,0.587053506798443,0.663958741770473
"GLYCOGENSYNTH-PWY: glycogen biosynthesis I (from ADP-D-Glucose)|g__Roseburia.s__Roseburia_intestinalis",-0.249624586964216,0.589219754644944,0.666061141531348
"ARO-PWY: chorismate biosynthesis I|g__Lachnospiraceae_unclassified.s__Eubacterium_rectale",-0.0470588397835571,0.589961608011896,0.666552035746496
"PWY-7221: guanosine ribonucleotides de novo biosynthesis|g__Bacteroides.s__Bacteroides_xylanisolvens",0.16590012172147,0.591483249064161,0.667922981095381
"PWY-5686: UMP biosynthesis|g__Blautia.s__Ruminococcus_torques",-0.00386935297680676,0.594820756274042,0.670992492892165
"PEPTIDOGLYCANSYN-PWY: peptidoglycan biosynthesis I (meso-diaminopimelate containing)|g__Lachnospiraceae_unclassified.s__Eubacterium_rectale",-0.0362291361235388,0.594809752382697,0.670992492892165
"PWY-3841: folate transformations II|g__Bacteroides.s__Bacteroides_dorei",0.138212392338868,0.595588013654152,0.671508442033583
"PWY-5686: UMP biosynthesis|g__Prevotella.s__Prevotella_copri_CAG_164",-0.042256535635211,0.598367365180322,0.674291253429931
"THRESYN-PWY: superpathway of L-threonine biosynthesis|g__Bacteroides.s__Bacteroides_dorei",0.138176485036169,0.59998158156911,0.675758881112402
"TRNA-CHARGING-PWY: tRNA charging|g__Blautia.s__Ruminococcus_torques",-0.0187782996762664,0.60147615768586,0.676387562898422
"PWY-6700: queuosine biosynthesis|g__Bacteroides.s__Bacteroides_dorei",0.123348886393219,0.601073609856681,0.676387562898422
"COMPLETE-ARO-PWY: superpathway of aromatic amino acid biosynthesis|g__Lachnospiraceae_unclassified.s__Eubacterium_rectale",-0.0495733185056871,0.601462574516736,0.676387562898422
"PWY-7539: 6-hydroxymethyl-dihydropterin diphosphate biosynthesis III (Chlamydia)|g__Alistipes.s__Alistipes_putredinis_CAG_67",-0.110165286092735,0.602769991466374,0.677490960325536
"PWY-6124: inosine-5'-phosphate biosynthesis II|g__Blautia.s__Blautia_wexlerae",0.110641376903371,0.603597106048928,0.678068910735109
"COA-PWY-1: coenzyme A biosynthesis II (mammalian)|g__Roseburia.s__Roseburia_intestinalis",-0.211805639364952,0.605053306739412,0.679352598810522
"PWY-6163: chorismate biosynthesis from 3-dehydroquinate|g__Lachnospiraceae_unclassified.s__Eubacterium_rectale",-0.0502039909393531,0.608497402548599,0.682865805967278
"PWY-7219: adenosine ribonucleotides de novo biosynthesis|g__Barnesiella.s__Barnesiella_intestinihominis",-0.204614802631053,0.608895762211698,0.682959170141174
"SER-GLYSYN-PWY: superpathway of L-serine and glycine biosynthesis I|g__Alistipes.s__Alistipes_finegoldii",-0.0312382172548455,0.609316595276659,0.683077631642276
"PWY-7111: pyruvate fermentation to isobutanol (engineered)|g__Roseburia.s__Roseburia_intestinalis_CAG_13",-0.256700757556997,0.61115925925578,0.684789097625272
"PWY-6387: UDP-N-acetylmuramoyl-pentapeptide biosynthesis I (meso-diaminopimelate containing)|g__Parabacteroides.s__Parabacteroides_merdae",0.00798342673136973,0.614986911010234,0.688721775792856
"PWY-2942: L-lysine biosynthesis III|g__Bacteroides.s__Bacteroides_ovatus",0.113772917225592,0.615333194869452,0.688753632893648
"THRESYN-PWY: superpathway of L-threonine biosynthesis|unclassified",-0.0389907858080454,0.616205210827409,0.689373614797623
"PWY-6385: peptidoglycan biosynthesis III (mycobacteria)|g__Bacteroides.s__Bacteroides_xylanisolvens",0.145984528690539,0.617300287411114,0.69024237503606
"PWY-7187: pyrimidine deoxyribonucleotides de novo biosynthesis II|unclassified",-0.0481533176203259,0.619169192857735,0.691975059784792
"PWY-7199: pyrimidine deoxyribonucleosides salvage|g__Bacteroides.s__Bacteroides_cellulosilyticus",0.185449381502772,0.619944720217052,0.692127876718368
"GLYCOGENSYNTH-PWY: glycogen biosynthesis I (from ADP-D-Glucose)|g__Roseburia.s__Roseburia_intestinalis_CAG_13",-0.216839768824089,0.619918681154813,0.692127876718368
"PWY-7220: adenosine deoxyribonucleotides de novo biosynthesis II|g__Bacteroides.s__Bacteroides_dorei",0.0889949163324898,0.621560709550937,0.692867420351561
"PWY-7222: guanosine deoxyribonucleotides de novo biosynthesis II|g__Bacteroides.s__Bacteroides_dorei",0.0889949163324898,0.621560709550937,0.692867420351561
"PWY-5667: CDP-diacylglycerol biosynthesis I|g__Blautia.s__Ruminococcus_torques",0.0528514245806499,0.621886078718868,0.692867420351561
"PWY0-1319: CDP-diacylglycerol biosynthesis II|g__Blautia.s__Ruminococcus_torques",0.0528514245806499,0.621886078718868,0.692867420351561
"UNINTEGRATED|g__Roseburia.s__Roseburia_inulinivorans",0.130969494620046,0.626493046524579,0.697641537419714
"UNINTEGRATED|g__Bifidobacterium.s__Bifidobacterium_adolescentis",0.155772263637139,0.627782829720773,0.698718742683573
"ASPASN-PWY: superpathway of L-aspartate and L-asparagine biosynthesis|g__Bacteroides.s__Bacteroides_dorei",0.14571254039028,0.628866043733959,0.698876098908901
"PWY-7242: D-fructuronate degradation",0.0133385200962715,0.629536753608756,0.698876098908901
"PWY-6122: 5-aminoimidazole ribonucleotide biosynthesis II|g__Roseburia.s__Roseburia_intestinalis",-0.247063116075476,0.6291953192264,0.698876098908901
"PWY-6277: superpathway of 5-aminoimidazole ribonucleotide biosynthesis|g__Roseburia.s__Roseburia_intestinalis",-0.247063116075476,0.6291953192264,0.698876098908901
"HISTSYN-PWY: L-histidine biosynthesis|g__Bacteroides.s__Bacteroides_xylanisolvens",0.120524052195119,0.629418884491978,0.698876098908901
"PANTOSYN-PWY: pantothenate and coenzyme A biosynthesis I|g__Parabacteroides.s__Parabacteroides_merdae",0.035406890309473,0.629974243200054,0.699003678962886
"TRNA-CHARGING-PWY: tRNA charging|g__Bacteroides.s__Bacteroides_xylanisolvens",0.105326292501041,0.630672669065338,0.699420508630802
"PWY-7111: pyruvate fermentation to isobutanol (engineered)|g__Parabacteroides.s__Parabacteroides_merdae",-0.0171083857814551,0.634824865726472,0.703665209222131
"PWY-6700: queuosine biosynthesis",-0.00489892210862276,0.639885592737842,0.708770116241731
"PWY0-1296: purine ribonucleosides degradation|g__Blautia.s__Ruminococcus_torques",0.0877764345630687,0.640084502761914,0.708770116241731
"PWY-6147: 6-hydroxymethyl-dihydropterin diphosphate biosynthesis I|g__Prevotella.s__Prevotella_copri_CAG_164",-0.0240694457432879,0.641301438064531,0.709392657624215
"DTDPRHAMSYN-PWY: dTDP-L-rhamnose biosynthesis I|g__Roseburia.s__Roseburia_intestinalis_CAG_13",-0.264586898589333,0.641247149360504,0.709392657624215
"COA-PWY-1: coenzyme A biosynthesis II (mammalian)",-0.0062057004566876,0.642482969134559,0.710337037813566
"PWY-7539: 6-hydroxymethyl-dihydropterin diphosphate biosynthesis III (Chlamydia)|g__Prevotella.s__Prevotella_copri_CAG_164",-0.0162810483879853,0.642870497742871,0.710403043655687
"TRNA-CHARGING-PWY: tRNA charging|g__Alistipes.s__Alistipes_finegoldii",0.0192652257509907,0.643266195878336,0.710478005335553
"PWY-6124: inosine-5'-phosphate biosynthesis II|g__Parabacteroides.s__Parabacteroides_merdae",0.00490313351005465,0.648136554420916,0.715492569246116
"PWY0-1061: superpathway of L-alanine biosynthesis|g__Lachnospiraceae_unclassified.s__Eubacterium_rectale",-0.0491215227731042,0.655310257403331,0.723043445923126
"PWY-5695: urate biosynthesis/inosine 5'-phosphate degradation|g__Bacteroides.s__Bacteroides_dorei",0.160610652811633,0.662860925036893,0.731002353463078
"PANTOSYN-PWY: pantothenate and coenzyme A biosynthesis I|g__Roseburia.s__Roseburia_faecis",0.0316392012960071,0.664926750473442,0.732907562703941
"PWY-6737: starch degradation V|g__Blautia.s__Ruminococcus_torques",0.0217119748205528,0.669840848601705,0.737948713228213
"PWY-6609: adenine and adenosine salvage III|g__Fusicatenibacter.s__Fusicatenibacter_saccharivorans",-0.22333680390098,0.674616807758711,0.742455369432771
"PWY-6151: S-adenosyl-L-methionine cycle I|g__Prevotella.s__Prevotella_copri_CAG_164",-0.116624275463208,0.67454848336257,0.742455369432771
"BRANCHED-CHAIN-AA-SYN-PWY: superpathway of branched amino acid biosynthesis|unclassified",-0.0182896578687542,0.679119616499603,0.746936124054706
"PWY-7196: superpathway of pyrimidine ribonucleosides salvage",-0.0850908821767298,0.67937752677057,0.746936124054706
"PWY-7234: inosine-5'-phosphate biosynthesis III|unclassified",-0.168722312261377,0.679925791202779,0.747159832422121
"PWY-6609: adenine and adenosine salvage III|g__Bacteroides.s__Bacteroides_xylanisolvens",0.175485146719884,0.680332292761214,0.747227611968349
"COA-PWY-1: coenzyme A biosynthesis II (mammalian)|g__Blautia.s__Ruminococcus_torques",-0.0253369183759756,0.681925116800139,0.748218596509317
"ILEUSYN-PWY: L-isoleucine biosynthesis I (from threonine)|unclassified",-0.0765860631684392,0.681789784792885,0.748218596509317
"PWY-5686: UMP biosynthesis|g__Lachnospiraceae_unclassified.s__Eubacterium_rectale",-0.0405771525552836,0.682396997010022,0.748357435486193
"PWY-6168: flavin biosynthesis III (fungi)",0.00949421071685078,0.683997882545608,0.749253263396025
"PWY-6122: 5-aminoimidazole ribonucleotide biosynthesis II|g__Roseburia.s__Roseburia_intestinalis_CAG_13",-0.230716861765108,0.684251134407353,0.749253263396025
"PWY-6277: superpathway of 5-aminoimidazole ribonucleotide biosynthesis|g__Roseburia.s__Roseburia_intestinalis_CAG_13",-0.230716861765108,0.684251134407353,0.749253263396025
"PWY-5686: UMP biosynthesis",-0.0068912780710025,0.684990044500501,0.749683548703326
"PWY-5686: UMP biosynthesis|g__Bacteroides.s__Bacteroides_xylanisolvens",0.20226910559381,0.685964493582151,0.750371053807432
"PEPTIDOGLYCANSYN-PWY: peptidoglycan biosynthesis I (meso-diaminopimelate containing)|g__Blautia.s__Ruminococcus_torques",-0.00401869723484718,0.6878910481415,0.752098840223326
"PWY-5103: L-isoleucine biosynthesis III|g__Blautia.s__Ruminococcus_torques",0.0107900840288014,0.688533258298232,0.752420132772668
"ARGSYNBSUB-PWY: L-arginine biosynthesis II (acetyl cycle)|g__Blautia.s__Ruminococcus_torques",-0.0198214839140347,0.688879346294865,0.752420132772668
"ARO-PWY: chorismate biosynthesis I|g__Parabacteroides.s__Parabacteroides_merdae",-0.00392666568008084,0.692243517160631,0.755713703620699
"PWY-7219: adenosine ribonucleotides de novo biosynthesis|g__Bacteroides.s__Bacteroides_xylanisolvens",0.319257948938153,0.69563711084876,0.758654061001139
"PWY-1042: glycolysis IV (plant cytosol)|g__Roseburia.s__Roseburia_intestinalis_CAG_13",-0.145446778991521,0.695472046535068,0.758654061001139
"UNINTEGRATED|g__Bacteroides.s__Bacteroides_xylanisolvens",0.107510373357677,0.700603582536725,0.76368609826815
"PWY-5304: superpathway of sulfur oxidation (Acidianus ambivalens)|g__Blautia.s__Ruminococcus_torques",-0.131930213498343,0.70555421100161,0.768695814600547
"PWY-4242: pantothenate and coenzyme A biosynthesis III|g__Roseburia.s__Roseburia_faecis",0.0783797144456724,0.706276053144207,0.769095581489194
"PWY-7221: guanosine ribonucleotides de novo biosynthesis|g__Bacteroides.s__Bacteroides_cellulosilyticus",0.193677665275615,0.70668855863015,0.769158265470385
"PWY-6121: 5-aminoimidazole ribonucleotide biosynthesis I|g__Blautia.s__Ruminococcus_torques",0.00543067321724724,0.713722694052249,0.776424235949409
"NONOXIPENT-PWY: pentose phosphate pathway (non-oxidative branch)|g__Blautia.s__Ruminococcus_torques",-0.0646056588156304,0.715233893825272,0.777287787321647
"GLUTORN-PWY: L-ornithine biosynthesis|g__Lachnospiraceae_unclassified.s__Eubacterium_rectale",-0.11647096064031,0.714875470006085,0.777287787321647
"PWY-2942: L-lysine biosynthesis III|g__Parabacteroides.s__Parabacteroides_merdae",-0.00391314562069696,0.716963592541292,0.778776995006005
"PANTO-PWY: phosphopantothenate biosynthesis I|g__Blautia.s__Ruminococcus_torques",-0.162431095715019,0.717601758219666,0.779077581252624
"PWY-7400: L-arginine biosynthesis IV (archaebacteria)|g__Roseburia.s__Roseburia_faecis",-0.00163289765938173,0.717959358450157,0.779077581252624
"PWY-7221: guanosine ribonucleotides de novo biosynthesis|g__Roseburia.s__Roseburia_faecis",0.00994502577586702,0.718833806799824,0.779246052693956
"ARGSYN-PWY: L-arginine biosynthesis I (via L-ornithine)|g__Roseburia.s__Roseburia_faecis",-0.00117387645877631,0.718602861374072,0.779246052693956
"PWY-6386: UDP-N-acetylmuramoyl-pentapeptide biosynthesis II (lysine-containing)",0.00510285134412702,0.721556404982933,0.781519905474039
"CENTFERM-PWY: pyruvate fermentation to butanoate",-0.0263075704660836,0.721652667675843,0.781519905474039
"PWY-6387: UDP-N-acetylmuramoyl-pentapeptide biosynthesis I (meso-diaminopimelate containing)|g__Blautia.s__Ruminococcus_torques",-0.0215259567657378,0.724092906487228,0.783708876976829
"PEPTIDOGLYCANSYN-PWY: peptidoglycan biosynthesis I (meso-diaminopimelate containing)|g__Parabacteroides.s__Parabacteroides_merdae",0.000138183758998004,0.724397268382367,0.783708876976829
"PWY-6609: adenine and adenosine salvage III|g__Bacteroides.s__Bacteroides_cellulosilyticus",0.0833659927616564,0.7257198447103,0.784356560342753
"PWY-6590: superpathway of Clostridium acetobutylicum acidogenic fermentation",-0.0280407444155823,0.725364679431597,0.784356560342753
"TRNA-CHARGING-PWY: tRNA charging|g__Lachnospiraceae_unclassified.s__Eubacterium_rectale",-0.0744337229482623,0.727747715947732,0.786156181684315
"COA-PWY: coenzyme A biosynthesis I|g__Roseburia.s__Roseburia_intestinalis",-0.195750824019304,0.730357397908038,0.788582202923128
"PWY-7663: gondoate biosynthesis (anaerobic)|g__Bacteroides.s__Bacteroides_cellulosilyticus",0.165539214738134,0.731526997340211,0.789278749893484
"VALSYN-PWY: L-valine biosynthesis|g__Bacteroides.s__Bacteroides_xylanisolvens",0.0741662634341427,0.731730968406095,0.789278749893484
"PWY-6700: queuosine biosynthesis|g__Roseburia.s__Roseburia_faecis",-0.0179402904529476,0.734229908268457,0.791580204585944
"ARGININE-SYN4-PWY: L-ornithine de novo  biosynthesis|g__Bacteroides.s__Bacteroides_dorei",0.136407291669711,0.737231850400133,0.791665718442561
"UNINTEGRATED|g__Parabacteroides.s__Parabacteroides_merdae",-0.0306593254388022,0.737102208022927,0.791665718442561
"PWY-7219: adenosine ribonucleotides de novo biosynthesis|g__Roseburia.s__Roseburia_intestinalis_CAG_13",-0.242357092321333,0.735980673675815,0.791665718442561
"PWY-6163: chorismate biosynthesis from 3-dehydroquinate|g__Parabacteroides.s__Parabacteroides_merdae",-0.000856185665193875,0.736618316978742,0.791665718442561
"PANTO-PWY: phosphopantothenate biosynthesis I|g__Parabacteroides.s__Parabacteroides_merdae",0.00706323108071017,0.736879849048104,0.791665718442561
"PWY-6386: UDP-N-acetylmuramoyl-pentapeptide biosynthesis II (lysine-containing)|g__Bacteroides.s__Bacteroides_xylanisolvens",0.140413355275999,0.73603579560796,0.791665718442561
"RIBOSYN2-PWY: flavin biosynthesis I (bacteria and plants)|g__Bacteroides.s__Bacteroides_xylanisolvens",0.194867806383949,0.737088611501149,0.791665718442561
"PWY-5030: L-histidine degradation III|g__Bacteroides.s__Bacteroides_xylanisolvens",0.179350302119043,0.73492017080194,0.791665718442561
"PWY-5667: CDP-diacylglycerol biosynthesis I|g__Bacteroides.s__Bacteroides_cellulosilyticus",0.167978179316988,0.741293005989751,0.795238586128609
"PWY0-1319: CDP-diacylglycerol biosynthesis II|g__Bacteroides.s__Bacteroides_cellulosilyticus",0.167978179316988,0.741293005989751,0.795238586128609
"BRANCHED-CHAIN-AA-SYN-PWY: superpathway of branched amino acid biosynthesis|g__Blautia.s__Ruminococcus_torques",-0.00116155368699514,0.744922860579213,0.796515465381975
"PWY-6386: UDP-N-acetylmuramoyl-pentapeptide biosynthesis II (lysine-containing)|g__Prevotella.s__Prevotella_copri",-0.0915428505360048,0.744688425895708,0.796515465381975
"PWY-7357: thiamin formation from pyrithiamine and oxythiamine (yeast)|unclassified",0.0023634003140552,0.745423795013681,0.796515465381975
"ARO-PWY: chorismate biosynthesis I|g__Roseburia.s__Roseburia_faecis",0.0578728528170721,0.74523366961181,0.796515465381975
"PWY-5667: CDP-diacylglycerol biosynthesis I|g__Roseburia.s__Roseburia_faecis",-0.0183069562082297,0.743360425663805,0.796515465381975
"PWY0-1319: CDP-diacylglycerol biosynthesis II|g__Roseburia.s__Roseburia_faecis",-0.0183069562082297,0.743360425663805,0.796515465381975
"PWY-6123: inosine-5'-phosphate biosynthesis I|g__Parabacteroides.s__Parabacteroides_merdae",-0.0101041079308905,0.743793872973482,0.796515465381975
"PWY-6387: UDP-N-acetylmuramoyl-pentapeptide biosynthesis I (meso-diaminopimelate containing)|g__Bacteroides.s__Bacteroides_xylanisolvens",0.127089466433087,0.744128746548957,0.796515465381975
"PWY-5973: cis-vaccenate biosynthesis|g__Bacteroides.s__Bacteroides_cellulosilyticus",0.213495580743141,0.746055878022076,0.796797973225155
"DTDPRHAMSYN-PWY: dTDP-L-rhamnose biosynthesis I|g__Blautia.s__Blautia_wexlerae",0.217831509861978,0.746719487895485,0.797113857275624
"PWY-4242: pantothenate and coenzyme A biosynthesis III|g__Blautia.s__Ruminococcus_torques",-0.0247615432558099,0.752125161238033,0.802489032202274
"COA-PWY-1: coenzyme A biosynthesis II (mammalian)|g__Lachnospiraceae_unclassified.s__Eubacterium_rectale",-0.0330031404977576,0.753985249238676,0.804077773179238
"PWY-5005: biotin biosynthesis II",-0.0143093957286791,0.754458532388814,0.804186738655464
"PWY-6385: peptidoglycan biosynthesis III (mycobacteria)|g__Prevotella.s__Prevotella_copri_CAG_164",-0.0610109609066797,0.755711482950696,0.805126245601848
"PWY-7221: guanosine ribonucleotides de novo biosynthesis|g__Roseburia.s__Roseburia_intestinalis",-0.153551987412561,0.758891391322633,0.808116778867885
"PWY-5083: NAD/NADH phosphorylation and dephosphorylation|g__Bacteroides.s__Bacteroides_xylanisolvens",0.00465379495685291,0.759482034034355,0.808348510683913
"HISDEG-PWY: L-histidine degradation I|g__Bacteroides.s__Bacteroides_xylanisolvens",0.0860372000114109,0.760164927241641,0.8086781528388
"PWY-6124: inosine-5'-phosphate biosynthesis II|g__Alistipes.s__Alistipes_finegoldii",0.0741535812408367,0.761993429823568,0.810225594910536
"UNINTEGRATED|g__Alistipes.s__Alistipes_finegoldii",0.108086928819717,0.763687983269817,0.811629161228884
"COA-PWY-1: coenzyme A biosynthesis II (mammalian)|g__Roseburia.s__Roseburia_intestinalis_CAG_13",-0.2128477276585,0.766841881170303,0.814581547301984
"PANTOSYN-PWY: pantothenate and coenzyme A biosynthesis I|g__Blautia.s__Ruminococcus_torques",-0.0757870677126161,0.768588919875612,0.816037329431872
"PWY-6168: flavin biosynthesis III (fungi)|g__Roseburia.s__Roseburia_faecis",0.0538959001846109,0.770609638520688,0.817782118841494
"PWY-6527: stachyose degradation",-0.0154825594836885,0.771067812091394,0.817867816349511
"ANAGLYCOLYSIS-PWY: glycolysis III (from glucose)|unclassified",-0.0739966671069299,0.77448680739434,0.821092422516407
"ILEUSYN-PWY: L-isoleucine biosynthesis I (from threonine)|g__Blautia.s__Ruminococcus_torques",0.0114967563048899,0.775345091524204,0.82139338950937
"PWY-7357: thiamin formation from pyrithiamine and oxythiamine (yeast)|g__Bacteroides.s__Bacteroides_xylanisolvens",0.233945142592522,0.775528784003771,0.82139338950937
"PWY-6700: queuosine biosynthesis|g__Bacteroides.s__Bacteroides_xylanisolvens",0.0628773715189034,0.778321844189428,0.823948918592326
"PWY-6387: UDP-N-acetylmuramoyl-pentapeptide biosynthesis I (meso-diaminopimelate containing)|g__Prevotella.s__Prevotella_copri_CAG_164",-0.0612668960434876,0.778772450795838,0.824023389098916
"VALSYN-PWY: L-valine biosynthesis|g__Blautia.s__Ruminococcus_torques",0.0149349835065631,0.780643753215024,0.825600299276211
"DTDPRHAMSYN-PWY: dTDP-L-rhamnose biosynthesis I|g__Prevotella.s__Prevotella_copri_CAG_164",-0.0626814096647015,0.784096735075968,0.828847621907133
"PWY-6527: stachyose degradation|g__Roseburia.s__Roseburia_intestinalis",-0.192726093257616,0.786680181446539,0.83117306347862
"PWY-6122: 5-aminoimidazole ribonucleotide biosynthesis II|g__Blautia.s__Ruminococcus_torques",-0.0169657714077209,0.79019821227613,0.834076729665062
"PWY-6277: superpathway of 5-aminoimidazole ribonucleotide biosynthesis|g__Blautia.s__Ruminococcus_torques",-0.0169657714077209,0.79019821227613,0.834076729665062
"COMPLETE-ARO-PWY: superpathway of aromatic amino acid biosynthesis|g__Roseburia.s__Roseburia_faecis",0.0463504443038714,0.791749525024039,0.834900837336784
"PWY-6317: galactose degradation I (Leloir pathway)|g__Roseburia.s__Roseburia_intestinalis_CAG_13",-0.231155595830008,0.791518936761805,0.834900837336784
"PEPTIDOGLYCANSYN-PWY: peptidoglycan biosynthesis I (meso-diaminopimelate containing)|g__Prevotella.s__Prevotella_copri_CAG_164",-0.0649780096308323,0.79374826732372,0.836210216257004
"COA-PWY: coenzyme A biosynthesis I|g__Roseburia.s__Roseburia_intestinalis_CAG_13",-0.212043535143903,0.793762997157663,0.836210216257004
"PWY-6163: chorismate biosynthesis from 3-dehydroquinate|g__Blautia.s__Ruminococcus_torques",0.0207632743780958,0.797554309798733,0.839732549268301
"COA-PWY: coenzyme A biosynthesis I|g__Parabacteroides.s__Parabacteroides_merdae",-0.0214468206692832,0.79856389262629,0.839732549268301
"PWY-5667: CDP-diacylglycerol biosynthesis I|g__Bacteroides.s__Bacteroides_xylanisolvens",0.19748794693864,0.798656568547285,0.839732549268301
"PWY0-1319: CDP-diacylglycerol biosynthesis II|g__Bacteroides.s__Bacteroides_xylanisolvens",0.19748794693864,0.798656568547285,0.839732549268301
"PWY-5100: pyruvate fermentation to acetate and lactate II|g__Roseburia.s__Roseburia_intestinalis",-0.214984884576317,0.800582307086364,0.841349107398715
"TRPSYN-PWY: L-tryptophan biosynthesis|unclassified",-0.0914086264763368,0.801301811051411,0.84169705504043
"PWY-6609: adenine and adenosine salvage III|g__Blautia.s__Ruminococcus_torques",0.0663775613711435,0.803797776710803,0.843501105148818
"VALSYN-PWY: L-valine biosynthesis|g__Roseburia.s__Roseburia_intestinalis",-0.213753289297494,0.803644203629754,0.843501105148818
"PWY-6317: galactose degradation I (Leloir pathway)|g__Roseburia.s__Roseburia_intestinalis",-0.22060374558421,0.804272794355115,0.843591067457664
"UNINTEGRATED|g__Bacteroides.s__Bacteroides_dorei",0.14125708104055,0.804753398358835,0.843686799343781
"PWY-7221: guanosine ribonucleotides de novo biosynthesis|g__Roseburia.s__Roseburia_intestinalis_CAG_13",-0.206043837945293,0.805551057659336,0.844114672121751
"PWY-5667: CDP-diacylglycerol biosynthesis I|g__Eubacterium.s__Eubacterium_eligens",-0.077857928712327,0.810579667003349,0.84856335188225
"PWY0-1319: CDP-diacylglycerol biosynthesis II|g__Eubacterium.s__Eubacterium_eligens",-0.077857928712327,0.810579667003349,0.84856335188225
"PWY-6897: thiamin salvage II|g__Lachnospiraceae_unclassified.s__Eubacterium_rectale",-0.0809643778365935,0.81230820569017,0.84996227992786
"1CMET2-PWY: N10-formyl-tetrahydrofolate biosynthesis|g__Bacteroides.s__Bacteroides_xylanisolvens",0.20155429477019,0.815148596388433,0.852522687439061
"PWY-6386: UDP-N-acetylmuramoyl-pentapeptide biosynthesis II (lysine-containing)|g__Prevotella.s__Prevotella_copri_CAG_164",-0.0664091325750209,0.816914960939333,0.853957896939476
"PWY-3841: folate transformations II|g__Lachnospiraceae_unclassified.s__Eubacterium_rectale",0.0033407374807996,0.821222208183983,0.858046540566389
"GLUTORN-PWY: L-ornithine biosynthesis|g__Roseburia.s__Roseburia_faecis",0.0260375669532256,0.821742176962531,0.858176046977255
"UNINTEGRATED|g__Blautia.s__Blautia_obeum",-0.0948826406112183,0.822573731593805,0.858630672622242
"RHAMCAT-PWY: L-rhamnose degradation I|g__Bacteroides.s__Bacteroides_xylanisolvens",0.190997176604257,0.829574775985303,0.865521684911002
"BRANCHED-CHAIN-AA-SYN-PWY: superpathway of branched amino acid biosynthesis|g__Roseburia.s__Roseburia_intestinalis_CAG_13",-0.21042049868911,0.830186167479705,0.865742745393898
"PWY-7229: superpathway of adenosine nucleotides de novo biosynthesis I|unclassified",-0.0197073928380588,0.832163747724494,0.867113160908031
"PWY-5695: urate biosynthesis/inosine 5'-phosphate degradation|g__Bacteroides.s__Bacteroides_xylanisolvens",0.179449343170421,0.832300588227367,0.867113160908031
"ILEUSYN-PWY: L-isoleucine biosynthesis I (from threonine)|g__Roseburia.s__Roseburia_intestinalis_CAG_13",-0.230702912118057,0.833341252170902,0.867780150626787
"PWY-7219: adenosine ribonucleotides de novo biosynthesis|g__Bacteroides.s__Bacteroides_cellulosilyticus",0.107997347588542,0.836632888225135,0.870371324428165
"BRANCHED-CHAIN-AA-SYN-PWY: superpathway of branched amino acid biosynthesis|g__Bacteroides.s__Bacteroides_xylanisolvens",0.103699935886502,0.836326284073485,0.870371324428165
"GLUTORN-PWY: L-ornithine biosynthesis",0.0031122368446613,0.837057478071358,0.870395179933125
"PWY0-1586: peptidoglycan maturation (meso-diaminopimelate containing)|g__Bacteroides.s__Bacteroides_xylanisolvens",0.131067520650485,0.838291928189584,0.87126072344692
"PWY-5103: L-isoleucine biosynthesis III|g__Roseburia.s__Roseburia_intestinalis_CAG_13",-0.196812431268879,0.841082461556552,0.873741943524951
"PWY-6124: inosine-5'-phosphate biosynthesis II|g__Bacteroides.s__Bacteroides_xylanisolvens",0.186304718505895,0.844777545349423,0.877160009953139
"PWY66-422: D-galactose degradation V (Leloir pathway)|g__Roseburia.s__Roseburia_intestinalis_CAG_13",-0.202073297810021,0.846125722342395,0.878139099768185
"PWY-7663: gondoate biosynthesis (anaerobic)|g__Bacteroides.s__Bacteroides_xylanisolvens",0.130438471213788,0.84689464796257,0.87851637249157
"PWY-5103: L-isoleucine biosynthesis III|unclassified",-0.0297079651206225,0.853362837923374,0.884379373400264
"SER-GLYSYN-PWY: superpathway of L-serine and glycine biosynthesis I|g__Bacteroides.s__Bacteroides_xylanisolvens",0.150233027805104,0.853156096936313,0.884379373400264
"TRPSYN-PWY: L-tryptophan biosynthesis|g__Blautia.s__Ruminococcus_torques",0.0308307357136954,0.855714501758174,0.886392602920632
"ILEUSYN-PWY: L-isoleucine biosynthesis I (from threonine)|g__Bacteroides.s__Bacteroides_xylanisolvens",0.0907409813448728,0.857058007520333,0.887360106209538
"PWY-6124: inosine-5'-phosphate biosynthesis II|g__Bacteroides.s__Bacteroides_cellulosilyticus",0.179785593775124,0.860472632667596,0.890470007158873
"PWY-6737: starch degradation V|g__Bacteroides.s__Bacteroides_cellulosilyticus",0.161622858704085,0.867586250908879,0.897073224487779
"PWY-6527: stachyose degradation|g__Lachnospiraceae_unclassified.s__Eubacterium_rectale",0.0527127941439261,0.867713630277474,0.897073224487779
"PWY-7539: 6-hydroxymethyl-dihydropterin diphosphate biosynthesis III (Chlamydia)|g__Alistipes.s__Alistipes_putredinis",-0.17348576746178,0.868509287021394,0.897073224487779
"RHAMCAT-PWY: L-rhamnose degradation I|g__Eubacterium.s__Eubacterium_eligens_CAG_72",0.0329846285895671,0.868397028744471,0.897073224487779
"PWY-1042: glycolysis IV (plant cytosol)|g__Roseburia.s__Roseburia_intestinalis",-0.162643531572693,0.87072490833388,0.898933242667708
"PWY-5695: urate biosynthesis/inosine 5'-phosphate degradation|g__Prevotella.s__Prevotella_copri_CAG_164",-0.108283223664304,0.876610632147078,0.904578685648914
"PWY-7388: octanoyl-[acyl-carrier protein] biosynthesis (mitochondria, yeast)|g__Bacteroides.s__Bacteroides_cellulosilyticus",0.105139148695922,0.87794770302382,0.905096418864233
"SER-GLYSYN-PWY: superpathway of L-serine and glycine biosynthesis I|g__Roseburia.s__Roseburia_intestinalis",-0.221330048497665,0.877792147989088,0.905096418864233
"COA-PWY: coenzyme A biosynthesis I|g__Bacteroides.s__Bacteroides_xylanisolvens",0.136758786085805,0.878993142563563,0.905743290506534
"DTDPRHAMSYN-PWY: dTDP-L-rhamnose biosynthesis I|g__Oscillibacter.s__Oscillibacter_sp_CAG_241",0.011961404428022,0.881240304687474,0.907423322391883
"PWY-4242: pantothenate and coenzyme A biosynthesis III",0.00330730074656994,0.881461049208544,0.907423322391883
"PWY-5103: L-isoleucine biosynthesis III|g__Bacteroides.s__Bacteroides_xylanisolvens",0.110938472143117,0.886245720894726,0.911915706162807
"PWY-7221: guanosine ribonucleotides de novo biosynthesis|g__Blautia.s__Ruminococcus_torques",-0.00089898314431573,0.888599449569383,0.913470117275547
"PWY-5100: pyruvate fermentation to acetate and lactate II|g__Blautia.s__Ruminococcus_torques",-0.12022704354193,0.888256323163989,0.913470117275547
"PANTO-PWY: phosphopantothenate biosynthesis I|g__Roseburia.s__Roseburia_intestinalis",-0.256669567655639,0.893078616724685,0.917639337336364
"PWY-1269: CMP-3-deoxy-D-manno-octulosonate biosynthesis I|g__Bacteroides.s__Bacteroides_xylanisolvens",0.152301724576131,0.898193192408475,0.922457179122827
"COA-PWY-1: coenzyme A biosynthesis II (mammalian)|g__Parabacteroides.s__Parabacteroides_merdae",-0.0208973306257057,0.905803709507111,0.929832609427716
"PWY-6125: superpathway of guanosine nucleotides de novo biosynthesis II|unclassified",-0.0452072293206562,0.913198670195147,0.936093433449803
"PWY-6700: queuosine biosynthesis|g__Prevotella.s__Prevotella_copri_CAG_164",-0.0924391449161266,0.912376799347707,0.936093433449803
"PWY-6527: stachyose degradation|g__Roseburia.s__Roseburia_intestinalis_CAG_13",-0.248463631764325,0.91287570955607,0.936093433449803
"PWY-7219: adenosine ribonucleotides de novo biosynthesis|g__Roseburia.s__Roseburia_intestinalis",-0.191641054419907,0.915271158066763,0.937362900321436
"PWY-2942: L-lysine biosynthesis III|g__Bacteroides.s__Bacteroides_xylanisolvens",0.124982388046201,0.915302213696428,0.937362900321436
"PWY66-422: D-galactose degradation V (Leloir pathway)",-0.0117967710085919,0.916792375067933,0.938445477927355
"PWY-7219: adenosine ribonucleotides de novo biosynthesis|g__Roseburia.s__Roseburia_hominis",-0.0563982615655584,0.921889615898889,0.943217562631205
"PWY-7111: pyruvate fermentation to isobutanol (engineered)|g__Blautia.s__Ruminococcus_torques",0.00738883308586047,0.92443327158744,0.944037181682367
"TRPSYN-PWY: L-tryptophan biosynthesis|g__Lachnospiraceae_unclassified.s__Eubacterium_rectale",-0.00851284359653646,0.923565972828048,0.944037181682367
"PWY0-1061: superpathway of L-alanine biosynthesis|g__Blautia.s__Ruminococcus_torques",-0.0522539665409385,0.923824850569137,0.944037181682367
"1CMET2-PWY: N10-formyl-tetrahydrofolate biosynthesis|g__Lachnospiraceae_unclassified.s__Eubacterium_rectale",0.0413946246518742,0.924196982979341,0.944037181682367
"PWY-5667: CDP-diacylglycerol biosynthesis I|g__Eubacterium.s__Eubacterium_eligens_CAG_72",-0.148752840987301,0.926251091665317,0.945002879302609
"PWY0-1319: CDP-diacylglycerol biosynthesis II|g__Eubacterium.s__Eubacterium_eligens_CAG_72",-0.148752840987301,0.926251091665317,0.945002879302609
"PWY-5104: L-isoleucine biosynthesis IV|g__Roseburia.s__Roseburia_intestinalis",-0.219289277528199,0.927300285668952,0.94562810307982
"PWY66-422: D-galactose degradation V (Leloir pathway)|unclassified",-0.0521485300478313,0.930924720207488,0.948877642845544
"PWY-6385: peptidoglycan biosynthesis III (mycobacteria)|g__Blautia.s__Ruminococcus_torques",-0.0237786678959377,0.931411524141634,0.948927490745144
"PWY-6700: queuosine biosynthesis|g__Blautia.s__Ruminococcus_torques",-0.048179605786058,0.933835043141033,0.950502836301841
"PWY-6609: adenine and adenosine salvage III|g__Parabacteroides.s__Parabacteroides_merdae",-0.00607420210051563,0.933396969500841,0.950502836301841
"UNINTEGRATED|g__Dorea.s__Dorea_longicatena_CAG_42",0.00716226934050234,0.935645718656069,0.951898719402677
"PWY-6737: starch degradation V|g__Roseburia.s__Roseburia_intestinalis",-0.232997084482024,0.936197826470349,0.952013463144649
"RHAMCAT-PWY: L-rhamnose degradation I|g__Eubacterium.s__Eubacterium_eligens",0.0247439839613505,0.93791972251608,0.953317091319112
"PWY-7184: pyrimidine deoxyribonucleotides de novo biosynthesis I|unclassified",-0.0334104916964211,0.938915951335646,0.953882262796223
"PWY-4242: pantothenate and coenzyme A biosynthesis III|g__Lachnospiraceae_unclassified.s__Eubacterium_rectale",0.0175163044508626,0.939411351651014,0.95393833131572
"PWY-6700: queuosine biosynthesis|g__Parabacteroides.s__Parabacteroides_merdae",-0.0620540066655369,0.939989071246351,0.954077900417256
"PWY-6737: starch degradation V|g__Roseburia.s__Roseburia_intestinalis_CAG_13",-0.208082824379015,0.941220846440608,0.954880886814981
"ILEUSYN-PWY: L-isoleucine biosynthesis I (from threonine)|g__Roseburia.s__Roseburia_intestinalis",-0.193365921343387,0.945416309698543,0.958688415122481
"PWY-3841: folate transformations II",-0.00332409286581495,0.94691304428785,0.959757047227208
"PWY-6163: chorismate biosynthesis from 3-dehydroquinate|g__Roseburia.s__Roseburia_faecis",0.050765194913255,0.947757657451263,0.960164022298685
"RIBOSYN2-PWY: flavin biosynthesis I (bacteria and plants)|g__Blautia.s__Ruminococcus_torques",-0.0342273552179718,0.948968472404642,0.960941439112551
"PANTO-PWY: phosphopantothenate biosynthesis I|g__Bacteroides.s__Bacteroides_xylanisolvens",0.102658251156592,0.949569413625794,0.961061922337041
"PWY-5104: L-isoleucine biosynthesis IV|g__Roseburia.s__Roseburia_intestinalis_CAG_13",-0.210124787094902,0.949974452074731,0.961061922337041
"PWY-7664: oleate biosynthesis IV (anaerobic)|g__Bacteroides.s__Bacteroides_cellulosilyticus",0.197842834199421,0.954019263629858,0.963804076590164
"PWY0-862: (5Z)-dodec-5-enoate biosynthesis|g__Bacteroides.s__Bacteroides_cellulosilyticus",0.199911732999853,0.953830641504471,0.963804076590164
"PWY-3841: folate transformations II|g__Bacteroides.s__Bacteroides_xylanisolvens",0.160640602463,0.953668984189244,0.963804076590164
"FASYN-ELONG-PWY: fatty acid elongation -- saturated|g__Bacteroides.s__Bacteroides_cellulosilyticus",0.196015425798117,0.955339690029204,0.964238988492448
"PWY-6282: palmitoleate biosynthesis I (from (5Z)-dodec-5-enoate)|g__Bacteroides.s__Bacteroides_cellulosilyticus",0.200489727070726,0.955339690029204,0.964238988492448
"COMPLETE-ARO-PWY: superpathway of aromatic amino acid biosynthesis|g__Blautia.s__Ruminococcus_torques",-0.00676091815818456,0.957408906747473,0.965877607505482
"PWY-6123: inosine-5'-phosphate biosynthesis I|g__Bacteroides.s__Bacteroides_cellulosilyticus",0.19457231649104,0.958437146983681,0.966465005823004
"PWY66-400: glycolysis VI (metazoan)|unclassified",-0.00985019965120963,0.96076744555704,0.96836421140563
"PWY-5973: cis-vaccenate biosynthesis|g__Bacteroides.s__Bacteroides_xylanisolvens",0.126779861347187,0.964534997481406,0.971709595324131
"DTDPRHAMSYN-PWY: dTDP-L-rhamnose biosynthesis I|g__Blautia.s__Blautia_obeum",-0.0452287993041253,0.968595912614644,0.975347278176549
"PWY-5659: GDP-mannose biosynthesis|g__Bacteroides.s__Bacteroides_dorei",0.14482659449666,0.969080282139254,0.975381779561432
"CALVIN-PWY: Calvin-Benson-Bassham cycle|g__Blautia.s__Ruminococcus_torques",-0.033394889595693,0.970608946399167,0.976466846261372
"PWY-3001: superpathway of L-isoleucine biosynthesis I|unclassified",-0.0147262168507892,0.971060646538712,0.9764679448025
"DTDPRHAMSYN-PWY: dTDP-L-rhamnose biosynthesis I|g__Blautia.s__Ruminococcus_torques",-0.0442629236649596,0.972190406144174,0.976697547572751
"ARO-PWY: chorismate biosynthesis I|g__Blautia.s__Ruminococcus_torques",-0.00856839879916011,0.972079970078104,0.976697547572751
"PANTO-PWY: phosphopantothenate biosynthesis I|g__Roseburia.s__Roseburia_intestinalis_CAG_13",-0.153220813799424,0.973433168337376,0.977492898881878
"PWY-7111: pyruvate fermentation to isobutanol (engineered)|g__Bacteroides.s__Bacteroides_xylanisolvens",0.130351623731622,0.974178289003737,0.97778802791621
"PWY-6471: peptidoglycan biosynthesis IV (Enterococcus faecium)",0.0391091172266324,0.97464300719043,0.97780157249151
"PWY-7383: anaerobic energy metabolism (invertebrates, cytosol)|unclassified",-0.00033472715697018,0.980170166797194,0.98289160178136
"PWY-6317: galactose degradation I (Leloir pathway)",-0.0196585120636749,0.983167828491976,0.985441574626324
"BRANCHED-CHAIN-AA-SYN-PWY: superpathway of branched amino acid biosynthesis|g__Roseburia.s__Roseburia_intestinalis",-0.202858269204771,0.98409292231754,0.985912789025478
"PWY-5097: L-lysine biosynthesis VI|g__Parabacteroides.s__Parabacteroides_merdae",-0.0344922667024757,0.988041693803714,0.989411437371833
"PWY-6386: UDP-N-acetylmuramoyl-pentapeptide biosynthesis II (lysine-containing)|g__Blautia.s__Ruminococcus_torques",-0.0323136458032537,0.991248761228966,0.992164464472596
"PWY-5103: L-isoleucine biosynthesis III|g__Roseburia.s__Roseburia_intestinalis",-0.189786639432483,0.995539012797278,0.995998633763482
"UNINTEGRATED|g__Firmicutes_unclassified.s__Firmicutes_bacterium_CAG_83",0.0196250300576546,0.996471629218176,0.996471629218176
