"Species","Pathway","rho","p","FDR","Pathway_clean"
"UNINTEGRATED.g__Escherichia.s__Escherichia_coli","VALSYN.PWY..L.valine.biosynthesis.g__Escherichia.s__Escherichia_coli",0.836888558188834,7.23666269326671e-251,4.72613730946282e-249,"VALSYN PWY  L valine biosynthesis"
"UNINTEGRATED.g__Escherichia.s__Escherichia_coli","PWY.7111..pyruvate.fermentation.to.isobutanol..engineered..g__Escherichia.s__Escherichia_coli",0.847508899191203,1.42686952521989e-263,1.0699172682729e-261,"PWY 7111  pyruvate fermentation to isobutanol  engineered "
"UNINTEGRATED.g__Escherichia.s__Escherichia_coli","PWY0.1586..peptidoglycan.maturation..meso.diaminopimelate.containing..g__Escherichia.s__Escherichia_coli",0.860449391850488,1.9685029772987e-280,1.8207153679878e-278,"PWY0 1586  peptidoglycan maturation  meso diaminopimelate containing "
"UNINTEGRATED.g__Escherichia.s__Escherichia_coli","PWY.5695..urate.biosynthesis.inosine.5..phosphate.degradation.g__Escherichia.s__Escherichia_coli",0.817600782679672,5.59623141839019e-230,3.08996765680266e-228,"PWY 5695  urate biosynthesis inosine 5  phosphate degradation"
"UNINTEGRATED.g__Escherichia.s__Escherichia_coli","GLYOXYLATE.BYPASS..glyoxylate.cycle",0.832524165186421,6.58035945080783e-246,4.17772576840312e-244,"GLYOXYLATE BYPASS  glyoxylate cycle"
"UNINTEGRATED.g__Escherichia.s__Escherichia_coli","FAO.PWY..fatty.acid..beta..oxidation.I",0.727635328973609,1.08892890987945e-157,3.61409356410082e-156,"FAO PWY  fatty acid  beta  oxidation I"
"UNINTEGRATED.g__Escherichia.s__Escherichia_coli","PWY.5675..nitrate.reduction.V..assimilatory.",0.816910952278329,2.80974087018992e-229,1.5328230058602e-227,"PWY 5675  nitrate reduction V  assimilatory "
"UNINTEGRATED.g__Escherichia.s__Escherichia_coli","PWY.4702..phytate.degradation.I",0.780604708365491,4.19546954532586e-196,1.77780582756703e-194,"PWY 4702  phytate degradation I"
"UNINTEGRATED.g__Escherichia.s__Escherichia_coli","PWY.5136..fatty.acid..beta..oxidation.II..peroxisome.",0.720993901752419,1.6455077476093e-153,5.32554114905666e-152,"PWY 5136  fatty acid  beta  oxidation II  peroxisome "
"UNINTEGRATED.g__Escherichia.s__Escherichia_coli","PWY.6803..phosphatidylcholine.acyl.editing",0.774238759257748,6.13721649366979e-191,2.49056173120618e-189,"PWY 6803  phosphatidylcholine acyl editing"
"UNINTEGRATED.g__Escherichia.s__Escherichia_coli","TCA.GLYOX.BYPASS..superpathway.of.glyoxylate.bypass.and.TCA",0.85135453424622,2.05248067946963e-268,1.64027414300948e-266,"TCA GLYOX BYPASS  superpathway of glyoxylate bypass and TCA"
"UNINTEGRATED.g__Escherichia.s__Escherichia_coli","PWY.5723..Rubisco.shunt",0.785775544719415,1.98584124283131e-200,8.76126229676256e-199,"PWY 5723  Rubisco shunt"
"UNINTEGRATED.g__Escherichia.s__Escherichia_coli","PWY.5173..superpathway.of.acetyl.CoA.biosynthesis",0.74950716274388,2.24168972098139e-172,8.04051740275628e-171,"PWY 5173  superpathway of acetyl CoA biosynthesis"
"UNINTEGRATED.g__Escherichia.s__Escherichia_coli","GLYCOLYSIS.TCA.GLYOX.BYPASS..superpathway.of.glycolysis..pyruvate.dehydrogenase..TCA..and.glyoxylate.bypass",0.855496502815332,8.73705884947885e-274,7.54492650693622e-272,"GLYCOLYSIS TCA GLYOX BYPASS  superpathway of glycolysis  pyruvate dehydrogenase  TCA  and glyoxylate bypass"
"UNINTEGRATED.g__Escherichia.s__Escherichia_coli","KETOGLUCONMET.PWY..ketogluconate.metabolism",0.737642378784259,3.16538711503256e-164,1.08211104358364e-162,"KETOGLUCONMET PWY  ketogluconate metabolism"
"UNINTEGRATED.g__Escherichia.s__Escherichia_coli","GLUCARDEG.PWY..D.glucarate.degradation.I",0.770960773054853,2.41021655583231e-188,9.60974964197387e-187,"GLUCARDEG PWY  D glucarate degradation I"
"UNINTEGRATED.g__Escherichia.s__Escherichia_coli","PWY.5913..TCA.cycle.VI..obligate.autotrophs..unclassified",0.79748045476865,1.11754567462471e-210,5.34456686019338e-209,"PWY 5913  TCA cycle VI  obligate autotrophs  unclassified"
"UNINTEGRATED.g__Escherichia.s__Escherichia_coli","PWY.7663..gondoate.biosynthesis..anaerobic..g__Escherichia.s__Escherichia_coli",0.79791984811824,4.47083176531415e-211,2.14376383146813e-209,"PWY 7663  gondoate biosynthesis  anaerobic "
"UNINTEGRATED.g__Escherichia.s__Escherichia_coli","P461.PWY..hexitol.fermentation.to.lactate..formate..ethanol.and.acetate",0.742146972065535,2.87865855745553e-167,9.99086430007565e-166,"P461 PWY  hexitol fermentation to lactate  formate  ethanol and acetate"
"UNINTEGRATED.g__Escherichia.s__Escherichia_coli","PWY.821..superpathway.of.sulfur.amino.acid.biosynthesis..Saccharomyces.cerevisiae.",0.719986111607758,6.91608773551073e-153,2.23436231611243e-151,"PWY 821  superpathway of sulfur amino acid biosynthesis  Saccharomyces cerevisiae "
"UNINTEGRATED.g__Escherichia.s__Escherichia_coli","GALACTARDEG.PWY..D.galactarate.degradation.I",0.710551383843596,3.52397892671334e-147,1.11476423652159e-145,"GALACTARDEG PWY  D galactarate degradation I"
"UNINTEGRATED.g__Escherichia.s__Escherichia_coli","GLUCARGALACTSUPER.PWY..superpathway.of.D.glucarate.and.D.galactarate.degradation",0.710551383843596,3.52397892671334e-147,1.11476423652159e-145,"GLUCARGALACTSUPER PWY  superpathway of D glucarate and D galactarate degradation"
"UNINTEGRATED.g__Escherichia.s__Escherichia_coli","PWY0.1415..superpathway.of.heme.biosynthesis.from.uroporphyrinogen.III",0.765222990569195,6.60763246684415e-184,2.567114524059e-182,"PWY0 1415  superpathway of heme biosynthesis from uroporphyrinogen III"
"UNINTEGRATED.g__Escherichia.s__Escherichia_coli","PWY.6803..phosphatidylcholine.acyl.editing.g__Escherichia.s__Escherichia_coli",0.793245094272515,6.81771000611675e-207,3.144949215733e-205,"PWY 6803  phosphatidylcholine acyl editing"
"UNINTEGRATED.g__Escherichia.s__Escherichia_coli","PWY.5747..2.methylcitrate.cycle.II",0.770411133326089,6.49806100693131e-188,2.58517837570514e-186,"PWY 5747  2 methylcitrate cycle II"
"UNINTEGRATED.g__Escherichia.s__Escherichia_coli","PWY.5656..mannosylglycerate.biosynthesis.I",0.726325651343818,7.42870324310219e-157,2.44771070149304e-155,"PWY 5656  mannosylglycerate biosynthesis I"
"UNINTEGRATED.g__Escherichia.s__Escherichia_coli","PWY.6629..superpathway.of.L.tryptophan.biosynthesis",0.732211176440561,1.2154681307924e-160,4.0937236249849e-159,"PWY 6629  superpathway of L tryptophan biosynthesis"
"UNINTEGRATED.g__Escherichia.s__Escherichia_coli","PWY.5173..superpathway.of.acetyl.CoA.biosynthesis.unclassified",0.750915462555713,2.2526585982577e-173,8.16017739937446e-172,"PWY 5173  superpathway of acetyl CoA biosynthesis unclassified"
"UNINTEGRATED.g__Escherichia.s__Escherichia_coli","PWY.5083..NAD.NADH.phosphorylation.and.dephosphorylation.unclassified",0.714858994086929,9.3358164882417e-150,2.97391454951489e-148,"PWY 5083  NAD NADH phosphorylation and dephosphorylation unclassified"
"UNINTEGRATED.g__Escherichia.s__Escherichia_coli","NONOXIPENT.PWY..pentose.phosphate.pathway..non.oxidative.branch..g__Escherichia.s__Escherichia_coli",0.830105551405387,3.19819704976266e-243,1.99569686451114e-241,"NONOXIPENT PWY  pentose phosphate pathway  non oxidative branch "
"UNINTEGRATED.g__Escherichia.s__Escherichia_coli","PWY.5918..superpathay.of.heme.biosynthesis.from.glutamate",0.763534660761687,1.26406043662966e-182,4.86943873484758e-181,"PWY 5918  superpathay of heme biosynthesis from glutamate"
"UNINTEGRATED.g__Escherichia.s__Escherichia_coli","PWY.561..superpathway.of.glyoxylate.cycle.and.fatty.acid.degradation",0.80441331233332,4.49790804251687e-217,2.25775158244352e-215,"PWY 561  superpathway of glyoxylate cycle and fatty acid degradation"
"UNINTEGRATED.g__Escherichia.s__Escherichia_coli","PWY.7254..TCA.cycle.VII..acetate.producers.",0.773211922303775,4.02966368446814e-190,1.62803773824155e-188,"PWY 7254  TCA cycle VII  acetate producers "
"UNINTEGRATED.g__Escherichia.s__Escherichia_coli","PWY.5675..nitrate.reduction.V..assimilatory..unclassified",0.762484361074698,7.82905592525411e-182,2.98437715510576e-180,"PWY 5675  nitrate reduction V  assimilatory  unclassified"
"UNINTEGRATED.g__Escherichia.s__Escherichia_coli","P105.PWY..TCA.cycle.IV..2.oxoglutarate.decarboxylase.",0.806190333896646,9.3816861462042e-219,4.7883390271705e-217,"P105 PWY  TCA cycle IV  2 oxoglutarate decarboxylase "
"UNINTEGRATED.g__Escherichia.s__Escherichia_coli","GLYOXYLATE.BYPASS..glyoxylate.cycle.unclassified",0.739600765222376,1.53463166683136e-165,5.27594784930835e-164,"GLYOXYLATE BYPASS  glyoxylate cycle unclassified"
"UNINTEGRATED.g__Escherichia.s__Escherichia_coli","FERMENTATION.PWY..mixed.acid.fermentation.unclassified",0.737952105068033,1.96486503855057e-164,6.72966275703569e-163,"FERMENTATION PWY  mixed acid fermentation unclassified"
"UNINTEGRATED.g__Escherichia.s__Escherichia_coli","POLYAMSYN.PWY..superpathway.of.polyamine.biosynthesis.I.unclassified",0.710058788021221,6.897516864258e-147,2.17438849106652e-145,"POLYAMSYN PWY  superpathway of polyamine biosynthesis I unclassified"
"UNINTEGRATED.g__Faecalibacterium.s__Faecalibacterium_prausnitzii","GLYCOGENSYNTH.PWY..glycogen.biosynthesis.I..from.ADP.D.Glucose..g__Faecalibacterium.s__Faecalibacterium_prausnitzii",0.866768911917213,2.69509236933179e-289,2.68345781757347e-287,"GLYCOGENSYNTH PWY  glycogen biosynthesis I  from ADP D Glucose "
"UNINTEGRATED.g__Faecalibacterium.s__Faecalibacterium_prausnitzii","PWY.6507..4.deoxy.L.threo.hex.4.enopyranuronate.degradation.g__Faecalibacterium.s__Faecalibacterium_prausnitzii",0.733998784575459,8.21814078755261e-162,2.78332236598506e-160,"PWY 6507  4 deoxy L threo hex 4 enopyranuronate degradation"
"UNINTEGRATED.g__Faecalibacterium.s__Faecalibacterium_prausnitzii","PWY.7111..pyruvate.fermentation.to.isobutanol..engineered..g__Faecalibacterium.s__Faecalibacterium_prausnitzii",0.928513182123522,0,0,"PWY 7111  pyruvate fermentation to isobutanol  engineered "
"UNINTEGRATED.g__Faecalibacterium.s__Faecalibacterium_prausnitzii","ARGSYN.PWY..L.arginine.biosynthesis.I..via.L.ornithine..g__Faecalibacterium.s__Faecalibacterium_prausnitzii",0.85755000310709,1.64416459140354e-276,1.44726198164077e-274,"ARGSYN PWY  L arginine biosynthesis I  via L ornithine "
"UNINTEGRATED.g__Faecalibacterium.s__Faecalibacterium_prausnitzii","GALACTUROCAT.PWY..D.galacturonate.degradation.I.g__Faecalibacterium.s__Faecalibacterium_prausnitzii",0.74417653718214,1.16965426982184e-168,4.11433792479223e-167,"GALACTUROCAT PWY  D galacturonate degradation I"
"UNINTEGRATED.g__Faecalibacterium.s__Faecalibacterium_prausnitzii","PWY.7400..L.arginine.biosynthesis.IV..archaebacteria..g__Faecalibacterium.s__Faecalibacterium_prausnitzii",0.857713204982923,9.94280922449161e-277,8.79455955725542e-275,"PWY 7400  L arginine biosynthesis IV  archaebacteria "
"UNINTEGRATED.g__Faecalibacterium.s__Faecalibacterium_prausnitzii","PWY.5177..glutaryl.CoA.degradation.g__Faecalibacterium.s__Faecalibacterium_prausnitzii",0.901131422875803,0,0,"PWY 5177  glutaryl CoA degradation"
"UNINTEGRATED.g__Faecalibacterium.s__Faecalibacterium_prausnitzii","RIBOSYN2.PWY..flavin.biosynthesis.I..bacteria.and.plants..g__Faecalibacterium.s__Faecalibacterium_prausnitzii",0.823045900140316,1.28820040601187e-235,7.49913725173874e-234,"RIBOSYN2 PWY  flavin biosynthesis I  bacteria and plants "
"UNINTEGRATED.g__Faecalibacterium.s__Faecalibacterium_prausnitzii","PWY66.422..D.galactose.degradation.V..Leloir.pathway..g__Faecalibacterium.s__Faecalibacterium_prausnitzii",0.850296383051118,4.55172289365955e-267,3.55952544400732e-265,"PWY66 422  D galactose degradation V  Leloir pathway "
"UNINTEGRATED.g__Faecalibacterium.s__Faecalibacterium_prausnitzii","VALSYN.PWY..L.valine.biosynthesis.g__Faecalibacterium.s__Faecalibacterium_prausnitzii",0.904624433598337,0,0,"VALSYN PWY  L valine biosynthesis"
"UNINTEGRATED.g__Faecalibacterium.s__Faecalibacterium_prausnitzii","PWY.7220..adenosine.deoxyribonucleotides.de.novo.biosynthesis.II.g__Faecalibacterium.s__Faecalibacterium_prausnitzii",0.897060196709903,0,0,"PWY 7220  adenosine deoxyribonucleotides de novo biosynthesis II"
"UNINTEGRATED.g__Faecalibacterium.s__Faecalibacterium_prausnitzii","PWY.7222..guanosine.deoxyribonucleotides.de.novo.biosynthesis.II.g__Faecalibacterium.s__Faecalibacterium_prausnitzii",0.897060196709903,0,0,"PWY 7222  guanosine deoxyribonucleotides de novo biosynthesis II"
"UNINTEGRATED.g__Faecalibacterium.s__Faecalibacterium_prausnitzii","PWY.6737..starch.degradation.V.g__Faecalibacterium.s__Faecalibacterium_prausnitzii",0.877912573033066,4.30402345216929e-306,4.81126449828077e-304,"PWY 6737  starch degradation V"
"UNINTEGRATED.g__Faecalibacterium.s__Faecalibacterium_prausnitzii","DTDPRHAMSYN.PWY..dTDP.L.rhamnose.biosynthesis.I.g__Faecalibacterium.s__Faecalibacterium_prausnitzii",0.918723255690593,0,0,"DTDPRHAMSYN PWY  dTDP L rhamnose biosynthesis I"
"UNINTEGRATED.g__Faecalibacterium.s__Faecalibacterium_prausnitzii","PWY.6151..S.adenosyl.L.methionine.cycle.I.g__Faecalibacterium.s__Faecalibacterium_prausnitzii",0.840351355280936,6.60168290311696e-255,4.5392175161394e-253,"PWY 6151  S adenosyl L methionine cycle I"
"UNINTEGRATED.g__Faecalibacterium.s__Faecalibacterium_prausnitzii","PWY.6700..queuosine.biosynthesis.g__Faecalibacterium.s__Faecalibacterium_prausnitzii",0.815246053826673,1.34223037165521e-227,7.23573361003834e-226,"PWY 6700  queuosine biosynthesis"
"UNINTEGRATED.g__Faecalibacterium.s__Faecalibacterium_prausnitzii","PWY0.1296..purine.ribonucleosides.degradation.g__Faecalibacterium.s__Faecalibacterium_prausnitzii",0.835922479358474,9.32670111315476e-250,6.04775163639832e-248,"PWY0 1296  purine ribonucleosides degradation"
"UNINTEGRATED.g__Faecalibacterium.s__Faecalibacterium_prausnitzii","PWY.7242..D.fructuronate.degradation.g__Faecalibacterium.s__Faecalibacterium_prausnitzii",0.726645014755917,4.65599219815945e-157,1.5396884544948e-155,"PWY 7242  D fructuronate degradation"
"UNINTEGRATED.g__Faecalibacterium.s__Faecalibacterium_prausnitzii","PWY.7219..adenosine.ribonucleotides.de.novo.biosynthesis.g__Faecalibacterium.s__Faecalibacterium_prausnitzii",0.919934439482483,0,0,"PWY 7219  adenosine ribonucleotides de novo biosynthesis"
"UNINTEGRATED.g__Faecalibacterium.s__Faecalibacterium_prausnitzii","PWY.6124..inosine.5..phosphate.biosynthesis.II.g__Faecalibacterium.s__Faecalibacterium_prausnitzii",0.856167500667657,1.13626653383335e-274,9.85900595856072e-273,"PWY 6124  inosine 5  phosphate biosynthesis II"
"UNINTEGRATED.g__Faecalibacterium.s__Faecalibacterium_prausnitzii","PWY.5686..UMP.biosynthesis.g__Faecalibacterium.s__Faecalibacterium_prausnitzii",0.851408326532002,1.75218184794183e-268,1.40645398464088e-266,"PWY 5686  UMP biosynthesis"
"UNINTEGRATED.g__Faecalibacterium.s__Faecalibacterium_prausnitzii","COA.PWY..coenzyme.A.biosynthesis.I.g__Faecalibacterium.s__Faecalibacterium_prausnitzii",0.838497276982964,9.87686063232174e-253,6.54422827569216e-251,"COA PWY  coenzyme A biosynthesis I"
"UNINTEGRATED.g__Faecalibacterium.s__Faecalibacterium_prausnitzii","PWY.6609..adenine.and.adenosine.salvage.III.g__Faecalibacterium.s__Faecalibacterium_prausnitzii",0.830341498669322,1.75664732145029e-243,1.09992683313215e-241,"PWY 6609  adenine and adenosine salvage III"
"UNINTEGRATED.g__Faecalibacterium.s__Faecalibacterium_prausnitzii","PWY.6121..5.aminoimidazole.ribonucleotide.biosynthesis.I.g__Faecalibacterium.s__Faecalibacterium_prausnitzii",0.894885606149279,0,0,"PWY 6121  5 aminoimidazole ribonucleotide biosynthesis I"
"UNINTEGRATED.g__Faecalibacterium.s__Faecalibacterium_prausnitzii","ARGSYNBSUB.PWY..L.arginine.biosynthesis.II..acetyl.cycle..g__Faecalibacterium.s__Faecalibacterium_prausnitzii",0.892772663026667,0,0,"ARGSYNBSUB PWY  L arginine biosynthesis II  acetyl cycle "
"UNINTEGRATED.g__Faecalibacterium.s__Faecalibacterium_prausnitzii","PWY.6305..putrescine.biosynthesis.IV.g__Faecalibacterium.s__Faecalibacterium_prausnitzii",0.870205384777122,2.61538624352926e-294,2.70766776950833e-292,"PWY 6305  putrescine biosynthesis IV"
"UNINTEGRATED.g__Faecalibacterium.s__Faecalibacterium_prausnitzii","PWY.5667..CDP.diacylglycerol.biosynthesis.I.g__Faecalibacterium.s__Faecalibacterium_prausnitzii",0.779930671979987,1.50609279719683e-195,6.32316056629571e-194,"PWY 5667  CDP diacylglycerol biosynthesis I"
"UNINTEGRATED.g__Faecalibacterium.s__Faecalibacterium_prausnitzii","PWY0.1319..CDP.diacylglycerol.biosynthesis.II.g__Faecalibacterium.s__Faecalibacterium_prausnitzii",0.779930671979987,1.50609279719683e-195,6.32316056629571e-194,"PWY0 1319  CDP diacylglycerol biosynthesis II"
"UNINTEGRATED.g__Faecalibacterium.s__Faecalibacterium_prausnitzii","GLUTORN.PWY..L.ornithine.biosynthesis.g__Faecalibacterium.s__Faecalibacterium_prausnitzii",0.866155709711663,2.04355638778156e-288,2.02367613813955e-286,"GLUTORN PWY  L ornithine biosynthesis"
"UNINTEGRATED.g__Faecalibacterium.s__Faecalibacterium_prausnitzii","PWY.6122..5.aminoimidazole.ribonucleotide.biosynthesis.II.g__Faecalibacterium.s__Faecalibacterium_prausnitzii",0.90499883244254,0,0,"PWY 6122  5 aminoimidazole ribonucleotide biosynthesis II"
"UNINTEGRATED.g__Faecalibacterium.s__Faecalibacterium_prausnitzii","PWY.6277..superpathway.of.5.aminoimidazole.ribonucleotide.biosynthesis.g__Faecalibacterium.s__Faecalibacterium_prausnitzii",0.90499883244254,0,0,"PWY 6277  superpathway of 5 aminoimidazole ribonucleotide biosynthesis"
"UNINTEGRATED.g__Faecalibacterium.s__Faecalibacterium_prausnitzii","PWY.6168..flavin.biosynthesis.III..fungi..g__Faecalibacterium.s__Faecalibacterium_prausnitzii",0.782687488599206,7.85348712304289e-198,3.36702091456387e-196,"PWY 6168  flavin biosynthesis III  fungi "
"UNINTEGRATED.g__Faecalibacterium.s__Faecalibacterium_prausnitzii","PWY.7221..guanosine.ribonucleotides.de.novo.biosynthesis.g__Faecalibacterium.s__Faecalibacterium_prausnitzii",0.839470935954904,7.17635954281214e-254,4.84297952702148e-252,"PWY 7221  guanosine ribonucleotides de novo biosynthesis"
"UNINTEGRATED.g__Faecalibacterium.s__Faecalibacterium_prausnitzii","HISTSYN.PWY..L.histidine.biosynthesis.g__Faecalibacterium.s__Faecalibacterium_prausnitzii",0.795178063947941,1.30958763783207e-208,6.19792112959431e-207,"HISTSYN PWY  L histidine biosynthesis"
"UNINTEGRATED.g__Faecalibacterium.s__Faecalibacterium_prausnitzii","PWY.1042..glycolysis.IV..plant.cytosol..g__Faecalibacterium.s__Faecalibacterium_prausnitzii",0.872888083641816,2.53196101925822e-298,2.68225940301768e-296,"PWY 1042  glycolysis IV  plant cytosol "
"UNINTEGRATED.g__Faecalibacterium.s__Faecalibacterium_prausnitzii","COA.PWY.1..coenzyme.A.biosynthesis.II..mammalian..g__Faecalibacterium.s__Faecalibacterium_prausnitzii",0.845429315947989,5.216309364652e-261,3.84803129284713e-259,"COA PWY 1  coenzyme A biosynthesis II  mammalian "
"UNINTEGRATED.g__Faecalibacterium.s__Faecalibacterium_prausnitzii","PWY.7357..thiamin.formation.from.pyrithiamine.and.oxythiamine..yeast..g__Faecalibacterium.s__Faecalibacterium_prausnitzii",0.79258499041647,2.6038647264213e-206,1.19508864433558e-204,"PWY 7357  thiamin formation from pyrithiamine and oxythiamine  yeast "
"UNINTEGRATED.g__Faecalibacterium.s__Faecalibacterium_prausnitzii","TRNA.CHARGING.PWY..tRNA.charging.g__Faecalibacterium.s__Faecalibacterium_prausnitzii",0.877879078606004,4.86182325295484e-306,5.40166350561525e-304,"TRNA CHARGING PWY  tRNA charging"
"UNINTEGRATED.g__Faecalibacterium.s__Faecalibacterium_prausnitzii","PWY.6123..inosine.5..phosphate.biosynthesis.I.g__Faecalibacterium.s__Faecalibacterium_prausnitzii",0.821439574801445,6.21096574564978e-234,3.55880524690203e-232,"PWY 6123  inosine 5  phosphate biosynthesis I"
"UNINTEGRATED.g__Faecalibacterium.s__Faecalibacterium_prausnitzii","PWY.6387..UDP.N.acetylmuramoyl.pentapeptide.biosynthesis.I..meso.diaminopimelate.containing..g__Faecalibacterium.s__Faecalibacterium_prausnitzii",0.762887561899158,3.89204223490997e-182,1.48672749606488e-180,"PWY 6387  UDP N acetylmuramoyl pentapeptide biosynthesis I  meso diaminopimelate containing "
"UNINTEGRATED.g__Faecalibacterium.s__Faecalibacterium_prausnitzii","PWY.6386..UDP.N.acetylmuramoyl.pentapeptide.biosynthesis.II..lysine.containing..g__Faecalibacterium.s__Faecalibacterium_prausnitzii",0.762377086681274,9.42679707796382e-182,3.58592212019997e-180,"PWY 6386  UDP N acetylmuramoyl pentapeptide biosynthesis II  lysine containing "
"UNINTEGRATED.g__Faecalibacterium.s__Faecalibacterium_prausnitzii","PWY.4242..pantothenate.and.coenzyme.A.biosynthesis.III.g__Faecalibacterium.s__Faecalibacterium_prausnitzii",0.728276237763701,4.23774060414276e-158,1.40904875087747e-156,"PWY 4242  pantothenate and coenzyme A biosynthesis III"
"UNINTEGRATED.g__Faecalibacterium.s__Faecalibacterium_prausnitzii","PWY.5097..L.lysine.biosynthesis.VI.g__Faecalibacterium.s__Faecalibacterium_prausnitzii",0.731588534936841,3.09057880947991e-160,1.03517346484436e-158,"PWY 5097  L lysine biosynthesis VI"
"UNINTEGRATED.g__Lachnospira.s__Lachnospira_pectinoschiza","PWY.6122..5.aminoimidazole.ribonucleotide.biosynthesis.II.g__Lachnospira.s__Lachnospira_pectinoschiza",0.968031435903205,0,0,"PWY 6122  5 aminoimidazole ribonucleotide biosynthesis II"
"UNINTEGRATED.g__Lachnospira.s__Lachnospira_pectinoschiza","PWY.6277..superpathway.of.5.aminoimidazole.ribonucleotide.biosynthesis.g__Lachnospira.s__Lachnospira_pectinoschiza",0.968031435903205,0,0,"PWY 6277  superpathway of 5 aminoimidazole ribonucleotide biosynthesis"
"UNINTEGRATED.g__Lachnospira.s__Lachnospira_pectinoschiza","PWY.6121..5.aminoimidazole.ribonucleotide.biosynthesis.I.g__Lachnospira.s__Lachnospira_pectinoschiza",0.938047254218002,0,0,"PWY 6121  5 aminoimidazole ribonucleotide biosynthesis I"
"UNINTEGRATED.g__Lachnospira.s__Lachnospira_pectinoschiza","VALSYN.PWY..L.valine.biosynthesis.g__Lachnospira.s__Lachnospira_pectinoschiza",0.934006967274335,0,0,"VALSYN PWY  L valine biosynthesis"
"UNINTEGRATED.g__Lachnospira.s__Lachnospira_pectinoschiza","PWY.7111..pyruvate.fermentation.to.isobutanol..engineered..g__Lachnospira.s__Lachnospira_pectinoschiza",0.934032014420433,0,0,"PWY 7111  pyruvate fermentation to isobutanol  engineered "
"UNINTEGRATED.g__Lachnospira.s__Lachnospira_pectinoschiza","DTDPRHAMSYN.PWY..dTDP.L.rhamnose.biosynthesis.I.g__Lachnospira.s__Lachnospira_pectinoschiza",0.921799388587195,0,0,"DTDPRHAMSYN PWY  dTDP L rhamnose biosynthesis I"
"UNINTEGRATED.g__Lachnospira.s__Lachnospira_pectinoschiza","PWY.7221..guanosine.ribonucleotides.de.novo.biosynthesis.g__Lachnospira.s__Lachnospira_pectinoschiza",0.905230180605569,0,0,"PWY 7221  guanosine ribonucleotides de novo biosynthesis"
"UNINTEGRATED.g__Lachnospira.s__Lachnospira_pectinoschiza","HSERMETANA.PWY..L.methionine.biosynthesis.III.g__Lachnospira.s__Lachnospira_pectinoschiza",0.824033891864097,1.16471965224029e-236,6.84592154305497e-235,"HSERMETANA PWY  L methionine biosynthesis III"
"UNINTEGRATED.g__Lachnospira.s__Lachnospira_pectinoschiza","PWY.6936..seleno.amino.acid.biosynthesis.g__Lachnospira.s__Lachnospira_pectinoschiza",0.879711874347334,5.85680245181264e-309,6.79724824678205e-307,"PWY 6936  seleno amino acid biosynthesis"
"UNINTEGRATED.g__Lachnospira.s__Lachnospira_pectinoschiza","ARGSYNBSUB.PWY..L.arginine.biosynthesis.II..acetyl.cycle..g__Lachnospira.s__Lachnospira_pectinoschiza",0.873608871677628,2.03882478066904e-299,2.18526037226885e-297,"ARGSYNBSUB PWY  L arginine biosynthesis II  acetyl cycle "
"UNINTEGRATED.g__Lachnospira.s__Lachnospira_pectinoschiza","RIBOSYN2.PWY..flavin.biosynthesis.I..bacteria.and.plants..g__Lachnospira.s__Lachnospira_pectinoschiza",0.813962304460976,2.57633265156503e-226,1.3806869777696e-224,"RIBOSYN2 PWY  flavin biosynthesis I  bacteria and plants "
"UNINTEGRATED.g__Lachnospira.s__Lachnospira_pectinoschiza","NONOXIPENT.PWY..pentose.phosphate.pathway..non.oxidative.branch..g__Lachnospira.s__Lachnospira_pectinoschiza",0.823874913272041,1.71638699254021e-236,1.00560409617605e-234,"NONOXIPENT PWY  pentose phosphate pathway  non oxidative branch "
"UNINTEGRATED.g__Lachnospira.s__Lachnospira_pectinoschiza","PWY.5695..urate.biosynthesis.inosine.5..phosphate.degradation.g__Lachnospira.s__Lachnospira_pectinoschiza",0.847529517692532,1.34518296951714e-263,1.01283383832941e-261,"PWY 5695  urate biosynthesis inosine 5  phosphate degradation"
"UNINTEGRATED.g__Lachnospira.s__Lachnospira_pectinoschiza","PWY.6163..chorismate.biosynthesis.from.3.dehydroquinate.g__Lachnospira.s__Lachnospira_pectinoschiza",0.786544189544031,4.41355435013455e-201,1.96144814180004e-199,"PWY 6163  chorismate biosynthesis from 3 dehydroquinate"
"UNINTEGRATED.g__Lachnospira.s__Lachnospira_pectinoschiza","GLUTORN.PWY..L.ornithine.biosynthesis.g__Lachnospira.s__Lachnospira_pectinoschiza",0.858087889731414,3.12594751546382e-277,2.81969750887457e-275,"GLUTORN PWY  L ornithine biosynthesis"
"UNINTEGRATED.g__Lachnospira.s__Lachnospira_pectinoschiza","PWY.5686..UMP.biosynthesis.g__Lachnospira.s__Lachnospira_pectinoschiza",0.863058355406816,4.88333457773676e-284,4.61032328191407e-282,"PWY 5686  UMP biosynthesis"
"UNINTEGRATED.g__Lachnospira.s__Lachnospira_pectinoschiza","PWY.6151..S.adenosyl.L.methionine.cycle.I.g__Lachnospira.s__Lachnospira_pectinoschiza",0.836737341999185,1.08091327057944e-250,7.03404310829573e-249,"PWY 6151  S adenosyl L methionine cycle I"
"UNINTEGRATED.g__Lachnospira.s__Lachnospira_pectinoschiza","PWY.5667..CDP.diacylglycerol.biosynthesis.I.g__Lachnospira.s__Lachnospira_pectinoschiza",0.799696290850691,1.07568055791895e-212,5.18517868937596e-211,"PWY 5667  CDP diacylglycerol biosynthesis I"
"UNINTEGRATED.g__Lachnospira.s__Lachnospira_pectinoschiza","PWY0.1319..CDP.diacylglycerol.biosynthesis.II.g__Lachnospira.s__Lachnospira_pectinoschiza",0.799696290850691,1.07568055791895e-212,5.18517868937596e-211,"PWY0 1319  CDP diacylglycerol biosynthesis II"
"UNINTEGRATED.g__Lachnospira.s__Lachnospira_pectinoschiza","COA.PWY..coenzyme.A.biosynthesis.I.g__Lachnospira.s__Lachnospira_pectinoschiza",0.848665984801646,5.148463754186e-265,3.92511121610975e-263,"COA PWY  coenzyme A biosynthesis I"
"UNINTEGRATED.g__Lachnospira.s__Lachnospira_pectinoschiza","PWY.5097..L.lysine.biosynthesis.VI.g__Lachnospira.s__Lachnospira_pectinoschiza",0.864997271884712,9.13376889346856e-287,8.85246824510057e-285,"PWY 5097  L lysine biosynthesis VI"
"UNINTEGRATED.g__Lachnospira.s__Lachnospira_pectinoschiza","COA.PWY.1..coenzyme.A.biosynthesis.II..mammalian..g__Lachnospira.s__Lachnospira_pectinoschiza",0.834968281701979,1.14600914757991e-248,7.37859811945354e-247,"COA PWY 1  coenzyme A biosynthesis II  mammalian "
"UNINTEGRATED.g__Lachnospira.s__Lachnospira_pectinoschiza","PWY.7400..L.arginine.biosynthesis.IV..archaebacteria..g__Lachnospira.s__Lachnospira_pectinoschiza",0.805556025871987,3.75157997932017e-218,1.90942845818974e-216,"PWY 7400  L arginine biosynthesis IV  archaebacteria "
"UNINTEGRATED.g__Lachnospira.s__Lachnospira_pectinoschiza","ARGSYN.PWY..L.arginine.biosynthesis.I..via.L.ornithine..g__Lachnospira.s__Lachnospira_pectinoschiza",0.80555256343676,3.78001756229074e-218,1.91854317555709e-216,"ARGSYN PWY  L arginine biosynthesis I  via L ornithine "
"UNINTEGRATED.g__Lachnospira.s__Lachnospira_pectinoschiza","PWY.6703..preQ0.biosynthesis.g__Lachnospira.s__Lachnospira_pectinoschiza",0.784251068842325,3.8496172811126e-199,1.67808316935772e-197,"PWY 6703  preQ0 biosynthesis"
"UNINTEGRATED.g__Lachnospira.s__Lachnospira_pectinoschiza","PWY.2942..L.lysine.biosynthesis.III.g__Lachnospira.s__Lachnospira_pectinoschiza",0.875717955361146,1.17226453842765e-302,1.27141858063632e-300,"PWY 2942  L lysine biosynthesis III"
"UNINTEGRATED.g__Lachnospira.s__Lachnospira_pectinoschiza","PWY.7357..thiamin.formation.from.pyrithiamine.and.oxythiamine..yeast..g__Lachnospira.s__Lachnospira_pectinoschiza",0.837575996357938,1.1617645776721e-251,7.6145727948789e-250,"PWY 7357  thiamin formation from pyrithiamine and oxythiamine  yeast "
"UNINTEGRATED.g__Lachnospira.s__Lachnospira_pectinoschiza","PWY.6387..UDP.N.acetylmuramoyl.pentapeptide.biosynthesis.I..meso.diaminopimelate.containing..g__Lachnospira.s__Lachnospira_pectinoschiza",0.839987745764323,1.77167317708668e-254,1.20905082246054e-252,"PWY 6387  UDP N acetylmuramoyl pentapeptide biosynthesis I  meso diaminopimelate containing "
"UNINTEGRATED.g__Lachnospira.s__Lachnospira_pectinoschiza","PWY.6609..adenine.and.adenosine.salvage.III.g__Lachnospira.s__Lachnospira_pectinoschiza",0.829635749087041,1.05158697604556e-242,6.49524281034787e-241,"PWY 6609  adenine and adenosine salvage III"
"UNINTEGRATED.g__Lachnospira.s__Lachnospira_pectinoschiza","PWY0.1586..peptidoglycan.maturation..meso.diaminopimelate.containing..g__Lachnospira.s__Lachnospira_pectinoschiza",0.853449514757216,4.13453345771632e-271,3.39348351950672e-269,"PWY0 1586  peptidoglycan maturation  meso diaminopimelate containing "
"UNINTEGRATED.g__Lachnospira.s__Lachnospira_pectinoschiza","PWY.6700..queuosine.biosynthesis.g__Lachnospira.s__Lachnospira_pectinoschiza",0.852762162057195,3.20287258212477e-270,2.617019790085e-268,"PWY 6700  queuosine biosynthesis"
"UNINTEGRATED.g__Lachnospira.s__Lachnospira_pectinoschiza","PWY.6385..peptidoglycan.biosynthesis.III..mycobacteria..g__Lachnospira.s__Lachnospira_pectinoschiza",0.834312919188325,6.35945419149392e-248,4.08012728250742e-246,"PWY 6385  peptidoglycan biosynthesis III  mycobacteria "
"UNINTEGRATED.g__Lachnospira.s__Lachnospira_pectinoschiza","TRPSYN.PWY..L.tryptophan.biosynthesis.g__Lachnospira.s__Lachnospira_pectinoschiza",0.787174352114285,1.28022103981544e-201,5.7173793055091e-200,"TRPSYN PWY  L tryptophan biosynthesis"
"UNINTEGRATED.g__Lachnospira.s__Lachnospira_pectinoschiza","PWY.6386..UDP.N.acetylmuramoyl.pentapeptide.biosynthesis.II..lysine.containing..g__Lachnospira.s__Lachnospira_pectinoschiza",0.806603899341444,3.78984045301715e-219,1.93973828355128e-217,"PWY 6386  UDP N acetylmuramoyl pentapeptide biosynthesis II  lysine containing "
"UNINTEGRATED.g__Lachnospira.s__Lachnospira_pectinoschiza","PEPTIDOGLYCANSYN.PWY..peptidoglycan.biosynthesis.I..meso.diaminopimelate.containing..g__Lachnospira.s__Lachnospira_pectinoschiza",0.795221818615156,1.19692164661202e-208,5.67945555284315e-207,"PEPTIDOGLYCANSYN PWY  peptidoglycan biosynthesis I  meso diaminopimelate containing "
"UNINTEGRATED.g__Lachnospira.s__Lachnospira_pectinoschiza","PWY.6168..flavin.biosynthesis.III..fungi..g__Lachnospira.s__Lachnospira_pectinoschiza",0.78479009768167,1.35328890162282e-199,5.91325589363775e-198,"PWY 6168  flavin biosynthesis III  fungi "
"UNINTEGRATED.g__Lachnospira.s__Lachnospira_pectinoschiza","GLYCOGENSYNTH.PWY..glycogen.biosynthesis.I..from.ADP.D.Glucose..g__Lachnospira.s__Lachnospira_pectinoschiza",0.818743843386608,3.80308334050796e-231,2.12564360574833e-229,"GLYCOGENSYNTH PWY  glycogen biosynthesis I  from ADP D Glucose "
"UNINTEGRATED.g__Lachnospira.s__Lachnospira_pectinoschiza","PWY.724..superpathway.of.L.lysine..L.threonine.and.L.methionine.biosynthesis.II.g__Lachnospira.s__Lachnospira_pectinoschiza",0.800526067716122,1.86198162431407e-213,9.12020623027598e-212,"PWY 724  superpathway of L lysine  L threonine and L methionine biosynthesis II"
"UNINTEGRATED.g__Eubacterium.s__Eubacterium_eligens","PWY.6121..5.aminoimidazole.ribonucleotide.biosynthesis.I.g__Eubacterium.s__Eubacterium_eligens_CAG_72",0.931528394427577,0,0,"PWY 6121  5 aminoimidazole ribonucleotide biosynthesis I"
"UNINTEGRATED.g__Eubacterium.s__Eubacterium_eligens","VALSYN.PWY..L.valine.biosynthesis.g__Eubacterium.s__Eubacterium_eligens_CAG_72",0.906030047172908,0,0,"VALSYN PWY  L valine biosynthesis"
"UNINTEGRATED.g__Eubacterium.s__Eubacterium_eligens","DTDPRHAMSYN.PWY..dTDP.L.rhamnose.biosynthesis.I.g__Eubacterium.s__Eubacterium_eligens_CAG_72",0.922973068649739,0,0,"DTDPRHAMSYN PWY  dTDP L rhamnose biosynthesis I"
"UNINTEGRATED.g__Eubacterium.s__Eubacterium_eligens","PWY.7111..pyruvate.fermentation.to.isobutanol..engineered..g__Eubacterium.s__Eubacterium_eligens_CAG_72",0.909140596987004,0,0,"PWY 7111  pyruvate fermentation to isobutanol  engineered "
"UNINTEGRATED.g__Eubacterium.s__Eubacterium_eligens","PWY.7221..guanosine.ribonucleotides.de.novo.biosynthesis.g__Eubacterium.s__Eubacterium_eligens_CAG_72",0.911905238945941,0,0,"PWY 7221  guanosine ribonucleotides de novo biosynthesis"
"UNINTEGRATED.g__Eubacterium.s__Eubacterium_eligens","COA.PWY..coenzyme.A.biosynthesis.I.g__Eubacterium.s__Eubacterium_eligens_CAG_72",0.851630191697167,9.1188510191874e-269,7.35197276197405e-267,"COA PWY  coenzyme A biosynthesis I"
"UNINTEGRATED.g__Eubacterium.s__Eubacterium_eligens","PWY.6703..preQ0.biosynthesis.g__Eubacterium.s__Eubacterium_eligens",0.844442922675114,8.31443977825925e-260,6.05989628798647e-258,"PWY 6703  preQ0 biosynthesis"
"UNINTEGRATED.g__Eubacterium.s__Eubacterium_eligens","PWY.6122..5.aminoimidazole.ribonucleotide.biosynthesis.II.g__Eubacterium.s__Eubacterium_eligens_CAG_72",0.951792696236239,0,0,"PWY 6122  5 aminoimidazole ribonucleotide biosynthesis II"
"UNINTEGRATED.g__Eubacterium.s__Eubacterium_eligens","PWY.6277..superpathway.of.5.aminoimidazole.ribonucleotide.biosynthesis.g__Eubacterium.s__Eubacterium_eligens_CAG_72",0.951792696236239,0,0,"PWY 6277  superpathway of 5 aminoimidazole ribonucleotide biosynthesis"
"UNINTEGRATED.g__Eubacterium.s__Eubacterium_eligens","DTDPRHAMSYN.PWY..dTDP.L.rhamnose.biosynthesis.I.g__Eubacterium.s__Eubacterium_eligens",0.929978597923911,0,0,"DTDPRHAMSYN PWY  dTDP L rhamnose biosynthesis I"
"UNINTEGRATED.g__Eubacterium.s__Eubacterium_eligens","PWY.6151..S.adenosyl.L.methionine.cycle.I.g__Eubacterium.s__Eubacterium_eligens",0.904696692829725,0,0,"PWY 6151  S adenosyl L methionine cycle I"
"UNINTEGRATED.g__Eubacterium.s__Eubacterium_eligens","PWY.6151..S.adenosyl.L.methionine.cycle.I.g__Eubacterium.s__Eubacterium_eligens_CAG_72",0.909104298124564,0,0,"PWY 6151  S adenosyl L methionine cycle I"
"UNINTEGRATED.g__Eubacterium.s__Eubacterium_eligens","VALSYN.PWY..L.valine.biosynthesis.g__Eubacterium.s__Eubacterium_eligens",0.909002652284548,0,0,"VALSYN PWY  L valine biosynthesis"
"UNINTEGRATED.g__Eubacterium.s__Eubacterium_eligens","ARGSYNBSUB.PWY..L.arginine.biosynthesis.II..acetyl.cycle..g__Eubacterium.s__Eubacterium_eligens_CAG_72",0.883538547210412,3.2813342003244e-315,3.90779022642151e-313,"ARGSYNBSUB PWY  L arginine biosynthesis II  acetyl cycle "
"UNINTEGRATED.g__Eubacterium.s__Eubacterium_eligens","PWY.6892..thiazole.biosynthesis.I..E..coli..g__Eubacterium.s__Eubacterium_eligens",0.851141498417124,3.83784379844537e-268,3.04040660223796e-266,"PWY 6892  thiazole biosynthesis I  E  coli "
"UNINTEGRATED.g__Eubacterium.s__Eubacterium_eligens","PWY0.1296..purine.ribonucleosides.degradation.g__Eubacterium.s__Eubacterium_eligens",0.805019222135114,1.20749265302828e-217,6.11158989745229e-216,"PWY0 1296  purine ribonucleosides degradation"
"UNINTEGRATED.g__Eubacterium.s__Eubacterium_eligens","PWY.7221..guanosine.ribonucleotides.de.novo.biosynthesis.g__Eubacterium.s__Eubacterium_eligens",0.926448716586306,0,0,"PWY 7221  guanosine ribonucleotides de novo biosynthesis"
"UNINTEGRATED.g__Eubacterium.s__Eubacterium_eligens","PWY.5686..UMP.biosynthesis.g__Eubacterium.s__Eubacterium_eligens_CAG_72",0.848697828103472,4.69681215847227e-265,3.59582413191274e-263,"PWY 5686  UMP biosynthesis"
"UNINTEGRATED.g__Eubacterium.s__Eubacterium_eligens","TRPSYN.PWY..L.tryptophan.biosynthesis.g__Eubacterium.s__Eubacterium_eligens_CAG_72",0.78386630481251,8.104142636077e-199,3.5074960325881e-197,"TRPSYN PWY  L tryptophan biosynthesis"
"UNINTEGRATED.g__Eubacterium.s__Eubacterium_eligens","PWY.6122..5.aminoimidazole.ribonucleotide.biosynthesis.II.g__Eubacterium.s__Eubacterium_eligens",0.947573064416415,0,0,"PWY 6122  5 aminoimidazole ribonucleotide biosynthesis II"
"UNINTEGRATED.g__Eubacterium.s__Eubacterium_eligens","PWY.6277..superpathway.of.5.aminoimidazole.ribonucleotide.biosynthesis.g__Eubacterium.s__Eubacterium_eligens",0.947573064416415,0,0,"PWY 6277  superpathway of 5 aminoimidazole ribonucleotide biosynthesis"
"UNINTEGRATED.g__Eubacterium.s__Eubacterium_eligens","PWY.7111..pyruvate.fermentation.to.isobutanol..engineered..g__Eubacterium.s__Eubacterium_eligens",0.866902191004197,1.73287502985966e-289,1.73487450104796e-287,"PWY 7111  pyruvate fermentation to isobutanol  engineered "
"UNINTEGRATED.g__Eubacterium.s__Eubacterium_eligens","COA.PWY..coenzyme.A.biosynthesis.I.g__Eubacterium.s__Eubacterium_eligens",0.863860819173812,3.67075949655556e-285,3.53888406279041e-283,"COA PWY  coenzyme A biosynthesis I"
"UNINTEGRATED.g__Eubacterium.s__Eubacterium_eligens","NONOXIPENT.PWY..pentose.phosphate.pathway..non.oxidative.branch..g__Eubacterium.s__Eubacterium_eligens_CAG_72",0.747250582094256,8.62348193315536e-171,3.05697401369696e-169,"NONOXIPENT PWY  pentose phosphate pathway  non oxidative branch "
"UNINTEGRATED.g__Eubacterium.s__Eubacterium_eligens","PWY.6703..preQ0.biosynthesis.g__Eubacterium.s__Eubacterium_eligens_CAG_72",0.828804957396781,8.55316680879379e-242,5.22977357124267e-240,"PWY 6703  preQ0 biosynthesis"
"UNINTEGRATED.g__Eubacterium.s__Eubacterium_eligens","COA.PWY.1..coenzyme.A.biosynthesis.II..mammalian..g__Eubacterium.s__Eubacterium_eligens",0.846113093148431,7.56557245549696e-262,5.6266243147596e-260,"COA PWY 1  coenzyme A biosynthesis II  mammalian "
"UNINTEGRATED.g__Eubacterium.s__Eubacterium_eligens","PWY.6121..5.aminoimidazole.ribonucleotide.biosynthesis.I.g__Eubacterium.s__Eubacterium_eligens",0.91706339978905,0,0,"PWY 6121  5 aminoimidazole ribonucleotide biosynthesis I"
"UNINTEGRATED.g__Eubacterium.s__Eubacterium_eligens","PWY.6936..seleno.amino.acid.biosynthesis.g__Eubacterium.s__Eubacterium_eligens",0.843049504229674,4.02049292537706e-258,2.8616172497381e-256,"PWY 6936  seleno amino acid biosynthesis"
"UNINTEGRATED.g__Eubacterium.s__Eubacterium_eligens","PEPTIDOGLYCANSYN.PWY..peptidoglycan.biosynthesis.I..meso.diaminopimelate.containing..g__Eubacterium.s__Eubacterium_eligens",0.803633618202411,2.42660649174067e-216,1.21470321115403e-214,"PEPTIDOGLYCANSYN PWY  peptidoglycan biosynthesis I  meso diaminopimelate containing "
"UNINTEGRATED.g__Eubacterium.s__Eubacterium_eligens","HSERMETANA.PWY..L.methionine.biosynthesis.III.g__Eubacterium.s__Eubacterium_eligens_CAG_72",0.863017209790152,5.5738324740988e-284,5.23509286136878e-282,"HSERMETANA PWY  L methionine biosynthesis III"
"UNINTEGRATED.g__Eubacterium.s__Eubacterium_eligens","PWY.6609..adenine.and.adenosine.salvage.III.g__Eubacterium.s__Eubacterium_eligens_CAG_72",0.839329930862884,1.05022883848674e-253,7.06133567013537e-252,"PWY 6609  adenine and adenosine salvage III"
"UNINTEGRATED.g__Eubacterium.s__Eubacterium_eligens","PWY.5097..L.lysine.biosynthesis.VI.g__Eubacterium.s__Eubacterium_eligens_CAG_72",0.851683359270806,7.79650939402889e-269,6.31378656304891e-267,"PWY 5097  L lysine biosynthesis VI"
"UNINTEGRATED.g__Eubacterium.s__Eubacterium_eligens","ARGSYNBSUB.PWY..L.arginine.biosynthesis.II..acetyl.cycle..g__Eubacterium.s__Eubacterium_eligens",0.878691638973445,2.50297100824534e-307,2.8504146713274e-305,"ARGSYNBSUB PWY  L arginine biosynthesis II  acetyl cycle "
"UNINTEGRATED.g__Eubacterium.s__Eubacterium_eligens","PWY.5188..tetrapyrrole.biosynthesis.I..from.glutamate..g__Eubacterium.s__Eubacterium_eligens",0.786273651199308,7.49871514164017e-201,3.32443037946047e-199,"PWY 5188  tetrapyrrole biosynthesis I  from glutamate "
"UNINTEGRATED.g__Eubacterium.s__Eubacterium_eligens","PWY.6387..UDP.N.acetylmuramoyl.pentapeptide.biosynthesis.I..meso.diaminopimelate.containing..g__Eubacterium.s__Eubacterium_eligens_CAG_72",0.854968971664255,4.3121553814024e-273,3.58775265774124e-271,"PWY 6387  UDP N acetylmuramoyl pentapeptide biosynthesis I  meso diaminopimelate containing "
"UNINTEGRATED.g__Eubacterium.s__Eubacterium_eligens","PWY.5695..urate.biosynthesis.inosine.5..phosphate.degradation.g__Eubacterium.s__Eubacterium_eligens",0.776589578670259,7.95203300379281e-193,3.27814464620156e-191,"PWY 5695  urate biosynthesis inosine 5  phosphate degradation"
"UNINTEGRATED.g__Eubacterium.s__Eubacterium_eligens","HSERMETANA.PWY..L.methionine.biosynthesis.III.g__Eubacterium.s__Eubacterium_eligens",0.842862401454794,6.74849064746429e-258,4.76605612742042e-256,"HSERMETANA PWY  L methionine biosynthesis III"
"UNINTEGRATED.g__Eubacterium.s__Eubacterium_eligens","PWY.6936..seleno.amino.acid.biosynthesis.g__Eubacterium.s__Eubacterium_eligens_CAG_72",0.807632430891308,3.93956738667819e-220,2.02776433199614e-218,"PWY 6936  seleno amino acid biosynthesis"
"UNINTEGRATED.g__Eubacterium.s__Eubacterium_eligens","COA.PWY.1..coenzyme.A.biosynthesis.II..mammalian..g__Eubacterium.s__Eubacterium_eligens_CAG_72",0.83201192904257,2.45942430641236e-245,1.55062872965881e-243,"COA PWY 1  coenzyme A biosynthesis II  mammalian "
"UNINTEGRATED.g__Eubacterium.s__Eubacterium_eligens","PWY0.1296..purine.ribonucleosides.degradation.g__Eubacterium.s__Eubacterium_eligens_CAG_72",0.862259314101271,6.32131018646245e-283,5.90669707218114e-281,"PWY0 1296  purine ribonucleosides degradation"
"UNINTEGRATED.g__Eubacterium.s__Eubacterium_eligens","SER.GLYSYN.PWY..superpathway.of.L.serine.and.glycine.biosynthesis.I.g__Eubacterium.s__Eubacterium_eligens",0.833505668638617,5.19597201321529e-247,3.31034286897887e-245,"SER GLYSYN PWY  superpathway of L serine and glycine biosynthesis I"
"UNINTEGRATED.g__Eubacterium.s__Eubacterium_eligens","PWY.6387..UDP.N.acetylmuramoyl.pentapeptide.biosynthesis.I..meso.diaminopimelate.containing..g__Eubacterium.s__Eubacterium_eligens",0.83354754613483,4.6608280597488e-247,2.97982273953273e-245,"PWY 6387  UDP N acetylmuramoyl pentapeptide biosynthesis I  meso diaminopimelate containing "
"UNINTEGRATED.g__Eubacterium.s__Eubacterium_eligens","PWY.1042..glycolysis.IV..plant.cytosol..g__Eubacterium.s__Eubacterium_eligens",0.786741096857852,2.99937488947705e-201,1.33622517997949e-199,"PWY 1042  glycolysis IV  plant cytosol "
"UNINTEGRATED.g__Eubacterium.s__Eubacterium_eligens","PWY.6609..adenine.and.adenosine.salvage.III.g__Eubacterium.s__Eubacterium_eligens",0.835437721319719,3.34254078808748e-249,2.15973176240219e-247,"PWY 6609  adenine and adenosine salvage III"
"UNINTEGRATED.g__Eubacterium.s__Eubacterium_eligens","PWY.5695..urate.biosynthesis.inosine.5..phosphate.degradation.g__Eubacterium.s__Eubacterium_eligens_CAG_72",0.781787724206319,4.40329181960669e-197,1.87897846007151e-195,"PWY 5695  urate biosynthesis inosine 5  phosphate degradation"
"UNINTEGRATED.g__Eubacterium.s__Eubacterium_eligens","CALVIN.PWY..Calvin.Benson.Bassham.cycle.g__Eubacterium.s__Eubacterium_eligens",0.708713149994634,4.28856460008901e-146,1.34495586193153e-144,"CALVIN PWY  Calvin Benson Bassham cycle"
"UNINTEGRATED.g__Eubacterium.s__Eubacterium_eligens","PWY.6892..thiazole.biosynthesis.I..E..coli..g__Eubacterium.s__Eubacterium_eligens_CAG_72",0.841575550276189,2.33487323182798e-256,1.64261487093196e-254,"PWY 6892  thiazole biosynthesis I  E  coli "
"UNINTEGRATED.g__Eubacterium.s__Eubacterium_eligens","PWY.4242..pantothenate.and.coenzyme.A.biosynthesis.III.g__Eubacterium.s__Eubacterium_eligens",0.714567553579469,1.39960788302871e-149,4.45065536416511e-148,"PWY 4242  pantothenate and coenzyme A biosynthesis III"
"UNINTEGRATED.g__Eubacterium.s__Eubacterium_eligens","RIBOSYN2.PWY..flavin.biosynthesis.I..bacteria.and.plants..g__Eubacterium.s__Eubacterium_eligens",0.831309425787417,1.48921545508248e-244,9.35689476105444e-243,"RIBOSYN2 PWY  flavin biosynthesis I  bacteria and plants "
"UNINTEGRATED.g__Eubacterium.s__Eubacterium_eligens","ARGSYN.PWY..L.arginine.biosynthesis.I..via.L.ornithine..g__Eubacterium.s__Eubacterium_eligens_CAG_72",0.829797200204127,6.98833545994068e-243,4.331104095768e-241,"ARGSYN PWY  L arginine biosynthesis I  via L ornithine "
"UNINTEGRATED.g__Eubacterium.s__Eubacterium_eligens","ILEUSYN.PWY..L.isoleucine.biosynthesis.I..from.threonine..g__Eubacterium.s__Eubacterium_eligens_CAG_72",0.819610973711071,4.88368742023231e-232,2.75497425647223e-230,"ILEUSYN PWY  L isoleucine biosynthesis I  from threonine "
"UNINTEGRATED.g__Eubacterium.s__Eubacterium_eligens","PWY.7400..L.arginine.biosynthesis.IV..archaebacteria..g__Eubacterium.s__Eubacterium_eligens_CAG_72",0.829825199641488,6.50993965966006e-243,4.04838261224116e-241,"PWY 7400  L arginine biosynthesis IV  archaebacteria "
"UNINTEGRATED.g__Eubacterium.s__Eubacterium_eligens","CALVIN.PWY..Calvin.Benson.Bassham.cycle.g__Eubacterium.s__Eubacterium_eligens_CAG_72",0.749770656503716,1.46009003346572e-172,5.24739654827986e-171,"CALVIN PWY  Calvin Benson Bassham cycle"
"UNINTEGRATED.g__Eubacterium.s__Eubacterium_eligens","PWY.5103..L.isoleucine.biosynthesis.III.g__Eubacterium.s__Eubacterium_eligens_CAG_72",0.814689488175607,4.84586266366768e-227,2.60461544527106e-225,"PWY 5103  L isoleucine biosynthesis III"
"UNINTEGRATED.g__Eubacterium.s__Eubacterium_eligens","ILEUSYN.PWY..L.isoleucine.biosynthesis.I..from.threonine..g__Eubacterium.s__Eubacterium_eligens",0.753881421777993,1.69438535065681e-175,6.17467909486356e-174,"ILEUSYN PWY  L isoleucine biosynthesis I  from threonine "
"UNINTEGRATED.g__Eubacterium.s__Eubacterium_eligens","PEPTIDOGLYCANSYN.PWY..peptidoglycan.biosynthesis.I..meso.diaminopimelate.containing..g__Eubacterium.s__Eubacterium_eligens_CAG_72",0.850564705024735,2.07910252732611e-267,1.63290203234522e-265,"PEPTIDOGLYCANSYN PWY  peptidoglycan biosynthesis I  meso diaminopimelate containing "
"UNINTEGRATED.g__Eubacterium.s__Eubacterium_eligens","BRANCHED.CHAIN.AA.SYN.PWY..superpathway.of.branched.amino.acid.biosynthesis.g__Eubacterium.s__Eubacterium_eligens_CAG_72",0.816995552595788,2.30613023631477e-229,1.26186183290965e-227,"BRANCHED CHAIN AA SYN PWY  superpathway of branched amino acid biosynthesis"
"UNINTEGRATED.g__Eubacterium.s__Eubacterium_eligens","PWY.6700..queuosine.biosynthesis.g__Eubacterium.s__Eubacterium_eligens_CAG_72",0.843667620038957,7.2294087557309e-259,5.20660304103449e-257,"PWY 6700  queuosine biosynthesis"
"UNINTEGRATED.g__Eubacterium.s__Eubacterium_eligens","PWY.5686..UMP.biosynthesis.g__Eubacterium.s__Eubacterium_eligens",0.817913887543415,2.68437543261376e-230,1.49121965724559e-228,"PWY 5686  UMP biosynthesis"
"UNINTEGRATED.g__Eubacterium.s__Eubacterium_eligens","GLUTORN.PWY..L.ornithine.biosynthesis.g__Eubacterium.s__Eubacterium_eligens",0.838982685092796,2.67839071239301e-253,1.78112982374135e-251,"GLUTORN PWY  L ornithine biosynthesis"
"UNINTEGRATED.g__Eubacterium.s__Eubacterium_eligens","SER.GLYSYN.PWY..superpathway.of.L.serine.and.glycine.biosynthesis.I.g__Eubacterium.s__Eubacterium_eligens_CAG_72",0.701629161895693,5.45132067614731e-142,1.69213822896218e-140,"SER GLYSYN PWY  superpathway of L serine and glycine biosynthesis I"
"UNINTEGRATED.g__Eubacterium.s__Eubacterium_eligens","PWY.6386..UDP.N.acetylmuramoyl.pentapeptide.biosynthesis.II..lysine.containing..g__Eubacterium.s__Eubacterium_eligens_CAG_72",0.765821123007205,2.30870376270596e-184,9.02722988417711e-183,"PWY 6386  UDP N acetylmuramoyl pentapeptide biosynthesis II  lysine containing "
"UNINTEGRATED.g__Eubacterium.s__Eubacterium_eligens","BRANCHED.CHAIN.AA.SYN.PWY..superpathway.of.branched.amino.acid.biosynthesis.g__Eubacterium.s__Eubacterium_eligens",0.747684233805688,4.28924893087069e-171,1.52645321815224e-169,"BRANCHED CHAIN AA SYN PWY  superpathway of branched amino acid biosynthesis"
"UNINTEGRATED.g__Eubacterium.s__Eubacterium_eligens","PWY.5103..L.isoleucine.biosynthesis.III.g__Eubacterium.s__Eubacterium_eligens",0.745944254315608,7.00820912336875e-170,2.46995316125536e-168,"PWY 5103  L isoleucine biosynthesis III"
"UNINTEGRATED.g__Eubacterium.s__Eubacterium_eligens","GLUTORN.PWY..L.ornithine.biosynthesis.g__Eubacterium.s__Eubacterium_eligens_CAG_72",0.843585357951241,9.08785898292826e-259,6.51928655621795e-257,"GLUTORN PWY  L ornithine biosynthesis"
"UNINTEGRATED.g__Eubacterium.s__Eubacterium_eligens","GLYCOGENSYNTH.PWY..glycogen.biosynthesis.I..from.ADP.D.Glucose..g__Eubacterium.s__Eubacterium_eligens_CAG_72",0.807450526040876,5.88523078078544e-220,3.0206983114561e-218,"GLYCOGENSYNTH PWY  glycogen biosynthesis I  from ADP D Glucose "
"UNINTEGRATED.g__Eubacterium.s__Eubacterium_eligens","PWY.5667..CDP.diacylglycerol.biosynthesis.I.g__Eubacterium.s__Eubacterium_eligens",0.802122796836033,6.22356124387202e-215,3.08990488895346e-213,"PWY 5667  CDP diacylglycerol biosynthesis I"
"UNINTEGRATED.g__Eubacterium.s__Eubacterium_eligens","PWY0.1319..CDP.diacylglycerol.biosynthesis.II.g__Eubacterium.s__Eubacterium_eligens",0.802122796836033,6.22356124387202e-215,3.08990488895346e-213,"PWY0 1319  CDP diacylglycerol biosynthesis II"
"UNINTEGRATED.g__Eubacterium.s__Eubacterium_eligens","PWY.6737..starch.degradation.V.g__Eubacterium.s__Eubacterium_eligens",0.743809370166886,2.09267939642413e-168,7.34695785785048e-167,"PWY 6737  starch degradation V"
"UNINTEGRATED.g__Eubacterium.s__Eubacterium_eligens","PWY.6737..starch.degradation.V.g__Eubacterium.s__Eubacterium_eligens_CAG_72",0.778496411717812,2.25137070952509e-194,9.40876736198546e-193,"PWY 6737  starch degradation V"
"UNINTEGRATED.g__Eubacterium.s__Eubacterium_eligens","PWY.5188..tetrapyrrole.biosynthesis.I..from.glutamate..g__Eubacterium.s__Eubacterium_eligens_CAG_72",0.815606397181301,5.83233321711287e-228,3.1628257008635e-226,"PWY 5188  tetrapyrrole biosynthesis I  from glutamate "
"UNINTEGRATED.g__Eubacterium.s__Eubacterium_eligens","PWY.5667..CDP.diacylglycerol.biosynthesis.I.g__Eubacterium.s__Eubacterium_eligens_CAG_72",0.750619399386871,3.65622578322053e-173,1.3192097028923e-171,"PWY 5667  CDP diacylglycerol biosynthesis I"
"UNINTEGRATED.g__Eubacterium.s__Eubacterium_eligens","PWY0.1319..CDP.diacylglycerol.biosynthesis.II.g__Eubacterium.s__Eubacterium_eligens_CAG_72",0.750619399386871,3.65622578322053e-173,1.3192097028923e-171,"PWY0 1319  CDP diacylglycerol biosynthesis II"
"UNINTEGRATED.g__Eubacterium.s__Eubacterium_eligens","TRPSYN.PWY..L.tryptophan.biosynthesis.g__Eubacterium.s__Eubacterium_eligens",0.772122433073122,2.93586077735355e-189,1.18350263770264e-187,"TRPSYN PWY  L tryptophan biosynthesis"
"UNINTEGRATED.g__Eubacterium.s__Eubacterium_eligens","PWY.6385..peptidoglycan.biosynthesis.III..mycobacteria..g__Eubacterium.s__Eubacterium_eligens_CAG_72",0.760316258171754,3.27750646008472e-180,1.22879516891366e-178,"PWY 6385  peptidoglycan biosynthesis III  mycobacteria "
"UNINTEGRATED.g__Eubacterium.s__Eubacterium_eligens","RIBOSYN2.PWY..flavin.biosynthesis.I..bacteria.and.plants..g__Eubacterium.s__Eubacterium_eligens_CAG_72",0.709969952698513,7.7844109960756e-147,2.44973666251284e-145,"RIBOSYN2 PWY  flavin biosynthesis I  bacteria and plants "
"UNINTEGRATED.g__Eubacterium.s__Eubacterium_eligens","ARGSYN.PWY..L.arginine.biosynthesis.I..via.L.ornithine..g__Eubacterium.s__Eubacterium_eligens",0.82152923822976,5.00786845113728e-234,2.88760667873963e-232,"ARGSYN PWY  L arginine biosynthesis I  via L ornithine "
"UNINTEGRATED.g__Eubacterium.s__Eubacterium_eligens","PWY.7400..L.arginine.biosynthesis.IV..archaebacteria..g__Eubacterium.s__Eubacterium_eligens",0.821524254966928,5.06816944780915e-234,2.91315821793472e-232,"PWY 7400  L arginine biosynthesis IV  archaebacteria "
"UNINTEGRATED.g__Eubacterium.s__Eubacterium_eligens","PWY.6168..flavin.biosynthesis.III..fungi..g__Eubacterium.s__Eubacterium_eligens",0.780476892443955,5.34796909952555e-196,2.25567928153831e-194,"PWY 6168  flavin biosynthesis III  fungi "
"UNINTEGRATED.g__Eubacterium.s__Eubacterium_eligens","PWY.5097..L.lysine.biosynthesis.VI.g__Eubacterium.s__Eubacterium_eligens",0.857966939291662,4.54316187770374e-277,4.07787943712512e-275,"PWY 5097  L lysine biosynthesis VI"
"UNINTEGRATED.g__Eubacterium.s__Eubacterium_eligens","PWY.1042..glycolysis.IV..plant.cytosol..g__Eubacterium.s__Eubacterium_eligens_CAG_72",0.754808677940007,3.6211449868825e-176,1.32758315505002e-174,"PWY 1042  glycolysis IV  plant cytosol "
"UNINTEGRATED.g__Eubacterium.s__Eubacterium_eligens","PWY.6700..queuosine.biosynthesis.g__Eubacterium.s__Eubacterium_eligens",0.843863044313667,4.19596911039548e-259,3.03391877621096e-257,"PWY 6700  queuosine biosynthesis"
"UNINTEGRATED.g__Eubacterium.s__Eubacterium_eligens","PWY.2942..L.lysine.biosynthesis.III.g__Eubacterium.s__Eubacterium_eligens_CAG_72",0.783362244565413,2.14402269922812e-198,9.23551716374362e-197,"PWY 2942  L lysine biosynthesis III"
"UNINTEGRATED.g__Eubacterium.s__Eubacterium_eligens","RHAMCAT.PWY..L.rhamnose.degradation.I.g__Eubacterium.s__Eubacterium_eligens_CAG_72",0.725140213098891,4.18353638607279e-156,1.37101108796101e-154,"RHAMCAT PWY  L rhamnose degradation I"
"UNINTEGRATED.g__Eubacterium.s__Eubacterium_eligens","RHAMCAT.PWY..L.rhamnose.degradation.I.g__Eubacterium.s__Eubacterium_eligens",0.72696418265594,2.91707374072289e-157,9.66400011449307e-156,"RHAMCAT PWY  L rhamnose degradation I"
"UNINTEGRATED.g__Eubacterium.s__Eubacterium_eligens","PWY.2942..L.lysine.biosynthesis.III.g__Eubacterium.s__Eubacterium_eligens",0.777604734840084,1.19744765266467e-193,4.97008967635605e-192,"PWY 2942  L lysine biosynthesis III"
"UNINTEGRATED.g__Eubacterium.s__Eubacterium_eligens","GLYCOGENSYNTH.PWY..glycogen.biosynthesis.I..from.ADP.D.Glucose..g__Eubacterium.s__Eubacterium_eligens",0.707859643664849,1.35936468488269e-145,4.24853926642324e-144,"GLYCOGENSYNTH PWY  glycogen biosynthesis I  from ADP D Glucose "
"UNINTEGRATED.g__Gemmiger.s__Gemmiger_formicilis","VALSYN.PWY..L.valine.biosynthesis.g__Gemmiger.s__Gemmiger_formicilis",0.946466154734107,0,0,"VALSYN PWY  L valine biosynthesis"
"UNINTEGRATED.g__Gemmiger.s__Gemmiger_formicilis","DTDPRHAMSYN.PWY..dTDP.L.rhamnose.biosynthesis.I.g__Gemmiger.s__Gemmiger_formicilis",0.795144610014165,1.40281171315515e-208,6.62192544699483e-207,"DTDPRHAMSYN PWY  dTDP L rhamnose biosynthesis I"
"UNINTEGRATED.g__Gemmiger.s__Gemmiger_formicilis","PWY.6122..5.aminoimidazole.ribonucleotide.biosynthesis.II.g__Gemmiger.s__Gemmiger_formicilis",0.811803411971496,3.52059648377903e-224,1.85401122921785e-222,"PWY 6122  5 aminoimidazole ribonucleotide biosynthesis II"
"UNINTEGRATED.g__Gemmiger.s__Gemmiger_formicilis","PWY.6277..superpathway.of.5.aminoimidazole.ribonucleotide.biosynthesis.g__Gemmiger.s__Gemmiger_formicilis",0.811803411971496,3.52059648377903e-224,1.85401122921785e-222,"PWY 6277  superpathway of 5 aminoimidazole ribonucleotide biosynthesis"
"UNINTEGRATED.g__Gemmiger.s__Gemmiger_formicilis","BRANCHED.CHAIN.AA.SYN.PWY..superpathway.of.branched.amino.acid.biosynthesis.g__Gemmiger.s__Gemmiger_formicilis",0.854971991115417,4.27300890602993e-273,3.57149060902621e-271,"BRANCHED CHAIN AA SYN PWY  superpathway of branched amino acid biosynthesis"
"UNINTEGRATED.g__Gemmiger.s__Gemmiger_formicilis","PWY.5103..L.isoleucine.biosynthesis.III.g__Gemmiger.s__Gemmiger_formicilis",0.855191441316333,2.20110435710209e-273,1.87412721919426e-271,"PWY 5103  L isoleucine biosynthesis III"
"UNINTEGRATED.g__Gemmiger.s__Gemmiger_formicilis","PWY.6121..5.aminoimidazole.ribonucleotide.biosynthesis.I.g__Gemmiger.s__Gemmiger_formicilis",0.777853663502204,7.51575985019477e-194,3.12659041621915e-192,"PWY 6121  5 aminoimidazole ribonucleotide biosynthesis I"
"UNINTEGRATED.g__Gemmiger.s__Gemmiger_formicilis","ILEUSYN.PWY..L.isoleucine.biosynthesis.I..from.threonine..g__Gemmiger.s__Gemmiger_formicilis",0.855102837979854,2.87750412733248e-273,2.42736123630209e-271,"ILEUSYN PWY  L isoleucine biosynthesis I  from threonine "
"UNINTEGRATED.g__Gemmiger.s__Gemmiger_formicilis","PWY.7111..pyruvate.fermentation.to.isobutanol..engineered..g__Gemmiger.s__Gemmiger_formicilis",0.873527453742113,2.71206194830821e-299,2.88985267603064e-297,"PWY 7111  pyruvate fermentation to isobutanol  engineered "
"UNINTEGRATED.g__Gemmiger.s__Gemmiger_formicilis","ARGSYNBSUB.PWY..L.arginine.biosynthesis.II..acetyl.cycle..g__Gemmiger.s__Gemmiger_formicilis",0.722066374631661,3.54555438761462e-154,1.15363475887011e-152,"ARGSYNBSUB PWY  L arginine biosynthesis II  acetyl cycle "
"UNINTEGRATED.g__Gemmiger.s__Gemmiger_formicilis","PWY.7219..adenosine.ribonucleotides.de.novo.biosynthesis.g__Gemmiger.s__Gemmiger_formicilis",0.700213761388062,3.48329233715072e-141,1.07757333913792e-139,"PWY 7219  adenosine ribonucleotides de novo biosynthesis"
"UNINTEGRATED.g__Gemmiger.s__Gemmiger_formicilis","TRNA.CHARGING.PWY..tRNA.charging.g__Gemmiger.s__Gemmiger_formicilis",0.725217704414598,3.73762603084553e-156,1.22708619654119e-154,"TRNA CHARGING PWY  tRNA charging"
"UNINTEGRATED.g__Gemmiger.s__Gemmiger_formicilis","PWY.6737..starch.degradation.V.g__Gemmiger.s__Gemmiger_formicilis",0.715858674766117,2.31880384299264e-150,7.4385431026706e-149,"PWY 6737  starch degradation V"
"UNINTEGRATED.g__Parabacteroides.s__Parabacteroides_distasonis","PWY.7221..guanosine.ribonucleotides.de.novo.biosynthesis.g__Parabacteroides.s__Parabacteroides_distasonis",0.839051713593002,2.2239529301054e-253,1.48434601976009e-251,"PWY 7221  guanosine ribonucleotides de novo biosynthesis"
"UNINTEGRATED.g__Parabacteroides.s__Parabacteroides_distasonis","PWY.5695..urate.biosynthesis.inosine.5..phosphate.degradation.g__Parabacteroides.s__Parabacteroides_distasonis",0.777025917285689,3.52857885494998e-193,1.45791916816425e-191,"PWY 5695  urate biosynthesis inosine 5  phosphate degradation"
"UNINTEGRATED.g__Parabacteroides.s__Parabacteroides_distasonis","PWY.6703..preQ0.biosynthesis.g__Parabacteroides.s__Parabacteroides_distasonis",0.762132419489258,1.43932307436826e-181,5.44105928175602e-180,"PWY 6703  preQ0 biosynthesis"
"UNINTEGRATED.g__Parabacteroides.s__Parabacteroides_distasonis","PWY.5103..L.isoleucine.biosynthesis.III.g__Parabacteroides.s__Parabacteroides_distasonis",0.857901669203925,5.55803256683961e-277,4.96435840197964e-275,"PWY 5103  L isoleucine biosynthesis III"
"UNINTEGRATED.g__Parabacteroides.s__Parabacteroides_distasonis","PANTO.PWY..phosphopantothenate.biosynthesis.I.g__Parabacteroides.s__Parabacteroides_distasonis",0.829318252066845,2.34585862869245e-242,1.44405034031774e-240,"PANTO PWY  phosphopantothenate biosynthesis I"
"UNINTEGRATED.g__Parabacteroides.s__Parabacteroides_distasonis","VALSYN.PWY..L.valine.biosynthesis.g__Parabacteroides.s__Parabacteroides_distasonis",0.92678649444547,0,0,"VALSYN PWY  L valine biosynthesis"
"UNINTEGRATED.g__Parabacteroides.s__Parabacteroides_distasonis","PWY.6124..inosine.5..phosphate.biosynthesis.II.g__Parabacteroides.s__Parabacteroides_distasonis",0.794605743140998,4.23923216338402e-208,1.97552555624093e-206,"PWY 6124  inosine 5  phosphate biosynthesis II"
"UNINTEGRATED.g__Parabacteroides.s__Parabacteroides_distasonis","BRANCHED.CHAIN.AA.SYN.PWY..superpathway.of.branched.amino.acid.biosynthesis.g__Parabacteroides.s__Parabacteroides_distasonis",0.859463591275954,4.33937576809763e-279,3.97325456635713e-277,"BRANCHED CHAIN AA SYN PWY  superpathway of branched amino acid biosynthesis"
"UNINTEGRATED.g__Parabacteroides.s__Parabacteroides_distasonis","DTDPRHAMSYN.PWY..dTDP.L.rhamnose.biosynthesis.I.g__Parabacteroides.s__Parabacteroides_distasonis",0.722596871536001,1.65493350848043e-154,5.39437271163183e-153,"DTDPRHAMSYN PWY  dTDP L rhamnose biosynthesis I"
"UNINTEGRATED.g__Parabacteroides.s__Parabacteroides_distasonis","PWY.5973..cis.vaccenate.biosynthesis.g__Parabacteroides.s__Parabacteroides_distasonis",0.828004643451261,6.37353252935427e-241,3.85821050556027e-239,"PWY 5973  cis vaccenate biosynthesis"
"UNINTEGRATED.g__Parabacteroides.s__Parabacteroides_distasonis","PWY.7111..pyruvate.fermentation.to.isobutanol..engineered..g__Parabacteroides.s__Parabacteroides_distasonis",0.9212301168621,0,0,"PWY 7111  pyruvate fermentation to isobutanol  engineered "
"UNINTEGRATED.g__Parabacteroides.s__Parabacteroides_distasonis","NONOXIPENT.PWY..pentose.phosphate.pathway..non.oxidative.branch..g__Parabacteroides.s__Parabacteroides_distasonis",0.812304747498206,1.13019977323069e-224,6.00389797901935e-223,"NONOXIPENT PWY  pentose phosphate pathway  non oxidative branch "
"UNINTEGRATED.g__Parabacteroides.s__Parabacteroides_distasonis","PWY.7220..adenosine.deoxyribonucleotides.de.novo.biosynthesis.II.g__Parabacteroides.s__Parabacteroides_distasonis",0.794179520059925,1.0142788498725e-207,4.69065353389006e-206,"PWY 7220  adenosine deoxyribonucleotides de novo biosynthesis II"
"UNINTEGRATED.g__Parabacteroides.s__Parabacteroides_distasonis","PWY.7222..guanosine.deoxyribonucleotides.de.novo.biosynthesis.II.g__Parabacteroides.s__Parabacteroides_distasonis",0.794179520059925,1.0142788498725e-207,4.69065353389006e-206,"PWY 7222  guanosine deoxyribonucleotides de novo biosynthesis II"
"UNINTEGRATED.g__Parabacteroides.s__Parabacteroides_distasonis","PWY.7219..adenosine.ribonucleotides.de.novo.biosynthesis.g__Parabacteroides.s__Parabacteroides_distasonis",0.840524578846558,4.12125386090512e-255,2.86615903051726e-253,"PWY 7219  adenosine ribonucleotides de novo biosynthesis"
"UNINTEGRATED.g__Parabacteroides.s__Parabacteroides_distasonis","PWY.2942..L.lysine.biosynthesis.III.g__Parabacteroides.s__Parabacteroides_distasonis",0.851282645520036,2.53540940009245e-268,2.01736657987269e-266,"PWY 2942  L lysine biosynthesis III"
"UNINTEGRATED.g__Parabacteroides.s__Parabacteroides_distasonis","ILEUSYN.PWY..L.isoleucine.biosynthesis.I..from.threonine..g__Parabacteroides.s__Parabacteroides_distasonis",0.860702342923017,8.86730764634908e-281,8.24342921551666e-279,"ILEUSYN PWY  L isoleucine biosynthesis I  from threonine "
"UNINTEGRATED.g__Parabacteroides.s__Parabacteroides_distasonis","HISDEG.PWY..L.histidine.degradation.I.g__Parabacteroides.s__Parabacteroides_distasonis",0.812790473304537,3.74662463115847e-225,1.99611834515609e-223,"HISDEG PWY  L histidine degradation I"
"UNINTEGRATED.g__Parabacteroides.s__Parabacteroides_distasonis","PWY.6122..5.aminoimidazole.ribonucleotide.biosynthesis.II.g__Parabacteroides.s__Parabacteroides_distasonis",0.838165558210637,2.40348291827575e-252,1.58100585754161e-250,"PWY 6122  5 aminoimidazole ribonucleotide biosynthesis II"
"UNINTEGRATED.g__Parabacteroides.s__Parabacteroides_distasonis","PWY.6277..superpathway.of.5.aminoimidazole.ribonucleotide.biosynthesis.g__Parabacteroides.s__Parabacteroides_distasonis",0.838165558210637,2.40348291827575e-252,1.58100585754161e-250,"PWY 6277  superpathway of 5 aminoimidazole ribonucleotide biosynthesis"
"UNINTEGRATED.g__Parabacteroides.s__Parabacteroides_distasonis","PWY.6123..inosine.5..phosphate.biosynthesis.I.g__Parabacteroides.s__Parabacteroides_distasonis",0.780965036518646,2.11465373075782e-196,8.98160970352874e-195,"PWY 6123  inosine 5  phosphate biosynthesis I"
"UNINTEGRATED.g__Parabacteroides.s__Parabacteroides_distasonis","PWY.7663..gondoate.biosynthesis..anaerobic..g__Parabacteroides.s__Parabacteroides_distasonis",0.828789519215394,8.89192362065286e-242,5.41872041110086e-240,"PWY 7663  gondoate biosynthesis  anaerobic "
"UNINTEGRATED.g__Parabacteroides.s__Parabacteroides_distasonis","PWY.6387..UDP.N.acetylmuramoyl.pentapeptide.biosynthesis.I..meso.diaminopimelate.containing..g__Parabacteroides.s__Parabacteroides_distasonis",0.800579794690633,1.66161944662945e-213,8.16074607467255e-212,"PWY 6387  UDP N acetylmuramoyl pentapeptide biosynthesis I  meso diaminopimelate containing "
"UNINTEGRATED.g__Parabacteroides.s__Parabacteroides_distasonis","PWY.3841..folate.transformations.II.g__Parabacteroides.s__Parabacteroides_distasonis",0.807947904097669,1.96198564736156e-220,1.01272919208428e-218,"PWY 3841  folate transformations II"
"UNINTEGRATED.g__Parabacteroides.s__Parabacteroides_distasonis","ARGININE.SYN4.PWY..L.ornithine.de.novo..biosynthesis.g__Parabacteroides.s__Parabacteroides_distasonis",0.782770286887331,6.69860381003827e-198,2.87866179298838e-196,"ARGININE SYN4 PWY  L ornithine de novo  biosynthesis"
"UNINTEGRATED.g__Parabacteroides.s__Parabacteroides_distasonis","PWY.6609..adenine.and.adenosine.salvage.III.g__Parabacteroides.s__Parabacteroides_distasonis",0.765306793963972,5.70352976776136e-184,2.22059863030726e-182,"PWY 6609  adenine and adenosine salvage III"
"UNINTEGRATED.g__Parabacteroides.s__Parabacteroides_distasonis","PWY.6385..peptidoglycan.biosynthesis.III..mycobacteria..g__Parabacteroides.s__Parabacteroides_distasonis",0.794743996521358,3.19301175558579e-208,1.49562640613184e-206,"PWY 6385  peptidoglycan biosynthesis III  mycobacteria "
"UNINTEGRATED.g__Parabacteroides.s__Parabacteroides_distasonis","PWY.7228..superpathway.of.guanosine.nucleotides.de.novo.biosynthesis.I.g__Parabacteroides.s__Parabacteroides_distasonis",0.793200160437612,7.47002090544686e-207,3.43715280096331e-205,"PWY 7228  superpathway of guanosine nucleotides de novo biosynthesis I"
"UNINTEGRATED.g__Parabacteroides.s__Parabacteroides_distasonis","RIBOSYN2.PWY..flavin.biosynthesis.I..bacteria.and.plants..g__Parabacteroides.s__Parabacteroides_distasonis",0.794923433370695,2.20956556150701e-208,1.04032284486354e-206,"RIBOSYN2 PWY  flavin biosynthesis I  bacteria and plants "
"UNINTEGRATED.g__Parabacteroides.s__Parabacteroides_distasonis","ANAGLYCOLYSIS.PWY..glycolysis.III..from.glucose..g__Parabacteroides.s__Parabacteroides_distasonis",0.780531853495738,4.81805604753294e-196,2.03688629332013e-194,"ANAGLYCOLYSIS PWY  glycolysis III  from glucose "
"UNINTEGRATED.g__Parabacteroides.s__Parabacteroides_distasonis","PWY.5097..L.lysine.biosynthesis.VI.g__Parabacteroides.s__Parabacteroides_distasonis",0.817008016347601,2.23996978248011e-229,1.22935209055934e-227,"PWY 5097  L lysine biosynthesis VI"
"UNINTEGRATED.g__Parabacteroides.s__Parabacteroides_distasonis","PWY.6386..UDP.N.acetylmuramoyl.pentapeptide.biosynthesis.II..lysine.containing..g__Parabacteroides.s__Parabacteroides_distasonis",0.771306032298575,1.29084729157868e-188,5.16934692304508e-187,"PWY 6386  UDP N acetylmuramoyl pentapeptide biosynthesis II  lysine containing "
"UNINTEGRATED.g__Parabacteroides.s__Parabacteroides_distasonis","PWY.5667..CDP.diacylglycerol.biosynthesis.I.g__Parabacteroides.s__Parabacteroides_distasonis",0.748748367831926,7.68197441569813e-172,2.74457364369482e-170,"PWY 5667  CDP diacylglycerol biosynthesis I"
"UNINTEGRATED.g__Parabacteroides.s__Parabacteroides_distasonis","PWY0.1319..CDP.diacylglycerol.biosynthesis.II.g__Parabacteroides.s__Parabacteroides_distasonis",0.748748367831926,7.68197441569813e-172,2.74457364369482e-170,"PWY0 1319  CDP diacylglycerol biosynthesis II"
"UNINTEGRATED.g__Parabacteroides.s__Parabacteroides_distasonis","PEPTIDOGLYCANSYN.PWY..peptidoglycan.biosynthesis.I..meso.diaminopimelate.containing..g__Parabacteroides.s__Parabacteroides_distasonis",0.794880602330031,2.41261235984842e-208,1.1329950981649e-206,"PEPTIDOGLYCANSYN PWY  peptidoglycan biosynthesis I  meso diaminopimelate containing "
"UNINTEGRATED.g__Parabacteroides.s__Parabacteroides_distasonis","COA.PWY.1..coenzyme.A.biosynthesis.II..mammalian..g__Parabacteroides.s__Parabacteroides_distasonis",0.802480570968767,2.89383711637154e-215,1.44461934513441e-213,"COA PWY 1  coenzyme A biosynthesis II  mammalian "
"UNINTEGRATED.g__Parabacteroides.s__Parabacteroides_distasonis","X1CMET2.PWY..N10.formyl.tetrahydrofolate.biosynthesis.g__Parabacteroides.s__Parabacteroides_distasonis",0.786089874171326,1.07440901524187e-200,4.75165210357334e-199,"X1CMET2 PWY  N10 formyl tetrahydrofolate biosynthesis"
"UNINTEGRATED.g__Parabacteroides.s__Parabacteroides_distasonis","PWY.6125..superpathway.of.guanosine.nucleotides.de.novo.biosynthesis.II.g__Parabacteroides.s__Parabacteroides_distasonis",0.76453819608999,2.19390682162234e-183,8.48729855557974e-182,"PWY 6125  superpathway of guanosine nucleotides de novo biosynthesis II"
"UNINTEGRATED.g__Parabacteroides.s__Parabacteroides_distasonis","PWY.5686..UMP.biosynthesis.g__Parabacteroides.s__Parabacteroides_distasonis",0.784019426928195,6.02738825960825e-199,2.61488193996005e-197,"PWY 5686  UMP biosynthesis"
"UNINTEGRATED.g__Parabacteroides.s__Parabacteroides_distasonis","PENTOSE.P.PWY..pentose.phosphate.pathway.g__Parabacteroides.s__Parabacteroides_distasonis",0.742468149698895,1.73747658361815e-167,6.04171008208135e-166,"PENTOSE P PWY  pentose phosphate pathway"
"UNINTEGRATED.g__Parabacteroides.s__Parabacteroides_distasonis","COA.PWY..coenzyme.A.biosynthesis.I.g__Parabacteroides.s__Parabacteroides_distasonis",0.753538221094764,2.99432817283762e-175,1.08901504266017e-173,"COA PWY  coenzyme A biosynthesis I"
"UNINTEGRATED.g__Parabacteroides.s__Parabacteroides_distasonis","PANTOSYN.PWY..pantothenate.and.coenzyme.A.biosynthesis.I.g__Parabacteroides.s__Parabacteroides_distasonis",0.746296784455558,3.98659964586355e-170,1.4077486850248e-168,"PANTOSYN PWY  pantothenate and coenzyme A biosynthesis I"
"UNINTEGRATED.g__Parabacteroides.s__Parabacteroides_distasonis","ASPASN.PWY..superpathway.of.L.aspartate.and.L.asparagine.biosynthesis.g__Parabacteroides.s__Parabacteroides_distasonis",0.810352629571972,9.25343390875629e-223,4.81733769289853e-221,"ASPASN PWY  superpathway of L aspartate and L asparagine biosynthesis"
"UNINTEGRATED.g__Parabacteroides.s__Parabacteroides_distasonis","PWY.6163..chorismate.biosynthesis.from.3.dehydroquinate.g__Parabacteroides.s__Parabacteroides_distasonis",0.747885578573085,3.09989461313178e-171,1.10534598328521e-169,"PWY 6163  chorismate biosynthesis from 3 dehydroquinate"
"UNINTEGRATED.g__Parabacteroides.s__Parabacteroides_distasonis","TRNA.CHARGING.PWY..tRNA.charging.g__Parabacteroides.s__Parabacteroides_distasonis",0.766686508860516,5.01436125579988e-185,1.96487476219204e-183,"TRNA CHARGING PWY  tRNA charging"
"UNINTEGRATED.g__Parabacteroides.s__Parabacteroides_distasonis","PWY.6121..5.aminoimidazole.ribonucleotide.biosynthesis.I.g__Parabacteroides.s__Parabacteroides_distasonis",0.79082528980908,9.05207440207426e-205,4.10293153433321e-203,"PWY 6121  5 aminoimidazole ribonucleotide biosynthesis I"
"UNINTEGRATED.g__Parabacteroides.s__Parabacteroides_distasonis","SER.GLYSYN.PWY..superpathway.of.L.serine.and.glycine.biosynthesis.I.g__Parabacteroides.s__Parabacteroides_distasonis",0.784947257620221,9.97164788686016e-200,4.36762971505959e-198,"SER GLYSYN PWY  superpathway of L serine and glycine biosynthesis I"
"UNINTEGRATED.g__Parabacteroides.s__Parabacteroides_distasonis","HISTSYN.PWY..L.histidine.biosynthesis.g__Parabacteroides.s__Parabacteroides_distasonis",0.775409586053185,7.09209299108881e-192,2.91704348511578e-190,"HISTSYN PWY  L histidine biosynthesis"
"UNINTEGRATED.g__Parabacteroides.s__Parabacteroides_distasonis","PWY.6700..queuosine.biosynthesis.g__Parabacteroides.s__Parabacteroides_distasonis",0.768548959211747,1.83308991718169e-186,7.21398085982022e-185,"PWY 6700  queuosine biosynthesis"
"UNINTEGRATED.g__Parabacteroides.s__Parabacteroides_distasonis","PWY.6147..6.hydroxymethyl.dihydropterin.diphosphate.biosynthesis.I.g__Parabacteroides.s__Parabacteroides_distasonis",0.734738833770659,2.67692550972922e-162,9.10004845387613e-161,"PWY 6147  6 hydroxymethyl dihydropterin diphosphate biosynthesis I"
"UNINTEGRATED.g__Parabacteroides.s__Parabacteroides_distasonis","PYRIDNUCSYN.PWY..NAD.biosynthesis.I..from.aspartate..g__Parabacteroides.s__Parabacteroides_distasonis",0.760430425033227,2.69508988831878e-180,1.01252026505271e-178,"PYRIDNUCSYN PWY  NAD biosynthesis I  from aspartate "
"UNINTEGRATED.g__Parabacteroides.s__Parabacteroides_distasonis","PWY.6936..seleno.amino.acid.biosynthesis.g__Parabacteroides.s__Parabacteroides_distasonis",0.743011268187342,7.38550670930791e-168,2.57799459291761e-166,"PWY 6936  seleno amino acid biosynthesis"
"UNINTEGRATED.g__Parabacteroides.s__Parabacteroides_distasonis","PWY.6168..flavin.biosynthesis.III..fungi..g__Parabacteroides.s__Parabacteroides_distasonis",0.774961917545209,1.62100115304749e-191,6.60766487912267e-190,"PWY 6168  flavin biosynthesis III  fungi "
"UNINTEGRATED.g__Parabacteroides.s__Parabacteroides_distasonis","PWY.6126..superpathway.of.adenosine.nucleotides.de.novo.biosynthesis.II.g__Parabacteroides.s__Parabacteroides_distasonis",0.74745544115597,6.20124727837966e-171,2.2025911629504e-169,"PWY 6126  superpathway of adenosine nucleotides de novo biosynthesis II"
"UNINTEGRATED.g__Parabacteroides.s__Parabacteroides_distasonis","PWY.7229..superpathway.of.adenosine.nucleotides.de.novo.biosynthesis.I.g__Parabacteroides.s__Parabacteroides_distasonis",0.747149149686231,1.01516403810304e-170,3.59170950257776e-169,"PWY 7229  superpathway of adenosine nucleotides de novo biosynthesis I"
"UNINTEGRATED.g__Parabacteroides.s__Parabacteroides_distasonis","HSERMETANA.PWY..L.methionine.biosynthesis.III.g__Parabacteroides.s__Parabacteroides_distasonis",0.785343524140515,4.61179951144168e-200,2.02974876565166e-198,"HSERMETANA PWY  L methionine biosynthesis III"
"UNINTEGRATED.g__Parabacteroides.s__Parabacteroides_distasonis","ARO.PWY..chorismate.biosynthesis.I.g__Parabacteroides.s__Parabacteroides_distasonis",0.743683451500231,2.55415224589519e-168,8.94984770624159e-167,"ARO PWY  chorismate biosynthesis I"
"UNINTEGRATED.g__Parabacteroides.s__Parabacteroides_distasonis","PWY.7539..6.hydroxymethyl.dihydropterin.diphosphate.biosynthesis.III..Chlamydia..g__Parabacteroides.s__Parabacteroides_distasonis",0.743231717771025,5.21562002198944e-168,1.82406549751765e-166,"PWY 7539  6 hydroxymethyl dihydropterin diphosphate biosynthesis III  Chlamydia "
"UNINTEGRATED.g__Parabacteroides.s__Parabacteroides_distasonis","COMPLETE.ARO.PWY..superpathway.of.aromatic.amino.acid.biosynthesis.g__Parabacteroides.s__Parabacteroides_distasonis",0.738564741989743,7.6354247226478e-165,2.62005788834963e-163,"COMPLETE ARO PWY  superpathway of aromatic amino acid biosynthesis"
"UNINTEGRATED.g__Eubacterium.s__Eubacterium_eligens_CAG_72","PWY.6121..5.aminoimidazole.ribonucleotide.biosynthesis.I.g__Eubacterium.s__Eubacterium_eligens_CAG_72",0.938730056493759,0,0,"PWY 6121  5 aminoimidazole ribonucleotide biosynthesis I"
"UNINTEGRATED.g__Eubacterium.s__Eubacterium_eligens_CAG_72","VALSYN.PWY..L.valine.biosynthesis.g__Eubacterium.s__Eubacterium_eligens_CAG_72",0.923063966515821,0,0,"VALSYN PWY  L valine biosynthesis"
"UNINTEGRATED.g__Eubacterium.s__Eubacterium_eligens_CAG_72","DTDPRHAMSYN.PWY..dTDP.L.rhamnose.biosynthesis.I.g__Eubacterium.s__Eubacterium_eligens_CAG_72",0.933911862769428,0,0,"DTDPRHAMSYN PWY  dTDP L rhamnose biosynthesis I"
"UNINTEGRATED.g__Eubacterium.s__Eubacterium_eligens_CAG_72","PWY.7111..pyruvate.fermentation.to.isobutanol..engineered..g__Eubacterium.s__Eubacterium_eligens_CAG_72",0.931127407785693,0,0,"PWY 7111  pyruvate fermentation to isobutanol  engineered "
"UNINTEGRATED.g__Eubacterium.s__Eubacterium_eligens_CAG_72","PWY.7221..guanosine.ribonucleotides.de.novo.biosynthesis.g__Eubacterium.s__Eubacterium_eligens_CAG_72",0.920654478536929,0,0,"PWY 7221  guanosine ribonucleotides de novo biosynthesis"
"UNINTEGRATED.g__Eubacterium.s__Eubacterium_eligens_CAG_72","COA.PWY..coenzyme.A.biosynthesis.I.g__Eubacterium.s__Eubacterium_eligens_CAG_72",0.863243920430923,2.68808662159174e-284,2.55102220479287e-282,"COA PWY  coenzyme A biosynthesis I"
"UNINTEGRATED.g__Eubacterium.s__Eubacterium_eligens_CAG_72","PWY.6703..preQ0.biosynthesis.g__Eubacterium.s__Eubacterium_eligens",0.853752807636821,1.66977474754924e-271,1.37669527941605e-269,"PWY 6703  preQ0 biosynthesis"
"UNINTEGRATED.g__Eubacterium.s__Eubacterium_eligens_CAG_72","PWY.6122..5.aminoimidazole.ribonucleotide.biosynthesis.II.g__Eubacterium.s__Eubacterium_eligens_CAG_72",0.966511988842662,0,0,"PWY 6122  5 aminoimidazole ribonucleotide biosynthesis II"
"UNINTEGRATED.g__Eubacterium.s__Eubacterium_eligens_CAG_72","PWY.6277..superpathway.of.5.aminoimidazole.ribonucleotide.biosynthesis.g__Eubacterium.s__Eubacterium_eligens_CAG_72",0.966511988842662,0,0,"PWY 6277  superpathway of 5 aminoimidazole ribonucleotide biosynthesis"
"UNINTEGRATED.g__Eubacterium.s__Eubacterium_eligens_CAG_72","DTDPRHAMSYN.PWY..dTDP.L.rhamnose.biosynthesis.I.g__Eubacterium.s__Eubacterium_eligens",0.934146151675553,0,0,"DTDPRHAMSYN PWY  dTDP L rhamnose biosynthesis I"
"UNINTEGRATED.g__Eubacterium.s__Eubacterium_eligens_CAG_72","PWY.6151..S.adenosyl.L.methionine.cycle.I.g__Eubacterium.s__Eubacterium_eligens",0.911749778826072,0,0,"PWY 6151  S adenosyl L methionine cycle I"
"UNINTEGRATED.g__Eubacterium.s__Eubacterium_eligens_CAG_72","PWY.6151..S.adenosyl.L.methionine.cycle.I.g__Eubacterium.s__Eubacterium_eligens_CAG_72",0.919060984500712,0,0,"PWY 6151  S adenosyl L methionine cycle I"
"UNINTEGRATED.g__Eubacterium.s__Eubacterium_eligens_CAG_72","VALSYN.PWY..L.valine.biosynthesis.g__Eubacterium.s__Eubacterium_eligens",0.88374448860711,1.49071142771266e-315,1.78699032397055e-313,"VALSYN PWY  L valine biosynthesis"
"UNINTEGRATED.g__Eubacterium.s__Eubacterium_eligens_CAG_72","ARGSYNBSUB.PWY..L.arginine.biosynthesis.II..acetyl.cycle..g__Eubacterium.s__Eubacterium_eligens_CAG_72",0.896114060059319,0,0,"ARGSYNBSUB PWY  L arginine biosynthesis II  acetyl cycle "
"UNINTEGRATED.g__Eubacterium.s__Eubacterium_eligens_CAG_72","PWY.6892..thiazole.biosynthesis.I..E..coli..g__Eubacterium.s__Eubacterium_eligens",0.856639836906644,2.6864090042302e-275,2.34206021368796e-273,"PWY 6892  thiazole biosynthesis I  E  coli "
"UNINTEGRATED.g__Eubacterium.s__Eubacterium_eligens_CAG_72","PWY0.1296..purine.ribonucleosides.degradation.g__Eubacterium.s__Eubacterium_eligens",0.804432760086151,4.31231463700503e-217,2.17057140886378e-215,"PWY0 1296  purine ribonucleosides degradation"
"UNINTEGRATED.g__Eubacterium.s__Eubacterium_eligens_CAG_72","PWY.7221..guanosine.ribonucleotides.de.novo.biosynthesis.g__Eubacterium.s__Eubacterium_eligens",0.929821102451179,0,0,"PWY 7221  guanosine ribonucleotides de novo biosynthesis"
"UNINTEGRATED.g__Eubacterium.s__Eubacterium_eligens_CAG_72","PWY.5686..UMP.biosynthesis.g__Eubacterium.s__Eubacterium_eligens_CAG_72",0.859739926677535,1.8277526649323e-279,1.68199400544098e-277,"PWY 5686  UMP biosynthesis"
"UNINTEGRATED.g__Eubacterium.s__Eubacterium_eligens_CAG_72","TRPSYN.PWY..L.tryptophan.biosynthesis.g__Eubacterium.s__Eubacterium_eligens_CAG_72",0.795289688973632,1.04098610381995e-208,4.95243023438729e-207,"TRPSYN PWY  L tryptophan biosynthesis"
"UNINTEGRATED.g__Eubacterium.s__Eubacterium_eligens_CAG_72","PWY.6122..5.aminoimidazole.ribonucleotide.biosynthesis.II.g__Eubacterium.s__Eubacterium_eligens",0.944231097986438,0,0,"PWY 6122  5 aminoimidazole ribonucleotide biosynthesis II"
"UNINTEGRATED.g__Eubacterium.s__Eubacterium_eligens_CAG_72","PWY.6277..superpathway.of.5.aminoimidazole.ribonucleotide.biosynthesis.g__Eubacterium.s__Eubacterium_eligens",0.944231097986438,0,0,"PWY 6277  superpathway of 5 aminoimidazole ribonucleotide biosynthesis"
"UNINTEGRATED.g__Eubacterium.s__Eubacterium_eligens_CAG_72","PWY.7111..pyruvate.fermentation.to.isobutanol..engineered..g__Eubacterium.s__Eubacterium_eligens",0.839978329581301,1.81748935616921e-254,1.235689311894e-252,"PWY 7111  pyruvate fermentation to isobutanol  engineered "
"UNINTEGRATED.g__Eubacterium.s__Eubacterium_eligens_CAG_72","COA.PWY..coenzyme.A.biosynthesis.I.g__Eubacterium.s__Eubacterium_eligens",0.870892771157706,2.49802020391243e-295,2.61588655951083e-293,"COA PWY  coenzyme A biosynthesis I"
"UNINTEGRATED.g__Eubacterium.s__Eubacterium_eligens_CAG_72","NONOXIPENT.PWY..pentose.phosphate.pathway..non.oxidative.branch..g__Eubacterium.s__Eubacterium_eligens_CAG_72",0.771099953190407,1.87411187972376e-188,7.48863871939619e-187,"NONOXIPENT PWY  pentose phosphate pathway  non oxidative branch "
"UNINTEGRATED.g__Eubacterium.s__Eubacterium_eligens_CAG_72","PWY.6703..preQ0.biosynthesis.g__Eubacterium.s__Eubacterium_eligens_CAG_72",0.844083196977019,2.27130240249664e-259,1.64882075999567e-257,"PWY 6703  preQ0 biosynthesis"
"UNINTEGRATED.g__Eubacterium.s__Eubacterium_eligens_CAG_72","COA.PWY.1..coenzyme.A.biosynthesis.II..mammalian..g__Eubacterium.s__Eubacterium_eligens",0.853925437347397,9.95708790037349e-272,8.24673175603206e-270,"COA PWY 1  coenzyme A biosynthesis II  mammalian "
"UNINTEGRATED.g__Eubacterium.s__Eubacterium_eligens_CAG_72","PWY.6121..5.aminoimidazole.ribonucleotide.biosynthesis.I.g__Eubacterium.s__Eubacterium_eligens",0.919996073179156,0,0,"PWY 6121  5 aminoimidazole ribonucleotide biosynthesis I"
"UNINTEGRATED.g__Eubacterium.s__Eubacterium_eligens_CAG_72","PWY.6936..seleno.amino.acid.biosynthesis.g__Eubacterium.s__Eubacterium_eligens",0.848761955744256,3.90367872344769e-265,3.00122067594685e-263,"PWY 6936  seleno amino acid biosynthesis"
"UNINTEGRATED.g__Eubacterium.s__Eubacterium_eligens_CAG_72","PEPTIDOGLYCANSYN.PWY..peptidoglycan.biosynthesis.I..meso.diaminopimelate.containing..g__Eubacterium.s__Eubacterium_eligens",0.808464127418614,6.2527743801364e-221,3.23669891989958e-219,"PEPTIDOGLYCANSYN PWY  peptidoglycan biosynthesis I  meso diaminopimelate containing "
"UNINTEGRATED.g__Eubacterium.s__Eubacterium_eligens_CAG_72","HSERMETANA.PWY..L.methionine.biosynthesis.III.g__Eubacterium.s__Eubacterium_eligens_CAG_72",0.879895440896818,2.96936942725918e-309,3.46826155987753e-307,"HSERMETANA PWY  L methionine biosynthesis III"
"UNINTEGRATED.g__Eubacterium.s__Eubacterium_eligens_CAG_72","PWY.6609..adenine.and.adenosine.salvage.III.g__Eubacterium.s__Eubacterium_eligens_CAG_72",0.84841161159079,1.0712141977001e-264,8.13274745678898e-263,"PWY 6609  adenine and adenosine salvage III"
"UNINTEGRATED.g__Eubacterium.s__Eubacterium_eligens_CAG_72","PWY.5097..L.lysine.biosynthesis.VI.g__Eubacterium.s__Eubacterium_eligens_CAG_72",0.867288676788086,4.80159550936261e-290,4.86054843200534e-288,"PWY 5097  L lysine biosynthesis VI"
"UNINTEGRATED.g__Eubacterium.s__Eubacterium_eligens_CAG_72","ARGSYNBSUB.PWY..L.arginine.biosynthesis.II..acetyl.cycle..g__Eubacterium.s__Eubacterium_eligens",0.886192560326985,1.12133138980129e-319,1.36211872889284e-317,"ARGSYNBSUB PWY  L arginine biosynthesis II  acetyl cycle "
"UNINTEGRATED.g__Eubacterium.s__Eubacterium_eligens_CAG_72","PWY.5188..tetrapyrrole.biosynthesis.I..from.glutamate..g__Eubacterium.s__Eubacterium_eligens",0.789321331039519,1.82879283526464e-203,8.20749612102388e-202,"PWY 5188  tetrapyrrole biosynthesis I  from glutamate "
"UNINTEGRATED.g__Eubacterium.s__Eubacterium_eligens_CAG_72","PWY.6387..UDP.N.acetylmuramoyl.pentapeptide.biosynthesis.I..meso.diaminopimelate.containing..g__Eubacterium.s__Eubacterium_eligens_CAG_72",0.870788201711034,3.57382141102861e-295,3.72106285316299e-293,"PWY 6387  UDP N acetylmuramoyl pentapeptide biosynthesis I  meso diaminopimelate containing "
"UNINTEGRATED.g__Eubacterium.s__Eubacterium_eligens_CAG_72","PWY.5695..urate.biosynthesis.inosine.5..phosphate.degradation.g__Eubacterium.s__Eubacterium_eligens",0.79152001605576,2.23920897892186e-205,1.01747199014801e-203,"PWY 5695  urate biosynthesis inosine 5  phosphate degradation"
"UNINTEGRATED.g__Eubacterium.s__Eubacterium_eligens_CAG_72","HSERMETANA.PWY..L.methionine.biosynthesis.III.g__Eubacterium.s__Eubacterium_eligens",0.849543227625994,4.07202714606114e-266,3.14391553510085e-264,"HSERMETANA PWY  L methionine biosynthesis III"
"UNINTEGRATED.g__Eubacterium.s__Eubacterium_eligens_CAG_72","PWY.6936..seleno.amino.acid.biosynthesis.g__Eubacterium.s__Eubacterium_eligens_CAG_72",0.813416485864449,8.98589444306632e-226,4.80152441780385e-224,"PWY 6936  seleno amino acid biosynthesis"
"UNINTEGRATED.g__Eubacterium.s__Eubacterium_eligens_CAG_72","COA.PWY.1..coenzyme.A.biosynthesis.II..mammalian..g__Eubacterium.s__Eubacterium_eligens_CAG_72",0.840175766537865,1.06371230414778e-254,7.28642928341229e-253,"COA PWY 1  coenzyme A biosynthesis II  mammalian "
"UNINTEGRATED.g__Eubacterium.s__Eubacterium_eligens_CAG_72","PWY0.1296..purine.ribonucleosides.degradation.g__Eubacterium.s__Eubacterium_eligens_CAG_72",0.873680546878174,1.58568774824688e-299,1.70963411010689e-297,"PWY0 1296  purine ribonucleosides degradation"
"UNINTEGRATED.g__Eubacterium.s__Eubacterium_eligens_CAG_72","SER.GLYSYN.PWY..superpathway.of.L.serine.and.glycine.biosynthesis.I.g__Eubacterium.s__Eubacterium_eligens",0.839181438478357,1.56773339336188e-253,1.05020846178113e-251,"SER GLYSYN PWY  superpathway of L serine and glycine biosynthesis I"
"UNINTEGRATED.g__Eubacterium.s__Eubacterium_eligens_CAG_72","PWY.6387..UDP.N.acetylmuramoyl.pentapeptide.biosynthesis.I..meso.diaminopimelate.containing..g__Eubacterium.s__Eubacterium_eligens",0.841514491866921,2.76023386430887e-256,1.93439312467584e-254,"PWY 6387  UDP N acetylmuramoyl pentapeptide biosynthesis I  meso diaminopimelate containing "
"UNINTEGRATED.g__Eubacterium.s__Eubacterium_eligens_CAG_72","PWY.1042..glycolysis.IV..plant.cytosol..g__Eubacterium.s__Eubacterium_eligens",0.811966913191759,2.43134230195042e-224,1.28783395592554e-222,"PWY 1042  glycolysis IV  plant cytosol "
"UNINTEGRATED.g__Eubacterium.s__Eubacterium_eligens_CAG_72","PWY.6609..adenine.and.adenosine.salvage.III.g__Eubacterium.s__Eubacterium_eligens",0.840985833395148,1.17209299546355e-255,8.18264615721891e-254,"PWY 6609  adenine and adenosine salvage III"
"UNINTEGRATED.g__Eubacterium.s__Eubacterium_eligens_CAG_72","PWY.5695..urate.biosynthesis.inosine.5..phosphate.degradation.g__Eubacterium.s__Eubacterium_eligens_CAG_72",0.80161816439711,1.82790993000889e-214,9.02611025330408e-213,"PWY 5695  urate biosynthesis inosine 5  phosphate degradation"
"UNINTEGRATED.g__Eubacterium.s__Eubacterium_eligens_CAG_72","CALVIN.PWY..Calvin.Benson.Bassham.cycle.g__Eubacterium.s__Eubacterium_eligens",0.726364000711155,7.02366478035676e-157,2.31844557903769e-155,"CALVIN PWY  Calvin Benson Bassham cycle"
"UNINTEGRATED.g__Eubacterium.s__Eubacterium_eligens_CAG_72","PWY.6892..thiazole.biosynthesis.I..E..coli..g__Eubacterium.s__Eubacterium_eligens_CAG_72",0.850687157282889,1.45329328580313e-267,1.14634012816532e-265,"PWY 6892  thiazole biosynthesis I  E  coli "
"UNINTEGRATED.g__Eubacterium.s__Eubacterium_eligens_CAG_72","PWY.4242..pantothenate.and.coenzyme.A.biosynthesis.III.g__Eubacterium.s__Eubacterium_eligens",0.721441002191917,8.68515656696391e-154,2.81587611755604e-152,"PWY 4242  pantothenate and coenzyme A biosynthesis III"
"UNINTEGRATED.g__Eubacterium.s__Eubacterium_eligens_CAG_72","RIBOSYN2.PWY..flavin.biosynthesis.I..bacteria.and.plants..g__Eubacterium.s__Eubacterium_eligens",0.843524006992457,1.07776935162582e-258,7.70119033567614e-257,"RIBOSYN2 PWY  flavin biosynthesis I  bacteria and plants "
"UNINTEGRATED.g__Eubacterium.s__Eubacterium_eligens_CAG_72","ARGSYN.PWY..L.arginine.biosynthesis.I..via.L.ornithine..g__Eubacterium.s__Eubacterium_eligens_CAG_72",0.840418679992381,5.49736426323977e-255,3.79422250910954e-253,"ARGSYN PWY  L arginine biosynthesis I  via L ornithine "
"UNINTEGRATED.g__Eubacterium.s__Eubacterium_eligens_CAG_72","ILEUSYN.PWY..L.isoleucine.biosynthesis.I..from.threonine..g__Eubacterium.s__Eubacterium_eligens_CAG_72",0.84682671675758,9.98493908048535e-263,7.45637602399687e-261,"ILEUSYN PWY  L isoleucine biosynthesis I  from threonine "
"UNINTEGRATED.g__Eubacterium.s__Eubacterium_eligens_CAG_72","PWY.7400..L.arginine.biosynthesis.IV..archaebacteria..g__Eubacterium.s__Eubacterium_eligens_CAG_72",0.840420181822745,5.47495636470641e-255,3.79312471183709e-253,"PWY 7400  L arginine biosynthesis IV  archaebacteria "
"UNINTEGRATED.g__Eubacterium.s__Eubacterium_eligens_CAG_72","CALVIN.PWY..Calvin.Benson.Bassham.cycle.g__Eubacterium.s__Eubacterium_eligens_CAG_72",0.769951578031294,1.48591360852178e-187,5.88583301323377e-186,"CALVIN PWY  Calvin Benson Bassham cycle"
"UNINTEGRATED.g__Eubacterium.s__Eubacterium_eligens_CAG_72","PWY.5103..L.isoleucine.biosynthesis.III.g__Eubacterium.s__Eubacterium_eligens_CAG_72",0.842901301967467,6.05991195766455e-258,4.29640683971229e-256,"PWY 5103  L isoleucine biosynthesis III"
"UNINTEGRATED.g__Eubacterium.s__Eubacterium_eligens_CAG_72","ILEUSYN.PWY..L.isoleucine.biosynthesis.I..from.threonine..g__Eubacterium.s__Eubacterium_eligens",0.719002710133047,2.79053356336381e-152,8.99934726691185e-151,"ILEUSYN PWY  L isoleucine biosynthesis I  from threonine "
"UNINTEGRATED.g__Eubacterium.s__Eubacterium_eligens_CAG_72","PEPTIDOGLYCANSYN.PWY..peptidoglycan.biosynthesis.I..meso.diaminopimelate.containing..g__Eubacterium.s__Eubacterium_eligens_CAG_72",0.86593517912194,4.22410183333532e-288,4.11590157781834e-286,"PEPTIDOGLYCANSYN PWY  peptidoglycan biosynthesis I  meso diaminopimelate containing "
"UNINTEGRATED.g__Eubacterium.s__Eubacterium_eligens_CAG_72","BRANCHED.CHAIN.AA.SYN.PWY..superpathway.of.branched.amino.acid.biosynthesis.g__Eubacterium.s__Eubacterium_eligens_CAG_72",0.845141434121943,1.17267350374113e-260,8.61584028696255e-259,"BRANCHED CHAIN AA SYN PWY  superpathway of branched amino acid biosynthesis"
"UNINTEGRATED.g__Eubacterium.s__Eubacterium_eligens_CAG_72","PWY.6700..queuosine.biosynthesis.g__Eubacterium.s__Eubacterium_eligens_CAG_72",0.858127844079137,2.76254702766352e-277,2.5042969846297e-275,"PWY 6700  queuosine biosynthesis"
"UNINTEGRATED.g__Eubacterium.s__Eubacterium_eligens_CAG_72","PWY.5686..UMP.biosynthesis.g__Eubacterium.s__Eubacterium_eligens",0.824547668921142,3.31782355203193e-237,1.95644216639398e-235,"PWY 5686  UMP biosynthesis"
"UNINTEGRATED.g__Eubacterium.s__Eubacterium_eligens_CAG_72","GLUTORN.PWY..L.ornithine.biosynthesis.g__Eubacterium.s__Eubacterium_eligens",0.845861525256047,1.54104910004808e-261,1.14144128666569e-259,"GLUTORN PWY  L ornithine biosynthesis"
"UNINTEGRATED.g__Eubacterium.s__Eubacterium_eligens_CAG_72","SER.GLYSYN.PWY..superpathway.of.L.serine.and.glycine.biosynthesis.I.g__Eubacterium.s__Eubacterium_eligens_CAG_72",0.706578328165371,7.62243447996301e-145,2.37822566197613e-143,"SER GLYSYN PWY  superpathway of L serine and glycine biosynthesis I"
"UNINTEGRATED.g__Eubacterium.s__Eubacterium_eligens_CAG_72","PWY.6386..UDP.N.acetylmuramoyl.pentapeptide.biosynthesis.II..lysine.containing..g__Eubacterium.s__Eubacterium_eligens_CAG_72",0.789050312601209,3.13521513146621e-203,1.40360577175542e-201,"PWY 6386  UDP N acetylmuramoyl pentapeptide biosynthesis II  lysine containing "
"UNINTEGRATED.g__Eubacterium.s__Eubacterium_eligens_CAG_72","BRANCHED.CHAIN.AA.SYN.PWY..superpathway.of.branched.amino.acid.biosynthesis.g__Eubacterium.s__Eubacterium_eligens",0.710697205147903,2.88786358614999e-147,9.16720599359565e-146,"BRANCHED CHAIN AA SYN PWY  superpathway of branched amino acid biosynthesis"
"UNINTEGRATED.g__Eubacterium.s__Eubacterium_eligens_CAG_72","PWY.5103..L.isoleucine.biosynthesis.III.g__Eubacterium.s__Eubacterium_eligens",0.708937492348515,3.16458575351446e-146,9.94170983013568e-145,"PWY 5103  L isoleucine biosynthesis III"
"UNINTEGRATED.g__Eubacterium.s__Eubacterium_eligens_CAG_72","GLUTORN.PWY..L.ornithine.biosynthesis.g__Eubacterium.s__Eubacterium_eligens_CAG_72",0.855158611609745,2.43091401065445e-273,2.06017135758766e-271,"GLUTORN PWY  L ornithine biosynthesis"
"UNINTEGRATED.g__Eubacterium.s__Eubacterium_eligens_CAG_72","GLYCOGENSYNTH.PWY..glycogen.biosynthesis.I..from.ADP.D.Glucose..g__Eubacterium.s__Eubacterium_eligens_CAG_72",0.824610571483139,2.84420260666839e-237,1.68260440571769e-235,"GLYCOGENSYNTH PWY  glycogen biosynthesis I  from ADP D Glucose "
"UNINTEGRATED.g__Eubacterium.s__Eubacterium_eligens_CAG_72","PWY.5667..CDP.diacylglycerol.biosynthesis.I.g__Eubacterium.s__Eubacterium_eligens",0.811745679835055,4.01186619758205e-224,2.10058086167076e-222,"PWY 5667  CDP diacylglycerol biosynthesis I"
"UNINTEGRATED.g__Eubacterium.s__Eubacterium_eligens_CAG_72","PWY0.1319..CDP.diacylglycerol.biosynthesis.II.g__Eubacterium.s__Eubacterium_eligens",0.811745679835055,4.01186619758205e-224,2.10058086167076e-222,"PWY0 1319  CDP diacylglycerol biosynthesis II"
"UNINTEGRATED.g__Eubacterium.s__Eubacterium_eligens_CAG_72","PWY.6737..starch.degradation.V.g__Eubacterium.s__Eubacterium_eligens",0.767760159765779,7.4722705619065e-186,2.93431555837281e-184,"PWY 6737  starch degradation V"
"UNINTEGRATED.g__Eubacterium.s__Eubacterium_eligens_CAG_72","PWY.6737..starch.degradation.V.g__Eubacterium.s__Eubacterium_eligens_CAG_72",0.804474043929156,3.94326474468676e-217,1.99031099481821e-215,"PWY 6737  starch degradation V"
"UNINTEGRATED.g__Eubacterium.s__Eubacterium_eligens_CAG_72","PWY.5188..tetrapyrrole.biosynthesis.I..from.glutamate..g__Eubacterium.s__Eubacterium_eligens_CAG_72",0.819405883831844,7.94342733872982e-232,4.45345198581526e-230,"PWY 5188  tetrapyrrole biosynthesis I  from glutamate "
"UNINTEGRATED.g__Eubacterium.s__Eubacterium_eligens_CAG_72","PWY.5667..CDP.diacylglycerol.biosynthesis.I.g__Eubacterium.s__Eubacterium_eligens_CAG_72",0.763033620825658,3.02046533891024e-182,1.15865050400597e-180,"PWY 5667  CDP diacylglycerol biosynthesis I"
"UNINTEGRATED.g__Eubacterium.s__Eubacterium_eligens_CAG_72","PWY0.1319..CDP.diacylglycerol.biosynthesis.II.g__Eubacterium.s__Eubacterium_eligens_CAG_72",0.763033620825658,3.02046533891024e-182,1.15865050400597e-180,"PWY0 1319  CDP diacylglycerol biosynthesis II"
"UNINTEGRATED.g__Eubacterium.s__Eubacterium_eligens_CAG_72","TRPSYN.PWY..L.tryptophan.biosynthesis.g__Eubacterium.s__Eubacterium_eligens",0.774876191543129,1.8986145196953e-191,7.72202124182322e-190,"TRPSYN PWY  L tryptophan biosynthesis"
"UNINTEGRATED.g__Eubacterium.s__Eubacterium_eligens_CAG_72","PWY.6385..peptidoglycan.biosynthesis.III..mycobacteria..g__Eubacterium.s__Eubacterium_eligens_CAG_72",0.784210274455839,4.16606119135339e-199,1.81168976056444e-197,"PWY 6385  peptidoglycan biosynthesis III  mycobacteria "
"UNINTEGRATED.g__Eubacterium.s__Eubacterium_eligens_CAG_72","RIBOSYN2.PWY..flavin.biosynthesis.I..bacteria.and.plants..g__Eubacterium.s__Eubacterium_eligens_CAG_72",0.715103751214643,6.64195276910883e-150,2.11949249397429e-148,"RIBOSYN2 PWY  flavin biosynthesis I  bacteria and plants "
"UNINTEGRATED.g__Eubacterium.s__Eubacterium_eligens_CAG_72","ARGSYN.PWY..L.arginine.biosynthesis.I..via.L.ornithine..g__Eubacterium.s__Eubacterium_eligens",0.827818906640649,1.0143013277502e-240,6.0995328359526e-239,"ARGSYN PWY  L arginine biosynthesis I  via L ornithine "
"UNINTEGRATED.g__Eubacterium.s__Eubacterium_eligens_CAG_72","PWY.7400..L.arginine.biosynthesis.IV..archaebacteria..g__Eubacterium.s__Eubacterium_eligens",0.827849593258901,9.39388809518056e-241,5.66774950272467e-239,"PWY 7400  L arginine biosynthesis IV  archaebacteria "
"UNINTEGRATED.g__Eubacterium.s__Eubacterium_eligens_CAG_72","PWY.6168..flavin.biosynthesis.III..fungi..g__Eubacterium.s__Eubacterium_eligens",0.792475041734082,3.25348285897509e-206,1.48949023048706e-204,"PWY 6168  flavin biosynthesis III  fungi "
"UNINTEGRATED.g__Eubacterium.s__Eubacterium_eligens_CAG_72","PWY.5097..L.lysine.biosynthesis.VI.g__Eubacterium.s__Eubacterium_eligens",0.855008795520796,3.82340545717751e-273,3.21042722743002e-271,"PWY 5097  L lysine biosynthesis VI"
"UNINTEGRATED.g__Eubacterium.s__Eubacterium_eligens_CAG_72","PWY.1042..glycolysis.IV..plant.cytosol..g__Eubacterium.s__Eubacterium_eligens_CAG_72",0.770056238804155,1.2310042610184e-187,4.88673826579876e-186,"PWY 1042  glycolysis IV  plant cytosol "
"UNINTEGRATED.g__Eubacterium.s__Eubacterium_eligens_CAG_72","PWY.6700..queuosine.biosynthesis.g__Eubacterium.s__Eubacterium_eligens",0.848336367750694,1.33011023223005e-264,1.00564060338024e-262,"PWY 6700  queuosine biosynthesis"
"UNINTEGRATED.g__Eubacterium.s__Eubacterium_eligens_CAG_72","PWY.2942..L.lysine.biosynthesis.III.g__Eubacterium.s__Eubacterium_eligens_CAG_72",0.800335315391161,2.78867890431536e-213,1.35862348437246e-211,"PWY 2942  L lysine biosynthesis III"
"UNINTEGRATED.g__Eubacterium.s__Eubacterium_eligens_CAG_72","RHAMCAT.PWY..L.rhamnose.degradation.I.g__Eubacterium.s__Eubacterium_eligens_CAG_72",0.733430383124495,1.9400544399552e-161,6.55839182753687e-160,"RHAMCAT PWY  L rhamnose degradation I"
"UNINTEGRATED.g__Eubacterium.s__Eubacterium_eligens_CAG_72","RHAMCAT.PWY..L.rhamnose.degradation.I.g__Eubacterium.s__Eubacterium_eligens",0.737439806730159,4.32229808892974e-164,1.47484257450166e-162,"RHAMCAT PWY  L rhamnose degradation I"
"UNINTEGRATED.g__Eubacterium.s__Eubacterium_eligens_CAG_72","PWY.2942..L.lysine.biosynthesis.III.g__Eubacterium.s__Eubacterium_eligens",0.769155007923011,6.20367365509723e-187,2.451998647929e-185,"PWY 2942  L lysine biosynthesis III"
"UNINTEGRATED.unclassified","PWY.7199..pyrimidine.deoxyribonucleosides.salvage.unclassified",0.817841619797072,3.18081464353152e-230,1.76162989725799e-228,"PWY 7199  pyrimidine deoxyribonucleosides salvage unclassified"
"UNINTEGRATED.unclassified","PWY.6700..queuosine.biosynthesis.unclassified",0.879447023083972,1.55752114281629e-308,1.79617675590226e-306,"PWY 6700  queuosine biosynthesis unclassified"
"UNINTEGRATED.unclassified","PWY.6163..chorismate.biosynthesis.from.3.dehydroquinate.unclassified",0.832164209452656,1.66270458871133e-245,1.05194931635101e-243,"PWY 6163  chorismate biosynthesis from 3 dehydroquinate unclassified"
"UNINTEGRATED.unclassified","PWY.7221..guanosine.ribonucleotides.de.novo.biosynthesis.unclassified",0.885364361945952,2.85309076635236e-318,3.44279250163284e-316,"PWY 7221  guanosine ribonucleotides de novo biosynthesis unclassified"
"UNINTEGRATED.unclassified","PWY.5686..UMP.biosynthesis.unclassified",0.866998187115729,1.26033862079684e-289,1.26876408892482e-287,"PWY 5686  UMP biosynthesis unclassified"
"UNINTEGRATED.unclassified","PWY.3841..folate.transformations.II.unclassified",0.870105199246415,3.67877884477903e-294,3.78706380399541e-292,"PWY 3841  folate transformations II unclassified"
"UNINTEGRATED.unclassified","TRNA.CHARGING.PWY..tRNA.charging.unclassified",0.829089222970968,4.18038961142571e-242,2.56467606430262e-240,"TRNA CHARGING PWY  tRNA charging unclassified"
"UNINTEGRATED.unclassified","ARO.PWY..chorismate.biosynthesis.I.unclassified",0.822788899124285,2.40118138299068e-235,1.39337343883672e-233,"ARO PWY  chorismate biosynthesis I unclassified"
"UNINTEGRATED.unclassified","PWY.6609..adenine.and.adenosine.salvage.III.unclassified",0.858414814910422,1.13586868369756e-277,1.03483316428267e-275,"PWY 6609  adenine and adenosine salvage III unclassified"
"UNINTEGRATED.unclassified","HISTSYN.PWY..L.histidine.biosynthesis.unclassified",0.762893113301363,3.85473196131295e-182,1.47556871989671e-180,"HISTSYN PWY  L histidine biosynthesis unclassified"
"UNINTEGRATED.unclassified","PWY.6387..UDP.N.acetylmuramoyl.pentapeptide.biosynthesis.I..meso.diaminopimelate.containing..unclassified",0.881843020543457,2.0547522415304e-312,2.43114549304712e-310,"PWY 6387  UDP N acetylmuramoyl pentapeptide biosynthesis I  meso diaminopimelate containing  unclassified"
"UNINTEGRATED.unclassified","PEPTIDOGLYCANSYN.PWY..peptidoglycan.biosynthesis.I..meso.diaminopimelate.containing..unclassified",0.878764632897773,1.9154386435162e-307,2.19504449833388e-305,"PEPTIDOGLYCANSYN PWY  peptidoglycan biosynthesis I  meso diaminopimelate containing  unclassified"
"UNINTEGRATED.unclassified","PWY.6386..UDP.N.acetylmuramoyl.pentapeptide.biosynthesis.II..lysine.containing..unclassified",0.863415119606442,1.54847256209161e-284,1.48498518704586e-282,"PWY 6386  UDP N acetylmuramoyl pentapeptide biosynthesis II  lysine containing  unclassified"
"UNINTEGRATED.unclassified","PWY.4242..pantothenate.and.coenzyme.A.biosynthesis.III.unclassified",0.815525820035997,7.02838398770879e-228,3.80012417329501e-226,"PWY 4242  pantothenate and coenzyme A biosynthesis III unclassified"
"UNINTEGRATED.unclassified","COA.PWY.1..coenzyme.A.biosynthesis.II..mammalian..unclassified",0.86768697960361,1.27386009269621e-290,1.30398903084369e-288,"COA PWY 1  coenzyme A biosynthesis II  mammalian  unclassified"
"UNINTEGRATED.unclassified","COMPLETE.ARO.PWY..superpathway.of.aromatic.amino.acid.biosynthesis.unclassified",0.819692662765172,4.02277942625157e-232,2.27636844489844e-230,"COMPLETE ARO PWY  superpathway of aromatic amino acid biosynthesis unclassified"
"UNINTEGRATED.unclassified","X1CMET2.PWY..N10.formyl.tetrahydrofolate.biosynthesis.unclassified",0.849993565727813,1.10007804474143e-266,8.5660350654844e-265,"X1CMET2 PWY  N10 formyl tetrahydrofolate biosynthesis unclassified"
"UNINTEGRATED.unclassified","PWY.6385..peptidoglycan.biosynthesis.III..mycobacteria..unclassified",0.872329642763213,1.76410259723417e-297,1.858018117006e-295,"PWY 6385  peptidoglycan biosynthesis III  mycobacteria  unclassified"
"UNINTEGRATED.unclassified","COA.PWY..coenzyme.A.biosynthesis.I.unclassified",0.817364815078013,9.72612307582772e-230,5.35406914092619e-228,"COA PWY  coenzyme A biosynthesis I unclassified"
"UNINTEGRATED.unclassified","PWY0.1296..purine.ribonucleosides.degradation.unclassified",0.734081426669683,7.25196388025315e-162,2.46067102164046e-160,"PWY0 1296  purine ribonucleosides degradation unclassified"
"UNINTEGRATED.unclassified","ARGSYNBSUB.PWY..L.arginine.biosynthesis.II..acetyl.cycle..unclassified",0.736343860634,2.31990683337832e-163,7.90112568429651e-162,"ARGSYNBSUB PWY  L arginine biosynthesis II  acetyl cycle  unclassified"
"UNINTEGRATED.unclassified","PWY.6121..5.aminoimidazole.ribonucleotide.biosynthesis.I.unclassified",0.845104376620847,1.30140366574468e-260,9.5232434512184e-259,"PWY 6121  5 aminoimidazole ribonucleotide biosynthesis I unclassified"
"UNINTEGRATED.unclassified","PWY.7219..adenosine.ribonucleotides.de.novo.biosynthesis.unclassified",0.89620531522365,0,0,"PWY 7219  adenosine ribonucleotides de novo biosynthesis unclassified"
"UNINTEGRATED.unclassified","PANTOSYN.PWY..pantothenate.and.coenzyme.A.biosynthesis.I.unclassified",0.781686952031871,5.33838836390645e-197,2.27268164436307e-195,"PANTOSYN PWY  pantothenate and coenzyme A biosynthesis I unclassified"
"UNINTEGRATED.unclassified","PWY.6151..S.adenosyl.L.methionine.cycle.I.unclassified",0.839852429940211,2.55657832185147e-254,1.73172541273069e-252,"PWY 6151  S adenosyl L methionine cycle I unclassified"
"UNINTEGRATED.unclassified","PWY.5097..L.lysine.biosynthesis.VI.unclassified",0.852083390202371,2.3939414677085e-269,1.94732176263913e-267,"PWY 5097  L lysine biosynthesis VI unclassified"
"UNINTEGRATED.unclassified","PWY.2942..L.lysine.biosynthesis.III.unclassified",0.82724847943528,4.21089654230033e-240,2.52390611504126e-238,"PWY 2942  L lysine biosynthesis III unclassified"
"UNINTEGRATED.unclassified","PWY.6122..5.aminoimidazole.ribonucleotide.biosynthesis.II.unclassified",0.855282058813386,1.67316766282228e-273,1.43130460020116e-271,"PWY 6122  5 aminoimidazole ribonucleotide biosynthesis II unclassified"
"UNINTEGRATED.unclassified","PWY.6277..superpathway.of.5.aminoimidazole.ribonucleotide.biosynthesis.unclassified",0.855282058813386,1.67316766282228e-273,1.43130460020116e-271,"PWY 6277  superpathway of 5 aminoimidazole ribonucleotide biosynthesis unclassified"
"UNINTEGRATED.unclassified","PWY.1042..glycolysis.IV..plant.cytosol..unclassified",0.742735083826937,1.14138186113641e-167,3.9765045682154e-166,"PWY 1042  glycolysis IV  plant cytosol  unclassified"
"UNINTEGRATED.unclassified","PWY.6737..starch.degradation.V.unclassified",0.759010671398987,3.0469608886296e-179,1.13072656520815e-177,"PWY 6737  starch degradation V unclassified"
"UNINTEGRATED.unclassified","PWY.5667..CDP.diacylglycerol.biosynthesis.I.unclassified",0.725126586449442,4.26726035734322e-156,1.39343639733245e-154,"PWY 5667  CDP diacylglycerol biosynthesis I unclassified"
"UNINTEGRATED.unclassified","PWY0.1319..CDP.diacylglycerol.biosynthesis.II.unclassified",0.725127142918937,4.26380884433629e-156,1.39343639733245e-154,"PWY0 1319  CDP diacylglycerol biosynthesis II unclassified"
"UNINTEGRATED.unclassified","DTDPRHAMSYN.PWY..dTDP.L.rhamnose.biosynthesis.I.unclassified",0.799148319278964,3.4098615142503e-212,1.63934265570329e-210,"DTDPRHAMSYN PWY  dTDP L rhamnose biosynthesis I unclassified"
"UNINTEGRATED.unclassified","PWY.724..superpathway.of.L.lysine..L.threonine.and.L.methionine.biosynthesis.II.unclassified",0.764021186392811,5.41400551891709e-183,2.09001259661416e-181,"PWY 724  superpathway of L lysine  L threonine and L methionine biosynthesis II unclassified"
"UNINTEGRATED.unclassified","TRNA.CHARGING.PWY..tRNA.charging",0.704941257485034,6.80544470373331e-144,2.11969244353376e-142,"TRNA CHARGING PWY  tRNA charging"
"UNINTEGRATED.g__Roseburia.s__Roseburia_hominis","PWY.7111..pyruvate.fermentation.to.isobutanol..engineered..g__Roseburia.s__Roseburia_hominis",0.965281037380937,0,0,"PWY 7111  pyruvate fermentation to isobutanol  engineered "
"UNINTEGRATED.g__Roseburia.s__Roseburia_hominis","VALSYN.PWY..L.valine.biosynthesis.g__Roseburia.s__Roseburia_hominis",0.909830427390811,0,0,"VALSYN PWY  L valine biosynthesis"
"UNINTEGRATED.g__Lachnospiraceae_unclassified.s__Eubacterium_rectale","PWY.7111..pyruvate.fermentation.to.isobutanol..engineered..g__Lachnospiraceae_unclassified.s__Eubacterium_rectale",0.955606419403448,0,0,"PWY 7111  pyruvate fermentation to isobutanol  engineered "
"UNINTEGRATED.g__Lachnospiraceae_unclassified.s__Eubacterium_rectale","VALSYN.PWY..L.valine.biosynthesis.g__Lachnospiraceae_unclassified.s__Eubacterium_rectale",0.9382575636435,0,0,"VALSYN PWY  L valine biosynthesis"
"UNINTEGRATED.g__Lachnospiraceae_unclassified.s__Eubacterium_rectale","PANTO.PWY..phosphopantothenate.biosynthesis.I.g__Lachnospiraceae_unclassified.s__Eubacterium_rectale",0.751831253257189,5.0140454214123e-174,1.81993867776003e-172,"PANTO PWY  phosphopantothenate biosynthesis I"
"UNINTEGRATED.g__Bacteroides.s__Bacteroides_fragilis_CAG_47","PWY.6387..UDP.N.acetylmuramoyl.pentapeptide.biosynthesis.I..meso.diaminopimelate.containing..g__Bacteroides.s__Bacteroides_fragilis",0.790391445136665,2.15984249266988e-204,9.76538214861982e-203,"PWY 6387  UDP N acetylmuramoyl pentapeptide biosynthesis I  meso diaminopimelate containing "
"UNINTEGRATED.g__Bacteroides.s__Bacteroides_fragilis_CAG_47","PWY.1042..glycolysis.IV..plant.cytosol..g__Bacteroides.s__Bacteroides_fragilis_CAG_47",0.777030445581161,3.49891567908309e-193,1.44894869519484e-191,"PWY 1042  glycolysis IV  plant cytosol "
"UNINTEGRATED.g__Bacteroides.s__Bacteroides_fragilis_CAG_47","VALSYN.PWY..L.valine.biosynthesis.g__Bacteroides.s__Bacteroides_fragilis_CAG_47",0.880302852963944,6.54954989036102e-310,7.69931280982375e-308,"VALSYN PWY  L valine biosynthesis"
"UNINTEGRATED.g__Bacteroides.s__Bacteroides_fragilis_CAG_47","DTDPRHAMSYN.PWY..dTDP.L.rhamnose.biosynthesis.I.g__Bacteroides.s__Bacteroides_fragilis",0.857379004765334,2.78307189281426e-276,2.43799773841196e-274,"DTDPRHAMSYN PWY  dTDP L rhamnose biosynthesis I"
"UNINTEGRATED.g__Bacteroides.s__Bacteroides_fragilis_CAG_47","PWY.7220..adenosine.deoxyribonucleotides.de.novo.biosynthesis.II.g__Bacteroides.s__Bacteroides_fragilis",0.878199317194649,1.51408849130904e-306,1.70297570371247e-304,"PWY 7220  adenosine deoxyribonucleotides de novo biosynthesis II"
"UNINTEGRATED.g__Bacteroides.s__Bacteroides_fragilis_CAG_47","PWY.7222..guanosine.deoxyribonucleotides.de.novo.biosynthesis.II.g__Bacteroides.s__Bacteroides_fragilis",0.878199317194649,1.51408849130904e-306,1.70297570371247e-304,"PWY 7222  guanosine deoxyribonucleotides de novo biosynthesis II"
"UNINTEGRATED.g__Bacteroides.s__Bacteroides_fragilis_CAG_47","DTDPRHAMSYN.PWY..dTDP.L.rhamnose.biosynthesis.I.g__Bacteroides.s__Bacteroides_fragilis_CAG_47",0.810810208008365,3.31023176174064e-223,1.72824449658098e-221,"DTDPRHAMSYN PWY  dTDP L rhamnose biosynthesis I"
"UNINTEGRATED.g__Bacteroides.s__Bacteroides_fragilis_CAG_47","HSERMETANA.PWY..L.methionine.biosynthesis.III.g__Bacteroides.s__Bacteroides_fragilis",0.794735755680173,3.24743132981835e-208,1.51721657078513e-206,"HSERMETANA PWY  L methionine biosynthesis III"
"UNINTEGRATED.g__Bacteroides.s__Bacteroides_fragilis_CAG_47","PWY.7221..guanosine.ribonucleotides.de.novo.biosynthesis.g__Bacteroides.s__Bacteroides_fragilis",0.820691772407141,3.72366458768487e-233,2.12692452828232e-231,"PWY 7221  guanosine ribonucleotides de novo biosynthesis"
"UNINTEGRATED.g__Bacteroides.s__Bacteroides_fragilis_CAG_47","ARGININE.SYN4.PWY..L.ornithine.de.novo..biosynthesis.g__Bacteroides.s__Bacteroides_fragilis",0.754513359482595,5.92393183291324e-176,2.1631254895293e-174,"ARGININE SYN4 PWY  L ornithine de novo  biosynthesis"
"UNINTEGRATED.g__Bacteroides.s__Bacteroides_fragilis_CAG_47","PWY.6124..inosine.5..phosphate.biosynthesis.II.g__Bacteroides.s__Bacteroides_fragilis_CAG_47",0.867665833172403,1.36698414447346e-290,1.39149821767882e-288,"PWY 6124  inosine 5  phosphate biosynthesis II"
"UNINTEGRATED.g__Bacteroides.s__Bacteroides_fragilis_CAG_47","VALSYN.PWY..L.valine.biosynthesis.g__Bacteroides.s__Bacteroides_fragilis",0.857765756649857,8.45500166492943e-277,7.51505294325264e-275,"VALSYN PWY  L valine biosynthesis"
"UNINTEGRATED.g__Bacteroides.s__Bacteroides_fragilis_CAG_47","PWY.7220..adenosine.deoxyribonucleotides.de.novo.biosynthesis.II.g__Bacteroides.s__Bacteroides_fragilis_CAG_47",0.866149918288623,2.08293281006114e-288,2.04049025441527e-286,"PWY 7220  adenosine deoxyribonucleotides de novo biosynthesis II"
"UNINTEGRATED.g__Bacteroides.s__Bacteroides_fragilis_CAG_47","PWY.7222..guanosine.deoxyribonucleotides.de.novo.biosynthesis.II.g__Bacteroides.s__Bacteroides_fragilis_CAG_47",0.866149918288623,2.08293281006114e-288,2.04049025441527e-286,"PWY 7222  guanosine deoxyribonucleotides de novo biosynthesis II"
"UNINTEGRATED.g__Bacteroides.s__Bacteroides_fragilis_CAG_47","SER.GLYSYN.PWY..superpathway.of.L.serine.and.glycine.biosynthesis.I.g__Bacteroides.s__Bacteroides_fragilis",0.819475941120363,6.7278017408425e-232,3.78355788641639e-230,"SER GLYSYN PWY  superpathway of L serine and glycine biosynthesis I"
"UNINTEGRATED.g__Bacteroides.s__Bacteroides_fragilis_CAG_47","COA.PWY.1..coenzyme.A.biosynthesis.II..mammalian..g__Bacteroides.s__Bacteroides_fragilis",0.757415930180926,4.5529051539565e-178,1.67592898606548e-176,"COA PWY 1  coenzyme A biosynthesis II  mammalian "
"UNINTEGRATED.g__Bacteroides.s__Bacteroides_fragilis_CAG_47","PWY.7111..pyruvate.fermentation.to.isobutanol..engineered..g__Bacteroides.s__Bacteroides_fragilis_CAG_47",0.809572003732234,5.3105002732489e-222,2.75676995666291e-220,"PWY 7111  pyruvate fermentation to isobutanol  engineered "
"UNINTEGRATED.g__Bacteroides.s__Bacteroides_fragilis_CAG_47","PANTO.PWY..phosphopantothenate.biosynthesis.I.g__Bacteroides.s__Bacteroides_fragilis",0.818433514361959,7.90652044882269e-231,4.40564859626906e-229,"PANTO PWY  phosphopantothenate biosynthesis I"
"UNINTEGRATED.g__Bacteroides.s__Bacteroides_fragilis_CAG_47","PWY.7221..guanosine.ribonucleotides.de.novo.biosynthesis.g__Bacteroides.s__Bacteroides_fragilis_CAG_47",0.822398586101454,6.17039847579962e-235,3.56923271833476e-233,"PWY 7221  guanosine ribonucleotides de novo biosynthesis"
"UNINTEGRATED.g__Bacteroides.s__Bacteroides_fragilis_CAG_47","PWY.5973..cis.vaccenate.biosynthesis.g__Bacteroides.s__Bacteroides_fragilis_CAG_47",0.759667934078103,9.93494384023417e-180,3.71713781751349e-178,"PWY 5973  cis vaccenate biosynthesis"
"UNINTEGRATED.g__Bacteroides.s__Bacteroides_fragilis_CAG_47","PWY.7228..superpathway.of.guanosine.nucleotides.de.novo.biosynthesis.I.g__Bacteroides.s__Bacteroides_fragilis_CAG_47",0.777933947446573,6.46661097991906e-194,2.69629562162712e-192,"PWY 7228  superpathway of guanosine nucleotides de novo biosynthesis I"
"UNINTEGRATED.g__Bacteroides.s__Bacteroides_fragilis_CAG_47","PWY.3841..folate.transformations.II.g__Bacteroides.s__Bacteroides_fragilis",0.79693987440911,3.43890331598929e-210,1.64032087226808e-208,"PWY 3841  folate transformations II"
"UNINTEGRATED.g__Bacteroides.s__Bacteroides_fragilis_CAG_47","HISTSYN.PWY..L.histidine.biosynthesis.g__Bacteroides.s__Bacteroides_fragilis",0.758931741915935,3.48504744083189e-179,1.29067173616662e-177,"HISTSYN PWY  L histidine biosynthesis"
"UNINTEGRATED.g__Bacteroides.s__Bacteroides_fragilis_CAG_47","PWY.2942..L.lysine.biosynthesis.III.g__Bacteroides.s__Bacteroides_fragilis",0.802032837589545,7.54313883717846e-215,3.73487860739752e-213,"PWY 2942  L lysine biosynthesis III"
"UNINTEGRATED.g__Bacteroides.s__Bacteroides_fragilis_CAG_47","PWY.6700..queuosine.biosynthesis.g__Bacteroides.s__Bacteroides_fragilis",0.863277218511268,2.41478509629752e-284,2.3036544104522e-282,"PWY 6700  queuosine biosynthesis"
"UNINTEGRATED.g__Bacteroides.s__Bacteroides_fragilis_CAG_47","PWY.7228..superpathway.of.guanosine.nucleotides.de.novo.biosynthesis.I.g__Bacteroides.s__Bacteroides_fragilis",0.783675795726678,1.17093423210942e-198,5.0558276405843e-197,"PWY 7228  superpathway of guanosine nucleotides de novo biosynthesis I"
"UNINTEGRATED.g__Bacteroides.s__Bacteroides_fragilis_CAG_47","PWY.6609..adenine.and.adenosine.salvage.III.g__Bacteroides.s__Bacteroides_fragilis_CAG_47",0.789724873986536,8.18364713441186e-204,3.68183294903996e-202,"PWY 6609  adenine and adenosine salvage III"
"UNINTEGRATED.g__Bacteroides.s__Bacteroides_fragilis_CAG_47","PWY.1042..glycolysis.IV..plant.cytosol..g__Bacteroides.s__Bacteroides_fragilis",0.771930739672588,4.15898749745658e-189,1.67286779671427e-187,"PWY 1042  glycolysis IV  plant cytosol "
"UNINTEGRATED.g__Bacteroides.s__Bacteroides_fragilis_CAG_47","PWY.6122..5.aminoimidazole.ribonucleotide.biosynthesis.II.g__Bacteroides.s__Bacteroides_fragilis",0.762323510947174,1.03425898328578e-181,3.91792784500005e-180,"PWY 6122  5 aminoimidazole ribonucleotide biosynthesis II"
"UNINTEGRATED.g__Bacteroides.s__Bacteroides_fragilis_CAG_47","PWY.6277..superpathway.of.5.aminoimidazole.ribonucleotide.biosynthesis.g__Bacteroides.s__Bacteroides_fragilis",0.762323510947174,1.03425898328578e-181,3.91792784500005e-180,"PWY 6277  superpathway of 5 aminoimidazole ribonucleotide biosynthesis"
"UNINTEGRATED.g__Bacteroides.s__Bacteroides_fragilis_CAG_47","PWY.7663..gondoate.biosynthesis..anaerobic..g__Bacteroides.s__Bacteroides_fragilis_CAG_47",0.761948687767518,1.97711332070732e-181,7.45858836782776e-180,"PWY 7663  gondoate biosynthesis  anaerobic "
"UNINTEGRATED.g__Bacteroides.s__Bacteroides_fragilis_CAG_47","PWY.5667..CDP.diacylglycerol.biosynthesis.I.g__Bacteroides.s__Bacteroides_fragilis",0.800167862067431,3.97409173080804e-213,1.92584908050674e-211,"PWY 5667  CDP diacylglycerol biosynthesis I"
"UNINTEGRATED.g__Bacteroides.s__Bacteroides_fragilis_CAG_47","PWY0.1319..CDP.diacylglycerol.biosynthesis.II.g__Bacteroides.s__Bacteroides_fragilis",0.800167862067431,3.97409173080804e-213,1.92584908050674e-211,"PWY0 1319  CDP diacylglycerol biosynthesis II"
"UNINTEGRATED.g__Bacteroides.s__Bacteroides_fragilis_CAG_47","PWY.6700..queuosine.biosynthesis.g__Bacteroides.s__Bacteroides_fragilis_CAG_47",0.79166300100172,1.67860610178479e-205,7.64647044515515e-204,"PWY 6700  queuosine biosynthesis"
"UNINTEGRATED.g__Bacteroides.s__Bacteroides_fragilis_CAG_47","COA.PWY..coenzyme.A.biosynthesis.I.g__Bacteroides.s__Bacteroides_fragilis",0.756593096252662,1.82260135480548e-177,6.69548775925618e-176,"COA PWY  coenzyme A biosynthesis I"
"UNINTEGRATED.g__Bacteroides.s__Bacteroides_fragilis_CAG_47","PWY.6609..adenine.and.adenosine.salvage.III.g__Bacteroides.s__Bacteroides_fragilis",0.775325275093833,8.28803064030013e-192,3.40126590758803e-190,"PWY 6609  adenine and adenosine salvage III"
"UNINTEGRATED.g__Bacteroides.s__Bacteroides_fragilis_CAG_47","ASPASN.PWY..superpathway.of.L.aspartate.and.L.asparagine.biosynthesis.g__Bacteroides.s__Bacteroides_fragilis",0.773630167230168,1.87453326322215e-190,7.59019346426019e-189,"ASPASN PWY  superpathway of L aspartate and L asparagine biosynthesis"
"UNINTEGRATED.g__Eubacterium.s__Eubacterium_sp_CAG_180","PWY.7219..adenosine.ribonucleotides.de.novo.biosynthesis.g__Eubacterium.s__Eubacterium_sp_CAG_180",0.939349323519736,0,0,"PWY 7219  adenosine ribonucleotides de novo biosynthesis"
"UNINTEGRATED.g__Eubacterium.s__Eubacterium_sp_CAG_180","PWY.6122..5.aminoimidazole.ribonucleotide.biosynthesis.II.g__Eubacterium.s__Eubacterium_sp_CAG_180",0.93842392002202,0,0,"PWY 6122  5 aminoimidazole ribonucleotide biosynthesis II"
"UNINTEGRATED.g__Eubacterium.s__Eubacterium_sp_CAG_180","PWY.6277..superpathway.of.5.aminoimidazole.ribonucleotide.biosynthesis.g__Eubacterium.s__Eubacterium_sp_CAG_180",0.93842392002202,0,0,"PWY 6277  superpathway of 5 aminoimidazole ribonucleotide biosynthesis"
"UNINTEGRATED.g__Eubacterium.s__Eubacterium_sp_CAG_180","PWY.7111..pyruvate.fermentation.to.isobutanol..engineered..g__Eubacterium.s__Eubacterium_sp_CAG_180",0.959757035148763,0,0,"PWY 7111  pyruvate fermentation to isobutanol  engineered "
"UNINTEGRATED.g__Eubacterium.s__Eubacterium_sp_CAG_180","PWY.7221..guanosine.ribonucleotides.de.novo.biosynthesis.g__Eubacterium.s__Eubacterium_sp_CAG_180",0.918349909520153,0,0,"PWY 7221  guanosine ribonucleotides de novo biosynthesis"
"UNINTEGRATED.g__Eubacterium.s__Eubacterium_sp_CAG_180","VALSYN.PWY..L.valine.biosynthesis.g__Eubacterium.s__Eubacterium_sp_CAG_180",0.959765365952269,0,0,"VALSYN PWY  L valine biosynthesis"
"UNINTEGRATED.g__Eubacterium.s__Eubacterium_sp_CAG_180","PWY.6737..starch.degradation.V.g__Eubacterium.s__Eubacterium_sp_CAG_180",0.94886249522219,0,0,"PWY 6737  starch degradation V"
"UNINTEGRATED.g__Bacteroides.s__Bacteroides_fragilis","PWY.6387..UDP.N.acetylmuramoyl.pentapeptide.biosynthesis.I..meso.diaminopimelate.containing..g__Bacteroides.s__Bacteroides_fragilis",0.715162614823772,6.11946222067828e-150,1.95618808987682e-148,"PWY 6387  UDP N acetylmuramoyl pentapeptide biosynthesis I  meso diaminopimelate containing "
"UNINTEGRATED.g__Bacteroides.s__Bacteroides_fragilis","VALSYN.PWY..L.valine.biosynthesis.g__Bacteroides.s__Bacteroides_fragilis_CAG_47",0.779388336687999,4.19797496745207e-195,1.75842073291825e-193,"VALSYN PWY  L valine biosynthesis"
"UNINTEGRATED.g__Bacteroides.s__Bacteroides_fragilis","DTDPRHAMSYN.PWY..dTDP.L.rhamnose.biosynthesis.I.g__Bacteroides.s__Bacteroides_fragilis",0.877531257042417,1.71977796487261e-305,1.8991560180572e-303,"DTDPRHAMSYN PWY  dTDP L rhamnose biosynthesis I"
"UNINTEGRATED.g__Bacteroides.s__Bacteroides_fragilis","PWY.7220..adenosine.deoxyribonucleotides.de.novo.biosynthesis.II.g__Bacteroides.s__Bacteroides_fragilis",0.87670914736417,3.35497245984022e-304,3.66053611920651e-302,"PWY 7220  adenosine deoxyribonucleotides de novo biosynthesis II"
"UNINTEGRATED.g__Bacteroides.s__Bacteroides_fragilis","PWY.7222..guanosine.deoxyribonucleotides.de.novo.biosynthesis.II.g__Bacteroides.s__Bacteroides_fragilis",0.87670914736417,3.35497245984022e-304,3.66053611920651e-302,"PWY 7222  guanosine deoxyribonucleotides de novo biosynthesis II"
"UNINTEGRATED.g__Bacteroides.s__Bacteroides_fragilis","DTDPRHAMSYN.PWY..dTDP.L.rhamnose.biosynthesis.I.g__Bacteroides.s__Bacteroides_fragilis_CAG_47",0.718977857829393,2.89043959937957e-152,9.30507066082954e-151,"DTDPRHAMSYN PWY  dTDP L rhamnose biosynthesis I"
"UNINTEGRATED.g__Bacteroides.s__Bacteroides_fragilis","HSERMETANA.PWY..L.methionine.biosynthesis.III.g__Bacteroides.s__Bacteroides_fragilis",0.710072269610395,6.77202667094417e-147,2.13852856102727e-145,"HSERMETANA PWY  L methionine biosynthesis III"
"UNINTEGRATED.g__Bacteroides.s__Bacteroides_fragilis","PWY.7221..guanosine.ribonucleotides.de.novo.biosynthesis.g__Bacteroides.s__Bacteroides_fragilis",0.76555938274531,3.65911900904897e-184,1.42768324333793e-182,"PWY 7221  guanosine ribonucleotides de novo biosynthesis"
"UNINTEGRATED.g__Bacteroides.s__Bacteroides_fragilis","PWY.6124..inosine.5..phosphate.biosynthesis.II.g__Bacteroides.s__Bacteroides_fragilis_CAG_47",0.775298622361174,8.70641813534855e-192,3.5569427095109e-190,"PWY 6124  inosine 5  phosphate biosynthesis II"
"UNINTEGRATED.g__Bacteroides.s__Bacteroides_fragilis","VALSYN.PWY..L.valine.biosynthesis.g__Bacteroides.s__Bacteroides_fragilis",0.781824340955304,4.10560810793837e-197,1.75606303602688e-195,"VALSYN PWY  L valine biosynthesis"
"UNINTEGRATED.g__Bacteroides.s__Bacteroides_fragilis","PWY.7220..adenosine.deoxyribonucleotides.de.novo.biosynthesis.II.g__Bacteroides.s__Bacteroides_fragilis_CAG_47",0.759033330694369,2.93166124324516e-179,1.09015917373816e-177,"PWY 7220  adenosine deoxyribonucleotides de novo biosynthesis II"
"UNINTEGRATED.g__Bacteroides.s__Bacteroides_fragilis","PWY.7222..guanosine.deoxyribonucleotides.de.novo.biosynthesis.II.g__Bacteroides.s__Bacteroides_fragilis_CAG_47",0.759033330694369,2.93166124324516e-179,1.09015917373816e-177,"PWY 7222  guanosine deoxyribonucleotides de novo biosynthesis II"
"UNINTEGRATED.g__Bacteroides.s__Bacteroides_fragilis","SER.GLYSYN.PWY..superpathway.of.L.serine.and.glycine.biosynthesis.I.g__Bacteroides.s__Bacteroides_fragilis",0.761752517985921,2.77396088528273e-181,1.04430457212266e-179,"SER GLYSYN PWY  superpathway of L serine and glycine biosynthesis I"
"UNINTEGRATED.g__Bacteroides.s__Bacteroides_fragilis","COA.PWY.1..coenzyme.A.biosynthesis.II..mammalian..g__Bacteroides.s__Bacteroides_fragilis",0.791940855340138,9.58249201934142e-206,4.37600468883258e-204,"COA PWY 1  coenzyme A biosynthesis II  mammalian "
"UNINTEGRATED.g__Bacteroides.s__Bacteroides_fragilis","PWY.7111..pyruvate.fermentation.to.isobutanol..engineered..g__Bacteroides.s__Bacteroides_fragilis_CAG_47",0.715284921742487,5.16120224768923e-150,1.65276390430836e-148,"PWY 7111  pyruvate fermentation to isobutanol  engineered "
"UNINTEGRATED.g__Bacteroides.s__Bacteroides_fragilis","PANTO.PWY..phosphopantothenate.biosynthesis.I.g__Bacteroides.s__Bacteroides_fragilis",0.823348442033119,6.18096690026946e-236,3.60972429134006e-234,"PANTO PWY  phosphopantothenate biosynthesis I"
"UNINTEGRATED.g__Bacteroides.s__Bacteroides_fragilis","PWY.7221..guanosine.ribonucleotides.de.novo.biosynthesis.g__Bacteroides.s__Bacteroides_fragilis_CAG_47",0.721808050900302,5.13496289316808e-154,1.66781031865268e-152,"PWY 7221  guanosine ribonucleotides de novo biosynthesis"
"UNINTEGRATED.g__Bacteroides.s__Bacteroides_fragilis","PWY.3841..folate.transformations.II.g__Bacteroides.s__Bacteroides_fragilis",0.716872523465088,5.61208354507166e-151,1.8034880824471e-149,"PWY 3841  folate transformations II"
"UNINTEGRATED.g__Bacteroides.s__Bacteroides_fragilis","HISTSYN.PWY..L.histidine.biosynthesis.g__Bacteroides.s__Bacteroides_fragilis",0.701110549763056,1.07693837793513e-141,3.33722690210137e-140,"HISTSYN PWY  L histidine biosynthesis"
"UNINTEGRATED.g__Bacteroides.s__Bacteroides_fragilis","PWY.2942..L.lysine.biosynthesis.III.g__Bacteroides.s__Bacteroides_fragilis",0.729183288465263,1.10932581944302e-158,3.6952515093366e-157,"PWY 2942  L lysine biosynthesis III"
"UNINTEGRATED.g__Bacteroides.s__Bacteroides_fragilis","PWY.6700..queuosine.biosynthesis.g__Bacteroides.s__Bacteroides_fragilis",0.794229553137179,9.15649805843138e-208,4.25613650823158e-206,"PWY 6700  queuosine biosynthesis"
"UNINTEGRATED.g__Bacteroides.s__Bacteroides_fragilis","PWY.7228..superpathway.of.guanosine.nucleotides.de.novo.biosynthesis.I.g__Bacteroides.s__Bacteroides_fragilis",0.726033150028568,1.13892442167848e-156,3.74591008797899e-155,"PWY 7228  superpathway of guanosine nucleotides de novo biosynthesis I"
"UNINTEGRATED.g__Bacteroides.s__Bacteroides_fragilis","PWY.6122..5.aminoimidazole.ribonucleotide.biosynthesis.II.g__Bacteroides.s__Bacteroides_fragilis",0.757498917551574,3.95729961629627e-178,1.45963474308774e-176,"PWY 6122  5 aminoimidazole ribonucleotide biosynthesis II"
"UNINTEGRATED.g__Bacteroides.s__Bacteroides_fragilis","PWY.6277..superpathway.of.5.aminoimidazole.ribonucleotide.biosynthesis.g__Bacteroides.s__Bacteroides_fragilis",0.757498917551574,3.95729961629627e-178,1.45963474308774e-176,"PWY 6277  superpathway of 5 aminoimidazole ribonucleotide biosynthesis"
"UNINTEGRATED.g__Bacteroides.s__Bacteroides_fragilis","PWY.5667..CDP.diacylglycerol.biosynthesis.I.g__Bacteroides.s__Bacteroides_fragilis",0.741540377276305,7.45464873409901e-167,2.57744126345385e-165,"PWY 5667  CDP diacylglycerol biosynthesis I"
"UNINTEGRATED.g__Bacteroides.s__Bacteroides_fragilis","PWY0.1319..CDP.diacylglycerol.biosynthesis.II.g__Bacteroides.s__Bacteroides_fragilis",0.741540377276305,7.45464873409901e-167,2.57744126345385e-165,"PWY0 1319  CDP diacylglycerol biosynthesis II"
"UNINTEGRATED.g__Bacteroides.s__Bacteroides_fragilis","COA.PWY..coenzyme.A.biosynthesis.I.g__Bacteroides.s__Bacteroides_fragilis",0.816161940843609,1.60771016566766e-228,8.74450356078518e-227,"COA PWY  coenzyme A biosynthesis I"
"UNINTEGRATED.g__Bacteroides.s__Bacteroides_fragilis","PWY.6609..adenine.and.adenosine.salvage.III.g__Bacteroides.s__Bacteroides_fragilis",0.708673491969604,4.52514223077919e-146,1.41671162520666e-144,"PWY 6609  adenine and adenosine salvage III"
"UNINTEGRATED.g__Bacteroides.s__Bacteroides_fragilis","PWY.6147..6.hydroxymethyl.dihydropterin.diphosphate.biosynthesis.I.g__Bacteroides.s__Bacteroides_fragilis",0.730659181801839,1.23843013236421e-159,4.14044687005656e-158,"PWY 6147  6 hydroxymethyl dihydropterin diphosphate biosynthesis I"
"UNINTEGRATED.g__Fusicatenibacter.s__Fusicatenibacter_saccharivorans","COA.PWY..coenzyme.A.biosynthesis.I.g__Fusicatenibacter.s__Fusicatenibacter_saccharivorans",0.704491189922119,1.23906411056525e-143,3.85272818406305e-142,"COA PWY  coenzyme A biosynthesis I"
"UNINTEGRATED.g__Fusicatenibacter.s__Fusicatenibacter_saccharivorans","DTDPRHAMSYN.PWY..dTDP.L.rhamnose.biosynthesis.I.g__Fusicatenibacter.s__Fusicatenibacter_saccharivorans",0.785255882283537,5.47016540849183e-200,2.40173214236457e-198,"DTDPRHAMSYN PWY  dTDP L rhamnose biosynthesis I"
"UNINTEGRATED.g__Ruminococcus.s__Ruminococcus_bicirculans","UDPNAGSYN.PWY..UDP.N.acetyl.D.glucosamine.biosynthesis.I.g__Ruminococcus.s__Ruminococcus_bicirculans",0.896459714571405,0,0,"UDPNAGSYN PWY  UDP N acetyl D glucosamine biosynthesis I"
"UNINTEGRATED.g__Barnesiella.s__Barnesiella_intestinihominis","PWY.3841..folate.transformations.II.g__Barnesiella.s__Barnesiella_intestinihominis",0.800432363518589,2.2707701963049e-213,1.10926819696707e-211,"PWY 3841  folate transformations II"
"UNINTEGRATED.g__Barnesiella.s__Barnesiella_intestinihominis","PWY.6122..5.aminoimidazole.ribonucleotide.biosynthesis.II.g__Barnesiella.s__Barnesiella_intestinihominis",0.826890648163958,1.0256980589416e-239,6.1075961869199e-238,"PWY 6122  5 aminoimidazole ribonucleotide biosynthesis II"
"UNINTEGRATED.g__Barnesiella.s__Barnesiella_intestinihominis","PWY.6277..superpathway.of.5.aminoimidazole.ribonucleotide.biosynthesis.g__Barnesiella.s__Barnesiella_intestinihominis",0.826890648163958,1.0256980589416e-239,6.1075961869199e-238,"PWY 6277  superpathway of 5 aminoimidazole ribonucleotide biosynthesis"
"UNINTEGRATED.g__Barnesiella.s__Barnesiella_intestinihominis","COA.PWY..coenzyme.A.biosynthesis.I.g__Barnesiella.s__Barnesiella_intestinihominis",0.849601611432464,3.43738079688904e-266,2.66521342553682e-264,"COA PWY  coenzyme A biosynthesis I"
"UNINTEGRATED.g__Barnesiella.s__Barnesiella_intestinihominis","PWY.2942..L.lysine.biosynthesis.III.g__Barnesiella.s__Barnesiella_intestinihominis",0.828030754314078,5.97026482739055e-241,3.62613984732944e-239,"PWY 2942  L lysine biosynthesis III"
"UNINTEGRATED.g__Barnesiella.s__Barnesiella_intestinihominis","PWY.6124..inosine.5..phosphate.biosynthesis.II.g__Barnesiella.s__Barnesiella_intestinihominis",0.800792020857958,1.05943902196818e-213,5.21730768088708e-212,"PWY 6124  inosine 5  phosphate biosynthesis II"
"UNINTEGRATED.g__Barnesiella.s__Barnesiella_intestinihominis","PWY.6121..5.aminoimidazole.ribonucleotide.biosynthesis.I.g__Barnesiella.s__Barnesiella_intestinihominis",0.771892428709195,4.45859895261749e-189,1.78943020959567e-187,"PWY 6121  5 aminoimidazole ribonucleotide biosynthesis I"
"UNINTEGRATED.g__Barnesiella.s__Barnesiella_intestinihominis","PWY.6700..queuosine.biosynthesis.g__Barnesiella.s__Barnesiella_intestinihominis",0.764577918879473,2.0466105522544e-183,7.93431720694199e-182,"PWY 6700  queuosine biosynthesis"
"UNINTEGRATED.g__Barnesiella.s__Barnesiella_intestinihominis","PWY.6151..S.adenosyl.L.methionine.cycle.I.g__Barnesiella.s__Barnesiella_intestinihominis",0.75456117823804,5.47037952761415e-176,2.00152179463167e-174,"PWY 6151  S adenosyl L methionine cycle I"
"UNINTEGRATED.g__Barnesiella.s__Barnesiella_intestinihominis","PWY.7199..pyrimidine.deoxyribonucleosides.salvage.g__Barnesiella.s__Barnesiella_intestinihominis",0.731714033687808,2.56118227937846e-160,8.61020337870016e-159,"PWY 7199  pyrimidine deoxyribonucleosides salvage"
"UNINTEGRATED.g__Barnesiella.s__Barnesiella_intestinihominis","HISTSYN.PWY..L.histidine.biosynthesis.g__Barnesiella.s__Barnesiella_intestinihominis",0.732704700099647,5.79006276332254e-161,1.95371728908333e-159,"HISTSYN PWY  L histidine biosynthesis"
"UNINTEGRATED.g__Barnesiella.s__Barnesiella_intestinihominis","DTDPRHAMSYN.PWY..dTDP.L.rhamnose.biosynthesis.I.g__Barnesiella.s__Barnesiella_intestinihominis",0.741490177478657,8.06442183128033e-167,2.78298920810149e-165,"DTDPRHAMSYN PWY  dTDP L rhamnose biosynthesis I"
"UNINTEGRATED.g__Barnesiella.s__Barnesiella_intestinihominis","PWY.7221..guanosine.ribonucleotides.de.novo.biosynthesis.g__Barnesiella.s__Barnesiella_intestinihominis",0.750252010157457,6.66241737369536e-173,2.39912859616805e-171,"PWY 7221  guanosine ribonucleotides de novo biosynthesis"
"UNINTEGRATED.g__Barnesiella.s__Barnesiella_intestinihominis","PWY.6609..adenine.and.adenosine.salvage.III.g__Barnesiella.s__Barnesiella_intestinihominis",0.768772434194384,1.22983289319453e-186,4.85038639543236e-185,"PWY 6609  adenine and adenosine salvage III"
"UNINTEGRATED.g__Barnesiella.s__Barnesiella_intestinihominis","PWY.5097..L.lysine.biosynthesis.VI.g__Barnesiella.s__Barnesiella_intestinihominis",0.790107763848612,3.80969353059987e-204,1.71822836190743e-202,"PWY 5097  L lysine biosynthesis VI"
"UNINTEGRATED.g__Barnesiella.s__Barnesiella_intestinihominis","X1CMET2.PWY..N10.formyl.tetrahydrofolate.biosynthesis.g__Barnesiella.s__Barnesiella_intestinihominis",0.7753013674401,8.66237134804649e-192,3.54690041197203e-190,"X1CMET2 PWY  N10 formyl tetrahydrofolate biosynthesis"
"UNINTEGRATED.g__Barnesiella.s__Barnesiella_intestinihominis","COA.PWY.1..coenzyme.A.biosynthesis.II..mammalian..g__Barnesiella.s__Barnesiella_intestinihominis",0.826001587710872,9.28598814344011e-239,5.51140032448281e-237,"COA PWY 1  coenzyme A biosynthesis II  mammalian "
"UNINTEGRATED.g__Barnesiella.s__Barnesiella_intestinihominis","PWY.6123..inosine.5..phosphate.biosynthesis.I.g__Barnesiella.s__Barnesiella_intestinihominis",0.729609001893231,5.90272711895532e-159,1.96984598597958e-157,"PWY 6123  inosine 5  phosphate biosynthesis I"
"UNINTEGRATED.g__Barnesiella.s__Barnesiella_intestinihominis","PANTO.PWY..phosphopantothenate.biosynthesis.I.g__Barnesiella.s__Barnesiella_intestinihominis",0.740900580404621,2.02779864261561e-166,6.98459717714539e-165,"PANTO PWY  phosphopantothenate biosynthesis I"
"UNINTEGRATED.g__Barnesiella.s__Barnesiella_intestinihominis","PWY.5695..urate.biosynthesis.inosine.5..phosphate.degradation.g__Barnesiella.s__Barnesiella_intestinihominis",0.759585490245152,1.14367044023604e-179,4.27024981384033e-178,"PWY 5695  urate biosynthesis inosine 5  phosphate degradation"
"UNINTEGRATED.g__Barnesiella.s__Barnesiella_intestinihominis","PWY.7111..pyruvate.fermentation.to.isobutanol..engineered..g__Barnesiella.s__Barnesiella_intestinihominis",0.820483034745977,6.12966577967052e-233,3.47939689007403e-231,"PWY 7111  pyruvate fermentation to isobutanol  engineered "
"UNINTEGRATED.g__Barnesiella.s__Barnesiella_intestinihominis","VALSYN.PWY..L.valine.biosynthesis.g__Barnesiella.s__Barnesiella_intestinihominis",0.820483034745977,6.12966577967052e-233,3.47939689007403e-231,"VALSYN PWY  L valine biosynthesis"
"UNINTEGRATED.g__Barnesiella.s__Barnesiella_intestinihominis","PWY.5686..UMP.biosynthesis.g__Barnesiella.s__Barnesiella_intestinihominis",0.731624818746402,2.92720287147115e-160,9.82257155084269e-159,"PWY 5686  UMP biosynthesis"
"UNINTEGRATED.g__Dialister.s__Dialister_invisus_CAG_218","PWY.5686..UMP.biosynthesis.g__Dialister.s__Dialister_invisus",0.947491077951616,0,0,"PWY 5686  UMP biosynthesis"
"UNINTEGRATED.g__Dialister.s__Dialister_invisus_CAG_218","PWY.6121..5.aminoimidazole.ribonucleotide.biosynthesis.I.g__Dialister.s__Dialister_invisus",0.9793117322708,0,0,"PWY 6121  5 aminoimidazole ribonucleotide biosynthesis I"
"UNINTEGRATED.g__Dialister.s__Dialister_invisus_CAG_218","PWY.6122..5.aminoimidazole.ribonucleotide.biosynthesis.II.g__Dialister.s__Dialister_invisus",0.981549349004486,0,0,"PWY 6122  5 aminoimidazole ribonucleotide biosynthesis II"
"UNINTEGRATED.g__Dialister.s__Dialister_invisus_CAG_218","PWY.6277..superpathway.of.5.aminoimidazole.ribonucleotide.biosynthesis.g__Dialister.s__Dialister_invisus",0.981549349004486,0,0,"PWY 6277  superpathway of 5 aminoimidazole ribonucleotide biosynthesis"
"UNINTEGRATED.g__Dialister.s__Dialister_invisus_CAG_218","PWY.724..superpathway.of.L.lysine..L.threonine.and.L.methionine.biosynthesis.II.g__Dialister.s__Dialister_invisus",0.932355113077113,0,0,"PWY 724  superpathway of L lysine  L threonine and L methionine biosynthesis II"
"UNINTEGRATED.g__Dialister.s__Dialister_invisus_CAG_218","PWY.5097..L.lysine.biosynthesis.VI.g__Dialister.s__Dialister_invisus",0.946060782297849,0,0,"PWY 5097  L lysine biosynthesis VI"
"UNINTEGRATED.g__Dialister.s__Dialister_invisus_CAG_218","PWY.6385..peptidoglycan.biosynthesis.III..mycobacteria..g__Dialister.s__Dialister_invisus",0.95234659927883,0,0,"PWY 6385  peptidoglycan biosynthesis III  mycobacteria "
"UNINTEGRATED.g__Dialister.s__Dialister_invisus_CAG_218","PWY.6122..5.aminoimidazole.ribonucleotide.biosynthesis.II.g__Dialister.s__Dialister_invisus_CAG_218",0.970596298396427,0,0,"PWY 6122  5 aminoimidazole ribonucleotide biosynthesis II"
"UNINTEGRATED.g__Dialister.s__Dialister_invisus_CAG_218","PWY.6277..superpathway.of.5.aminoimidazole.ribonucleotide.biosynthesis.g__Dialister.s__Dialister_invisus_CAG_218",0.970596298396427,0,0,"PWY 6277  superpathway of 5 aminoimidazole ribonucleotide biosynthesis"
"UNINTEGRATED.g__Dialister.s__Dialister_invisus_CAG_218","PWY.7208..superpathway.of.pyrimidine.nucleobases.salvage.g__Dialister.s__Dialister_invisus_CAG_218",0.920268752574314,0,0,"PWY 7208  superpathway of pyrimidine nucleobases salvage"
"UNINTEGRATED.g__Dialister.s__Dialister_invisus_CAG_218","PWY.7357..thiamin.formation.from.pyrithiamine.and.oxythiamine..yeast..g__Dialister.s__Dialister_invisus",0.945004014572784,0,0,"PWY 7357  thiamin formation from pyrithiamine and oxythiamine  yeast "
"UNINTEGRATED.g__Dialister.s__Dialister_invisus_CAG_218","PWY.2942..L.lysine.biosynthesis.III.g__Dialister.s__Dialister_invisus",0.943898123165272,0,0,"PWY 2942  L lysine biosynthesis III"
"UNINTEGRATED.g__Dialister.s__Dialister_invisus_CAG_218","PWY.5097..L.lysine.biosynthesis.VI.g__Dialister.s__Dialister_invisus_CAG_218",0.94283434353908,0,0,"PWY 5097  L lysine biosynthesis VI"
"UNINTEGRATED.g__Dialister.s__Dialister_invisus_CAG_218","PWY.5188..tetrapyrrole.biosynthesis.I..from.glutamate..g__Dialister.s__Dialister_invisus_CAG_218",0.922225266111195,0,0,"PWY 5188  tetrapyrrole biosynthesis I  from glutamate "
"UNINTEGRATED.g__Dialister.s__Dialister_invisus_CAG_218","PWY.2942..L.lysine.biosynthesis.III.g__Dialister.s__Dialister_invisus_CAG_218",0.940158362380551,0,0,"PWY 2942  L lysine biosynthesis III"
"UNINTEGRATED.g__Dialister.s__Dialister_invisus_CAG_218","PWY.6897..thiamin.salvage.II.g__Dialister.s__Dialister_invisus",0.938433300408044,0,0,"PWY 6897  thiamin salvage II"
"UNINTEGRATED.g__Dialister.s__Dialister_invisus_CAG_218","PEPTIDOGLYCANSYN.PWY..peptidoglycan.biosynthesis.I..meso.diaminopimelate.containing..g__Dialister.s__Dialister_invisus",0.956872784799943,0,0,"PEPTIDOGLYCANSYN PWY  peptidoglycan biosynthesis I  meso diaminopimelate containing "
"UNINTEGRATED.g__Dialister.s__Dialister_invisus_CAG_218","PWY.6387..UDP.N.acetylmuramoyl.pentapeptide.biosynthesis.I..meso.diaminopimelate.containing..g__Dialister.s__Dialister_invisus",0.958622963768329,0,0,"PWY 6387  UDP N acetylmuramoyl pentapeptide biosynthesis I  meso diaminopimelate containing "
"UNINTEGRATED.g__Dialister.s__Dialister_invisus_CAG_218","PWY.6124..inosine.5..phosphate.biosynthesis.II.g__Dialister.s__Dialister_invisus_CAG_218",0.917318747241536,0,0,"PWY 6124  inosine 5  phosphate biosynthesis II"
"UNINTEGRATED.g__Dialister.s__Dialister_invisus_CAG_218","PWY.3841..folate.transformations.II.g__Dialister.s__Dialister_invisus",0.953762459487267,0,0,"PWY 3841  folate transformations II"
"UNINTEGRATED.g__Dialister.s__Dialister_invisus_CAG_218","PWY.7219..adenosine.ribonucleotides.de.novo.biosynthesis.g__Dialister.s__Dialister_invisus",0.955180667303181,0,0,"PWY 7219  adenosine ribonucleotides de novo biosynthesis"
"UNINTEGRATED.g__Dialister.s__Dialister_invisus_CAG_218","COA.PWY.1..coenzyme.A.biosynthesis.II..mammalian..g__Dialister.s__Dialister_invisus",0.962169926615886,0,0,"COA PWY 1  coenzyme A biosynthesis II  mammalian "
"UNINTEGRATED.g__Dialister.s__Dialister_invisus_CAG_218","UDPNAGSYN.PWY..UDP.N.acetyl.D.glucosamine.biosynthesis.I.g__Dialister.s__Dialister_invisus_CAG_218",0.972889640090663,0,0,"UDPNAGSYN PWY  UDP N acetyl D glucosamine biosynthesis I"
"UNINTEGRATED.g__Dialister.s__Dialister_invisus_CAG_218","COA.PWY.1..coenzyme.A.biosynthesis.II..mammalian..g__Dialister.s__Dialister_invisus_CAG_218",0.966253438527976,0,0,"COA PWY 1  coenzyme A biosynthesis II  mammalian "
"UNINTEGRATED.g__Dialister.s__Dialister_invisus_CAG_218","PWY.6124..inosine.5..phosphate.biosynthesis.II.g__Dialister.s__Dialister_invisus",0.964975508728094,0,0,"PWY 6124  inosine 5  phosphate biosynthesis II"
"UNINTEGRATED.g__Dialister.s__Dialister_invisus_CAG_218","COA.PWY..coenzyme.A.biosynthesis.I.g__Dialister.s__Dialister_invisus_CAG_218",0.953933486948879,0,0,"COA PWY  coenzyme A biosynthesis I"
"UNINTEGRATED.g__Dialister.s__Dialister_invisus_CAG_218","PWY.7219..adenosine.ribonucleotides.de.novo.biosynthesis.g__Dialister.s__Dialister_invisus_CAG_218",0.959162182231797,0,0,"PWY 7219  adenosine ribonucleotides de novo biosynthesis"
"UNINTEGRATED.g__Dialister.s__Dialister_invisus_CAG_218","PWY.6387..UDP.N.acetylmuramoyl.pentapeptide.biosynthesis.I..meso.diaminopimelate.containing..g__Dialister.s__Dialister_invisus_CAG_218",0.945983722208099,0,0,"PWY 6387  UDP N acetylmuramoyl pentapeptide biosynthesis I  meso diaminopimelate containing "
"UNINTEGRATED.g__Dialister.s__Dialister_invisus_CAG_218","UDPNAGSYN.PWY..UDP.N.acetyl.D.glucosamine.biosynthesis.I.g__Dialister.s__Dialister_invisus",0.977155567620488,0,0,"UDPNAGSYN PWY  UDP N acetyl D glucosamine biosynthesis I"
"UNINTEGRATED.g__Dialister.s__Dialister_invisus_CAG_218","PWY.6385..peptidoglycan.biosynthesis.III..mycobacteria..g__Dialister.s__Dialister_invisus_CAG_218",0.939472729162148,0,0,"PWY 6385  peptidoglycan biosynthesis III  mycobacteria "
"UNINTEGRATED.g__Dialister.s__Dialister_invisus_CAG_218","PWY.7357..thiamin.formation.from.pyrithiamine.and.oxythiamine..yeast..g__Dialister.s__Dialister_invisus_CAG_218",0.936244780458894,0,0,"PWY 7357  thiamin formation from pyrithiamine and oxythiamine  yeast "
"UNINTEGRATED.g__Dialister.s__Dialister_invisus_CAG_218","PWY.4242..pantothenate.and.coenzyme.A.biosynthesis.III.g__Dialister.s__Dialister_invisus_CAG_218",0.926787483873512,0,0,"PWY 4242  pantothenate and coenzyme A biosynthesis III"
"UNINTEGRATED.g__Dialister.s__Dialister_invisus_CAG_218","PWY.7221..guanosine.ribonucleotides.de.novo.biosynthesis.g__Dialister.s__Dialister_invisus_CAG_218",0.948015657047562,0,0,"PWY 7221  guanosine ribonucleotides de novo biosynthesis"
"UNINTEGRATED.g__Dialister.s__Dialister_invisus_CAG_218","PWY.724..superpathway.of.L.lysine..L.threonine.and.L.methionine.biosynthesis.II.g__Dialister.s__Dialister_invisus_CAG_218",0.930706830574666,0,0,"PWY 724  superpathway of L lysine  L threonine and L methionine biosynthesis II"
"UNINTEGRATED.g__Dialister.s__Dialister_invisus_CAG_218","PEPTIDOGLYCANSYN.PWY..peptidoglycan.biosynthesis.I..meso.diaminopimelate.containing..g__Dialister.s__Dialister_invisus_CAG_218",0.944323320015298,0,0,"PEPTIDOGLYCANSYN PWY  peptidoglycan biosynthesis I  meso diaminopimelate containing "
"UNINTEGRATED.g__Dialister.s__Dialister_invisus_CAG_218","PWY.5686..UMP.biosynthesis.g__Dialister.s__Dialister_invisus_CAG_218",0.939537359889725,0,0,"PWY 5686  UMP biosynthesis"
"UNINTEGRATED.g__Dialister.s__Dialister_invisus_CAG_218","PWY.6386..UDP.N.acetylmuramoyl.pentapeptide.biosynthesis.II..lysine.containing..g__Dialister.s__Dialister_invisus",0.930586470879369,0,0,"PWY 6386  UDP N acetylmuramoyl pentapeptide biosynthesis II  lysine containing "
"UNINTEGRATED.g__Dialister.s__Dialister_invisus_CAG_218","PWY.7197..pyrimidine.deoxyribonucleotide.phosphorylation.g__Dialister.s__Dialister_invisus_CAG_218",0.92945459316408,0,0,"PWY 7197  pyrimidine deoxyribonucleotide phosphorylation"
"UNINTEGRATED.g__Dialister.s__Dialister_invisus_CAG_218","PWY.6168..flavin.biosynthesis.III..fungi..g__Dialister.s__Dialister_invisus",0.931564701877337,0,0,"PWY 6168  flavin biosynthesis III  fungi "
"UNINTEGRATED.g__Dialister.s__Dialister_invisus_CAG_218","PWY.5667..CDP.diacylglycerol.biosynthesis.I.g__Dialister.s__Dialister_invisus",0.943086930573835,0,0,"PWY 5667  CDP diacylglycerol biosynthesis I"
"UNINTEGRATED.g__Dialister.s__Dialister_invisus_CAG_218","PWY0.1319..CDP.diacylglycerol.biosynthesis.II.g__Dialister.s__Dialister_invisus",0.943086930573835,0,0,"PWY0 1319  CDP diacylglycerol biosynthesis II"
"UNINTEGRATED.g__Dialister.s__Dialister_invisus_CAG_218","PWY.6897..thiamin.salvage.II.g__Dialister.s__Dialister_invisus_CAG_218",0.929952390146946,0,0,"PWY 6897  thiamin salvage II"
"UNINTEGRATED.g__Dialister.s__Dialister_invisus","PWY.5686..UMP.biosynthesis.g__Dialister.s__Dialister_invisus",0.943800670477984,0,0,"PWY 5686  UMP biosynthesis"
"UNINTEGRATED.g__Dialister.s__Dialister_invisus","PWY.6121..5.aminoimidazole.ribonucleotide.biosynthesis.I.g__Dialister.s__Dialister_invisus",0.974906925102627,0,0,"PWY 6121  5 aminoimidazole ribonucleotide biosynthesis I"
"UNINTEGRATED.g__Dialister.s__Dialister_invisus","PWY.6122..5.aminoimidazole.ribonucleotide.biosynthesis.II.g__Dialister.s__Dialister_invisus",0.983719940087086,0,0,"PWY 6122  5 aminoimidazole ribonucleotide biosynthesis II"
"UNINTEGRATED.g__Dialister.s__Dialister_invisus","PWY.6277..superpathway.of.5.aminoimidazole.ribonucleotide.biosynthesis.g__Dialister.s__Dialister_invisus",0.983719940087086,0,0,"PWY 6277  superpathway of 5 aminoimidazole ribonucleotide biosynthesis"
"UNINTEGRATED.g__Dialister.s__Dialister_invisus","PWY.724..superpathway.of.L.lysine..L.threonine.and.L.methionine.biosynthesis.II.g__Dialister.s__Dialister_invisus",0.928527706154611,0,0,"PWY 724  superpathway of L lysine  L threonine and L methionine biosynthesis II"
"UNINTEGRATED.g__Dialister.s__Dialister_invisus","PWY.5097..L.lysine.biosynthesis.VI.g__Dialister.s__Dialister_invisus",0.943529721836744,0,0,"PWY 5097  L lysine biosynthesis VI"
"UNINTEGRATED.g__Dialister.s__Dialister_invisus","PWY.6385..peptidoglycan.biosynthesis.III..mycobacteria..g__Dialister.s__Dialister_invisus",0.94927086088805,0,0,"PWY 6385  peptidoglycan biosynthesis III  mycobacteria "
"UNINTEGRATED.g__Dialister.s__Dialister_invisus","PWY.6122..5.aminoimidazole.ribonucleotide.biosynthesis.II.g__Dialister.s__Dialister_invisus_CAG_218",0.964156124528426,0,0,"PWY 6122  5 aminoimidazole ribonucleotide biosynthesis II"
"UNINTEGRATED.g__Dialister.s__Dialister_invisus","PWY.6277..superpathway.of.5.aminoimidazole.ribonucleotide.biosynthesis.g__Dialister.s__Dialister_invisus_CAG_218",0.964156124528426,0,0,"PWY 6277  superpathway of 5 aminoimidazole ribonucleotide biosynthesis"
"UNINTEGRATED.g__Dialister.s__Dialister_invisus","PWY.7208..superpathway.of.pyrimidine.nucleobases.salvage.g__Dialister.s__Dialister_invisus_CAG_218",0.912341123602524,0,0,"PWY 7208  superpathway of pyrimidine nucleobases salvage"
"UNINTEGRATED.g__Dialister.s__Dialister_invisus","PWY.7357..thiamin.formation.from.pyrithiamine.and.oxythiamine..yeast..g__Dialister.s__Dialister_invisus",0.941038908292487,0,0,"PWY 7357  thiamin formation from pyrithiamine and oxythiamine  yeast "
"UNINTEGRATED.g__Dialister.s__Dialister_invisus","PWY.2942..L.lysine.biosynthesis.III.g__Dialister.s__Dialister_invisus",0.941334924255948,0,0,"PWY 2942  L lysine biosynthesis III"
"UNINTEGRATED.g__Dialister.s__Dialister_invisus","PWY.5097..L.lysine.biosynthesis.VI.g__Dialister.s__Dialister_invisus_CAG_218",0.935676974742393,0,0,"PWY 5097  L lysine biosynthesis VI"
"UNINTEGRATED.g__Dialister.s__Dialister_invisus","PWY.5188..tetrapyrrole.biosynthesis.I..from.glutamate..g__Dialister.s__Dialister_invisus_CAG_218",0.915921845459017,0,0,"PWY 5188  tetrapyrrole biosynthesis I  from glutamate "
"UNINTEGRATED.g__Dialister.s__Dialister_invisus","PWY.2942..L.lysine.biosynthesis.III.g__Dialister.s__Dialister_invisus_CAG_218",0.932238453791234,0,0,"PWY 2942  L lysine biosynthesis III"
"UNINTEGRATED.g__Dialister.s__Dialister_invisus","PWY.6897..thiamin.salvage.II.g__Dialister.s__Dialister_invisus",0.934658105977855,0,0,"PWY 6897  thiamin salvage II"
"UNINTEGRATED.g__Dialister.s__Dialister_invisus","PEPTIDOGLYCANSYN.PWY..peptidoglycan.biosynthesis.I..meso.diaminopimelate.containing..g__Dialister.s__Dialister_invisus",0.953519435919226,0,0,"PEPTIDOGLYCANSYN PWY  peptidoglycan biosynthesis I  meso diaminopimelate containing "
"UNINTEGRATED.g__Dialister.s__Dialister_invisus","PWY.6387..UDP.N.acetylmuramoyl.pentapeptide.biosynthesis.I..meso.diaminopimelate.containing..g__Dialister.s__Dialister_invisus",0.955380035759192,0,0,"PWY 6387  UDP N acetylmuramoyl pentapeptide biosynthesis I  meso diaminopimelate containing "
"UNINTEGRATED.g__Dialister.s__Dialister_invisus","PWY.6124..inosine.5..phosphate.biosynthesis.II.g__Dialister.s__Dialister_invisus_CAG_218",0.906152113753908,0,0,"PWY 6124  inosine 5  phosphate biosynthesis II"
"UNINTEGRATED.g__Dialister.s__Dialister_invisus","PWY.3841..folate.transformations.II.g__Dialister.s__Dialister_invisus",0.949820331987789,0,0,"PWY 3841  folate transformations II"
"UNINTEGRATED.g__Dialister.s__Dialister_invisus","PWY.7219..adenosine.ribonucleotides.de.novo.biosynthesis.g__Dialister.s__Dialister_invisus",0.950640707565888,0,0,"PWY 7219  adenosine ribonucleotides de novo biosynthesis"
"UNINTEGRATED.g__Dialister.s__Dialister_invisus","COA.PWY.1..coenzyme.A.biosynthesis.II..mammalian..g__Dialister.s__Dialister_invisus",0.95987155955865,0,0,"COA PWY 1  coenzyme A biosynthesis II  mammalian "
"UNINTEGRATED.g__Dialister.s__Dialister_invisus","UDPNAGSYN.PWY..UDP.N.acetyl.D.glucosamine.biosynthesis.I.g__Dialister.s__Dialister_invisus_CAG_218",0.967013163237378,0,0,"UDPNAGSYN PWY  UDP N acetyl D glucosamine biosynthesis I"
"UNINTEGRATED.g__Dialister.s__Dialister_invisus","COA.PWY.1..coenzyme.A.biosynthesis.II..mammalian..g__Dialister.s__Dialister_invisus_CAG_218",0.959974813714156,0,0,"COA PWY 1  coenzyme A biosynthesis II  mammalian "
"UNINTEGRATED.g__Dialister.s__Dialister_invisus","PWY.6124..inosine.5..phosphate.biosynthesis.II.g__Dialister.s__Dialister_invisus",0.962701179758513,0,0,"PWY 6124  inosine 5  phosphate biosynthesis II"
"UNINTEGRATED.g__Dialister.s__Dialister_invisus","COA.PWY..coenzyme.A.biosynthesis.I.g__Dialister.s__Dialister_invisus_CAG_218",0.946326327736194,0,0,"COA PWY  coenzyme A biosynthesis I"
"UNINTEGRATED.g__Dialister.s__Dialister_invisus","PWY.7219..adenosine.ribonucleotides.de.novo.biosynthesis.g__Dialister.s__Dialister_invisus_CAG_218",0.95294181442074,0,0,"PWY 7219  adenosine ribonucleotides de novo biosynthesis"
"UNINTEGRATED.g__Dialister.s__Dialister_invisus","PWY.6387..UDP.N.acetylmuramoyl.pentapeptide.biosynthesis.I..meso.diaminopimelate.containing..g__Dialister.s__Dialister_invisus_CAG_218",0.939773793686876,0,0,"PWY 6387  UDP N acetylmuramoyl pentapeptide biosynthesis I  meso diaminopimelate containing "
"UNINTEGRATED.g__Dialister.s__Dialister_invisus","UDPNAGSYN.PWY..UDP.N.acetyl.D.glucosamine.biosynthesis.I.g__Dialister.s__Dialister_invisus",0.973385413815061,0,0,"UDPNAGSYN PWY  UDP N acetyl D glucosamine biosynthesis I"
"UNINTEGRATED.g__Dialister.s__Dialister_invisus","PWY.6385..peptidoglycan.biosynthesis.III..mycobacteria..g__Dialister.s__Dialister_invisus_CAG_218",0.934451998627095,0,0,"PWY 6385  peptidoglycan biosynthesis III  mycobacteria "
"UNINTEGRATED.g__Dialister.s__Dialister_invisus","PWY.7357..thiamin.formation.from.pyrithiamine.and.oxythiamine..yeast..g__Dialister.s__Dialister_invisus_CAG_218",0.931977789440259,0,0,"PWY 7357  thiamin formation from pyrithiamine and oxythiamine  yeast "
"UNINTEGRATED.g__Dialister.s__Dialister_invisus","PWY.4242..pantothenate.and.coenzyme.A.biosynthesis.III.g__Dialister.s__Dialister_invisus_CAG_218",0.919290745443584,0,0,"PWY 4242  pantothenate and coenzyme A biosynthesis III"
"UNINTEGRATED.g__Dialister.s__Dialister_invisus","PWY.7221..guanosine.ribonucleotides.de.novo.biosynthesis.g__Dialister.s__Dialister_invisus_CAG_218",0.941106755826572,0,0,"PWY 7221  guanosine ribonucleotides de novo biosynthesis"
"UNINTEGRATED.g__Dialister.s__Dialister_invisus","PWY.724..superpathway.of.L.lysine..L.threonine.and.L.methionine.biosynthesis.II.g__Dialister.s__Dialister_invisus_CAG_218",0.922780239662531,0,0,"PWY 724  superpathway of L lysine  L threonine and L methionine biosynthesis II"
"UNINTEGRATED.g__Dialister.s__Dialister_invisus","PEPTIDOGLYCANSYN.PWY..peptidoglycan.biosynthesis.I..meso.diaminopimelate.containing..g__Dialister.s__Dialister_invisus_CAG_218",0.938179271101832,0,0,"PEPTIDOGLYCANSYN PWY  peptidoglycan biosynthesis I  meso diaminopimelate containing "
"UNINTEGRATED.g__Dialister.s__Dialister_invisus","PWY.5686..UMP.biosynthesis.g__Dialister.s__Dialister_invisus_CAG_218",0.933108900960572,0,0,"PWY 5686  UMP biosynthesis"
"UNINTEGRATED.g__Dialister.s__Dialister_invisus","PWY.6386..UDP.N.acetylmuramoyl.pentapeptide.biosynthesis.II..lysine.containing..g__Dialister.s__Dialister_invisus",0.926572696473968,0,0,"PWY 6386  UDP N acetylmuramoyl pentapeptide biosynthesis II  lysine containing "
"UNINTEGRATED.g__Dialister.s__Dialister_invisus","PWY.7197..pyrimidine.deoxyribonucleotide.phosphorylation.g__Dialister.s__Dialister_invisus_CAG_218",0.920259070741166,0,0,"PWY 7197  pyrimidine deoxyribonucleotide phosphorylation"
"UNINTEGRATED.g__Dialister.s__Dialister_invisus","PWY.6168..flavin.biosynthesis.III..fungi..g__Dialister.s__Dialister_invisus",0.926314861783939,0,0,"PWY 6168  flavin biosynthesis III  fungi "
"UNINTEGRATED.g__Dialister.s__Dialister_invisus","PWY.5667..CDP.diacylglycerol.biosynthesis.I.g__Dialister.s__Dialister_invisus",0.939465972448695,0,0,"PWY 5667  CDP diacylglycerol biosynthesis I"
"UNINTEGRATED.g__Dialister.s__Dialister_invisus","PWY0.1319..CDP.diacylglycerol.biosynthesis.II.g__Dialister.s__Dialister_invisus",0.939465972448695,0,0,"PWY0 1319  CDP diacylglycerol biosynthesis II"
"UNINTEGRATED.g__Dialister.s__Dialister_invisus","PWY.6897..thiamin.salvage.II.g__Dialister.s__Dialister_invisus_CAG_218",0.925785122917383,0,0,"PWY 6897  thiamin salvage II"
"UNINTEGRATED.g__Ruminococcaceae_unclassified.s__Eubacterium_siraeum","PWY.7111..pyruvate.fermentation.to.isobutanol..engineered..g__Ruminococcaceae_unclassified.s__Eubacterium_siraeum",0.965542020106671,0,0,"PWY 7111  pyruvate fermentation to isobutanol  engineered "
