"feature","metadata","value","coef","stderr","N","N.not.0","pval","qval"
"VALSYN.PWY..L.valine.biosynthesis.g__Escherichia.s__Escherichia_coli","study_condition","T2D",2.33488304243924,0.26466898538228,952,242,5.33222643376345e-18,3.55208314741473e-15
"PWY.7111..pyruvate.fermentation.to.isobutanol..engineered..g__Escherichia.s__Escherichia_coli","study_condition","T2D",2.23533539958938,0.254687807729047,952,248,7.73306618772631e-18,4.78345379897927e-15
"PWY0.1586..peptidoglycan.maturation..meso.diaminopimelate.containing..g__Escherichia.s__Escherichia_coli","study_condition","T2D",1.98929843612886,0.22269092904018,952,261,2.12119969958749e-18,1.53079911653564e-15
"PWY.5695..urate.biosynthesis.inosine.5..phosphate.degradation.g__Escherichia.s__Escherichia_coli","study_condition","T2D",1.9695783915056,0.256935189064208,952,227,4.39958725707076e-14,8.65918764687108e-12
"GLYOXYLATE.BYPASS..glyoxylate.cycle","study_condition","T2D",1.74875839672407,0.17183444090245,952,433,3.71015049284761e-23,1.60649516340301e-19
"FAO.PWY..fatty.acid..beta..oxidation.I","study_condition","T2D",1.73759988272159,0.194106100154933,952,589,1.81310616491814e-18,1.4274090352901e-15
"PWY.5675..nitrate.reduction.V..assimilatory.","study_condition","T2D",1.7215723264162,0.186729623872774,952,331,1.88363944089542e-19,2.71871959302573e-16
"PWY.4702..phytate.degradation.I","study_condition","T2D",1.68376780695481,0.186451415684587,952,314,9.36547225349084e-19,1.15864271021758e-15
"PWY.5136..fatty.acid..beta..oxidation.II..peroxisome.","study_condition","T2D",1.67792269308297,0.187231600399237,952,586,1.66850271694246e-18,1.4274090352901e-15
"PWY.5913..TCA.cycle.VI..obligate.autotrophs.","study_condition","T2D",1.65131765869834,0.183767714162549,952,611,1.36315367236468e-18,1.31165675585313e-15
"PWY.241..C4.photosynthetic.carbon.assimilation.cycle..NADP.ME.type","study_condition","T2D",1.57288878132595,0.184333053042037,952,606,5.60976781499169e-17,2.70629768869359e-14
"PWY.7117..C4.photosynthetic.carbon.assimilation.cycle..PEPCK.type","study_condition","T2D",1.57050139730818,0.181889885550405,952,605,2.47337422689843e-17,1.37895373477575e-14
"PWY66.389..phytol.degradation","study_condition","T2D",1.55856586592759,0.274385335243621,952,336,1.7894270696306e-08,1.21065925179695e-06
"PWY.6803..phosphatidylcholine.acyl.editing","study_condition","T2D",1.55418604346395,0.166786675525648,952,360,8.05736822167579e-20,1.39553617599425e-16
"TCA.GLYOX.BYPASS..superpathway.of.glyoxylate.bypass.and.TCA","study_condition","T2D",1.54229282053342,0.163641644227937,952,365,3.20216585590079e-20,6.93268907802522e-17
"SO4ASSIM.PWY..sulfate.reduction.I..assimilatory.","study_condition","T2D",1.53597635704909,0.180419674264372,952,601,6.56019413403545e-17,2.70629768869359e-14
"PWY.5723..Rubisco.shunt","study_condition","T2D",1.51801136490552,0.182149006367582,952,364,2.72908801107702e-16,9.08996237535653e-14
"PWY.5173..superpathway.of.acetyl.CoA.biosynthesis","study_condition","T2D",1.47886272889469,0.164193526231747,952,332,1.1436635392449e-18,1.23801578123261e-15
"P161.PWY..acetylene.degradation","study_condition","T2D",1.43875270463208,0.18054781718031,952,357,4.58456777250015e-15,1.16771637970151e-12
"GLYCOLYSIS.TCA.GLYOX.BYPASS..superpathway.of.glycolysis..pyruvate.dehydrogenase..TCA..and.glyoxylate.bypass","study_condition","T2D",1.43826157628473,0.152291812655889,952,361,2.70629621088053e-20,6.93268907802522e-17
"KETOGLUCONMET.PWY..ketogluconate.metabolism","study_condition","T2D",1.42400928825888,0.179703666087137,952,271,6.4245405034235e-15,1.39091301899119e-12
"GLUCARDEG.PWY..D.glucarate.degradation.I","study_condition","T2D",1.42222784007127,0.169093817673702,952,406,1.48520445833649e-16,5.59211765617132e-14
"SULFATE.CYS.PWY..superpathway.of.sulfate.assimilation.and.cysteine.biosynthesis","study_condition","T2D",1.39128615381844,0.161202014327261,952,598,2.54772052614457e-17,1.37895373477575e-14
"PWY.5913..TCA.cycle.VI..obligate.autotrophs..unclassified","study_condition","T2D",1.38638205618122,0.162574289852617,952,399,5.84796165510468e-17,2.70629768869359e-14
"PWY.7663..gondoate.biosynthesis..anaerobic..g__Escherichia.s__Escherichia_coli","study_condition","T2D",1.37638786174048,0.184538973107009,952,214,1.97600895465397e-13,3.00214693812339e-11
"GLUCOSE1PMETAB.PWY..glucose.and.glucose.1.phosphate.degradation","study_condition","T2D",1.3761333111024,0.192542362177328,952,554,1.76802794027309e-12,2.35555722504076e-10
"PWY4LZ.257..superpathway.of.fermentation..Chlamydomonas.reinhardtii.","study_condition","T2D",1.36707881927625,0.172253949550561,952,350,5.85884884725046e-15,1.30096489787664e-12
"PWY.7115..C4.photosynthetic.carbon.assimilation.cycle..NAD.ME.type","study_condition","T2D",1.3482387879825,0.194670723226097,952,524,7.99870387604739e-12,9.75616557275639e-10
"FERMENTATION.PWY..mixed.acid.fermentation","study_condition","T2D",1.34650415839216,0.162421676894415,952,569,3.84759114286047e-16,1.23407923322858e-13
"P461.PWY..hexitol.fermentation.to.lactate..formate..ethanol.and.acetate","study_condition","T2D",1.33044952105071,0.164564901243533,952,489,1.89473900080615e-15,5.12763742093164e-13
"PWY.821..superpathway.of.sulfur.amino.acid.biosynthesis..Saccharomyces.cerevisiae.","study_condition","T2D",1.32613760926366,0.158335073740287,952,340,1.96530324172388e-16,6.80781042933153e-14
"PWY.5791..1.4.dihydroxy.2.naphthoate.biosynthesis.II..plants.","study_condition","T2D",1.32446147985381,0.175206022842229,952,368,9.5459962574561e-14,1.5308949553624e-11
"PWY.5837..1.4.dihydroxy.2.naphthoate.biosynthesis.I","study_condition","T2D",1.32446147985381,0.175206022842229,952,368,9.5459962574561e-14,1.5308949553624e-11
"GALACTARDEG.PWY..D.galactarate.degradation.I","study_condition","T2D",1.32302507806048,0.181172030974665,952,522,5.98108001559394e-13,8.63269215584058e-11
"GLUCARGALACTSUPER.PWY..superpathway.of.D.glucarate.and.D.galactarate.degradation","study_condition","T2D",1.32302507806048,0.181172030974665,952,522,5.98108001559394e-13,8.63269215584058e-11
"GLUDEG.I.PWY..GABA.shunt","study_condition","T2D",1.3139972461305,0.222595523737983,952,615,4.9666689824944e-09,3.74011768594796e-07
"METHGLYUT.PWY..superpathway.of.methylglyoxal.degradation","study_condition","T2D",1.302166398929,0.198956076888931,952,439,9.73322479632347e-11,9.84567177305529e-09
"PWY.5345..superpathway.of.L.methionine.biosynthesis..by.sulfhydrylation.","study_condition","T2D",1.30010454117634,0.159579295804116,952,592,1.17165060839672e-15,3.38216475623852e-13
"PWY0.1415..superpathway.of.heme.biosynthesis.from.uroporphyrinogen.III","study_condition","T2D",1.29991458097813,0.152692085924521,952,320,6.56261564232857e-17,2.70629768869359e-14
"PWY.5863..superpathway.of.phylloquinol.biosynthesis","study_condition","T2D",1.29649037910946,0.169822875998576,952,362,5.53283674302206e-14,9.98215962386896e-12
"PWY.6803..phosphatidylcholine.acyl.editing.g__Escherichia.s__Escherichia_coli","study_condition","T2D",1.27650138307973,0.183421405421943,952,219,6.37596634714033e-12,8.00229979220801e-10
"PWY.5747..2.methylcitrate.cycle.II","study_condition","T2D",1.26246679222478,0.178184452888953,952,218,2.70919881561813e-12,3.50174055869447e-10
"PWY.5861..superpathway.of.demethylmenaquinol.8.biosynthesis","study_condition","T2D",1.25543914799498,0.16795016621709,952,366,1.75482288130884e-13,2.76304839129719e-11
"PWY.5897..superpathway.of.menaquinol.11.biosynthesis","study_condition","T2D",1.25203184023117,0.165592612816321,952,368,9.44518867054639e-14,1.5308949553624e-11
"PWY.5898..superpathway.of.menaquinol.12.biosynthesis","study_condition","T2D",1.25203184023117,0.165592612816321,952,368,9.44518867054639e-14,1.5308949553624e-11
"PWY.5899..superpathway.of.menaquinol.13.biosynthesis","study_condition","T2D",1.25203184023117,0.165592612816321,952,368,9.44518867054639e-14,1.5308949553624e-11
"P441.PWY..superpathway.of.N.acetylneuraminate.degradation","study_condition","T2D",1.24719765869195,0.146368940102449,952,543,6.17416616484014e-17,2.70629768869359e-14
"PWY.5656..mannosylglycerate.biosynthesis.I","study_condition","T2D",1.246284354849,0.148646412643676,952,245,1.83451556478771e-16,6.61954366294233e-14
"PWY.6629..superpathway.of.L.tryptophan.biosynthesis","study_condition","T2D",1.24543768469065,0.158934811367905,952,288,1.24467588189414e-14,2.56640312790553e-12
"PWY.5173..superpathway.of.acetyl.CoA.biosynthesis.unclassified","study_condition","T2D",1.24146875565732,0.156152263718229,952,265,5.27199204134598e-15,1.23238909499907e-12
"PWY.5838..superpathway.of.menaquinol.8.biosynthesis.I","study_condition","T2D",1.22157438855285,0.163620110187225,952,366,1.87393867378666e-13,2.89791230624866e-11
"PWY.6628..superpathway.of.L.phenylalanine.biosynthesis","study_condition","T2D",1.2171827120585,0.156560116678692,952,418,1.96975907508071e-14,3.96700316051138e-12
"PWY.5083..NAD.NADH.phosphorylation.and.dephosphorylation.unclassified","study_condition","T2D",1.16774085846511,0.170155746381295,952,285,1.21942757903171e-11,1.4667003936687e-09
"PWY.5083..NAD.NADH.phosphorylation.and.dephosphorylation","study_condition","T2D",1.16150162963921,0.169898843135712,952,667,1.45330336478665e-11,1.70075772149356e-09
"P4.PWY..superpathway.of.L.lysine..L.threonine.and.L.methionine.biosynthesis.I","study_condition","T2D",1.15599417609038,0.14132541424383,952,430,9.10523541781577e-16,2.71901167994085e-13
"PYRIDNUCSAL.PWY..NAD.salvage.pathway.I","study_condition","T2D",1.15360861481823,0.150834213201506,952,429,5.00069730901909e-14,9.53685308995424e-12
"PWY.5189..tetrapyrrole.biosynthesis.II..from.glycine.","study_condition","T2D",1.14852478226179,0.170763834320791,952,346,3.01668649975427e-11,3.43743487998316e-09
"PWY0.781..aspartate.superpathway","study_condition","T2D",1.14355609814318,0.138483536040941,952,422,4.96071569064482e-16,1.53427849574943e-13
"HEME.BIOSYNTHESIS.II..heme.biosynthesis.I..aerobic.","study_condition","T2D",1.14098241068651,0.156655327650886,952,521,6.84526873180394e-13,9.71803724875772e-11
"PWY.5138..unsaturated..even.numbered.fatty.acid..beta..oxidation","study_condition","T2D",1.13486985526015,0.205965049194018,952,345,4.62485507755342e-08,2.88138453033184e-06
"NONOXIPENT.PWY..pentose.phosphate.pathway..non.oxidative.branch..g__Escherichia.s__Escherichia_coli","study_condition","T2D",1.13032428200292,0.156342425328912,952,235,9.96148925423907e-13,1.36930947526524e-10
"PWY.5918..superpathay.of.heme.biosynthesis.from.glutamate","study_condition","T2D",1.12279793156128,0.133041024623988,952,334,1.18326267468671e-16,4.65775216490313e-14
"PWY.5022..4.aminobutanoate.degradation.V","study_condition","T2D",1.11943320295622,0.184262969513857,952,500,1.79182825861481e-09,1.5212973254514e-07
"PWY.561..superpathway.of.glyoxylate.cycle.and.fatty.acid.degradation","study_condition","T2D",1.11939747546749,0.140828952160455,952,293,5.3419155832136e-15,1.23238909499907e-12
"DAPLYSINESYN.PWY..L.lysine.biosynthesis.I","study_condition","T2D",1.11931710199118,0.160020566747333,952,635,5.01637063530241e-12,6.38849554437043e-10
"PWY.7254..TCA.cycle.VII..acetate.producers.","study_condition","T2D",1.09346244772131,0.139384929716772,952,360,1.1657710958314e-14,2.46233602192681e-12
"PWY.7221..guanosine.ribonucleotides.de.novo.biosynthesis.g__Parabacteroides.s__Parabacteroides_distasonis","study_condition","T2D",1.07424422880285,0.217652639926883,952,522,9.43873031691439e-07,3.8556322898339e-05
"PWY.5675..nitrate.reduction.V..assimilatory..unclassified","study_condition","T2D",1.05049803011898,0.131983580049886,952,278,4.92714986462531e-15,1.21911765221872e-12
"PWY.5367..petroselinate.biosynthesis","study_condition","T2D",1.04198362875725,0.143998335895443,952,233,9.53408894318001e-13,1.33169693948289e-10
"HEMESYN2.PWY..heme.biosynthesis.II..anaerobic.","study_condition","T2D",1.04014700707073,0.175497033276968,952,623,4.32043006748705e-09,3.31105525525999e-07
"PWY.6549..L.glutamine.biosynthesis.III","study_condition","T2D",1.0391775354745,0.172789365788689,952,647,2.58022467421171e-09,2.14551822107551e-07
"P105.PWY..TCA.cycle.IV..2.oxoglutarate.decarboxylase.","study_condition","T2D",1.01857565234394,0.127065173987354,952,302,3.19886673486214e-15,8.39460179512308e-13
"PWY.6284..superpathway.of.unsaturated.fatty.acids.biosynthesis..E..coli.","study_condition","T2D",1.01515871407351,0.133603942058011,952,225,7.20005762005089e-14,1.27249997938042e-11
"PWY.5384..sucrose.degradation.IV..sucrose.phosphorylase.","study_condition","T2D",1.00747632653602,0.153532078481254,952,672,8.72863578138866e-11,9.10722721287058e-09
"FASYN.INITIAL.PWY..superpathway.of.fatty.acid.biosynthesis.initiation..E..coli..unclassified","study_condition","T2D",1.00205380065808,0.146539183977057,952,431,1.43698482032512e-11,1.70075772149356e-09
"PWY.7388..octanoyl..acyl.carrier.protein..biosynthesis..mitochondria..yeast..unclassified","study_condition","T2D",0.998938261843974,0.150103723761781,952,425,4.78879549576011e-11,5.31679089657468e-09
"PWY.6282..palmitoleate.biosynthesis.I..from..5Z..dodec.5.enoate.","study_condition","T2D",0.985121485648707,0.185924472994323,952,801,1.45260562626465e-07,7.71752437021589e-06
"GLYOXYLATE.BYPASS..glyoxylate.cycle.unclassified","study_condition","T2D",0.98084634189158,0.132033352629498,952,317,2.44461870198434e-13,3.65006861365248e-11
"PWY.5384..sucrose.degradation.IV..sucrose.phosphorylase..unclassified","study_condition","T2D",0.97351786705757,0.148686545521025,952,292,9.58133162689112e-11,9.84567177305529e-09
"PWY.5989..stearate.biosynthesis.II..bacteria.and.plants.","study_condition","T2D",0.970353087081318,0.182256529180519,952,808,1.26734211502147e-07,6.99056223954521e-06
"PWY.5695..urate.biosynthesis.inosine.5..phosphate.degradation.g__Parabacteroides.s__Parabacteroides_distasonis","study_condition","T2D",0.969104067434186,0.217598229594544,952,418,9.44901091471401e-06,0.000269172481978366
"PWY.7664..oleate.biosynthesis.IV..anaerobic.","study_condition","T2D",0.965138810015751,0.183599681297155,952,801,1.8122842841667e-07,9.17800111162787e-06
"PWY.7328..superpathway.of.UDP.glucose.derived.O.antigen.building.blocks.biosynthesis","study_condition","T2D",0.96200569705127,0.160745589213958,952,524,3.07333747981558e-09,2.46142561646774e-07
"HOMOSER.METSYN.PWY..L.methionine.biosynthesis.I.unclassified","study_condition","T2D",0.960325830854118,0.135280950675223,952,453,2.46805326690063e-12,3.23838504414537e-10
"GLYCOGENSYNTH.PWY..glycogen.biosynthesis.I..from.ADP.D.Glucose..g__Faecalibacterium.s__Faecalibacterium_prausnitzii","study_condition","T2D",-0.959445956664662,0.202822236526739,952,762,2.58073573712637e-06,8.76438097392722e-05
"PWY.6630..superpathway.of.L.tyrosine.biosynthesis","study_condition","T2D",0.959316821444421,0.148775939252647,952,288,1.80299758468885e-10,1.75437742510173e-08
"HOMOSER.METSYN.PWY..L.methionine.biosynthesis.I","study_condition","T2D",0.954667041828082,0.156694379210843,952,787,1.61454737435448e-09,1.39819802619098e-07
"PWY.6531..mannitol.cycle","study_condition","T2D",0.950419061614214,0.159195066610382,952,521,3.34834126073321e-09,2.5889852962455e-07
"PWY0.1061..superpathway.of.L.alanine.biosynthesis.unclassified","study_condition","T2D",0.946924731958399,0.161804695180476,952,316,6.67743278008672e-09,4.98504895478888e-07
"PWY.7388..octanoyl..acyl.carrier.protein..biosynthesis..mitochondria..yeast.","study_condition","T2D",0.945520794406643,0.17898767290367,952,801,1.58059744016703e-07,8.1476034713372e-06
"SO4ASSIM.PWY..sulfate.reduction.I..assimilatory..unclassified","study_condition","T2D",0.937877773664583,0.134966385907478,952,313,6.84033785978453e-12,8.46247512367629e-10
"PWY0.862...5Z..dodec.5.enoate.biosynthesis","study_condition","T2D",0.93506361915224,0.184118022445631,952,806,4.578045521952e-07,2.0227486846992e-05
"PWY.6122..5.aminoimidazole.ribonucleotide.biosynthesis.II.g__Lachnospira.s__Lachnospira_pectinoschiza","study_condition","T2D",-0.933672675671784,0.219885084965117,952,351,2.38871033307507e-05,0.000577827695095813
"PWY.6277..superpathway.of.5.aminoimidazole.ribonucleotide.biosynthesis.g__Lachnospira.s__Lachnospira_pectinoschiza","study_condition","T2D",-0.933672675671784,0.219885084965117,952,351,2.38871033307507e-05,0.000577827695095813
"FERMENTATION.PWY..mixed.acid.fermentation.unclassified","study_condition","T2D",0.930530929510367,0.130146419718457,952,334,1.73527882809369e-12,2.34804916426427e-10
"PWY.5840..superpathway.of.menaquinol.7.biosynthesis","study_condition","T2D",0.927919431925797,0.142026596792371,952,277,1.04811716329185e-10,1.04329823380545e-08
"PWY.4041...gamma..glutamyl.cycle.unclassified","study_condition","T2D",0.925027666807579,0.139945465546556,952,383,6.41191612632832e-11,7.02875869038016e-09
"PWY.6703..preQ0.biosynthesis.g__Parabacteroides.s__Parabacteroides_distasonis","study_condition","T2D",0.923302598166002,0.190594019808779,952,415,1.48340849439479e-06,5.70947447175951e-05
"PWY.5971..palmitate.biosynthesis.II..bacteria.and.plants.","study_condition","T2D",0.922552081034392,0.113523525488525,952,225,1.37296020912557e-15,3.83543077775078e-13
"PWY.6519..8.amino.7.oxononanoate.biosynthesis.I","study_condition","T2D",0.921785319273496,0.182273838605776,952,797,5.10910283821937e-07,2.24524468465271e-05
"PWY66.389..phytol.degradation.unclassified","study_condition","T2D",0.920838397254744,0.179340124080648,952,225,3.431845491348e-07,1.5761556327611e-05
"PWY.2723..trehalose.degradation.V","study_condition","T2D",0.917799884595041,0.169484620967353,952,492,7.76129143180757e-08,4.6036153287297e-06
"SALVADEHYPOX.PWY..adenosine.nucleotides.degradation.II","study_condition","T2D",0.915023593220888,0.150011849037655,952,835,1.54672298361036e-09,1.35299202404705e-07
"PWYG.321..mycolate.biosynthesis","study_condition","T2D",0.912075179264819,0.187902315790376,952,789,1.41469100685956e-06,5.54354032552208e-05
"PWY.6588..pyruvate.fermentation.to.acetone","study_condition","T2D",0.911636211762088,0.200752452939035,952,358,6.31758257559876e-06,0.000191294633233165
"METSYN.PWY..L.homoserine.and.L.methionine.biosynthesis","study_condition","T2D",0.910947953251817,0.150419751471279,952,787,2.00965011175804e-09,1.68966698716744e-07
"FASYN.INITIAL.PWY..superpathway.of.fatty.acid.biosynthesis.initiation..E..coli.","study_condition","T2D",0.908972533089222,0.170841206300977,952,803,1.29149715495471e-07,7.07871225437199e-06
"PWY.6612..superpathway.of.tetrahydrofolate.biosynthesis","study_condition","T2D",0.906442786110982,0.146642285409453,952,244,9.43499702621749e-10,8.33745655582076e-08
"PWY.6507..4.deoxy.L.threo.hex.4.enopyranuronate.degradation.g__Faecalibacterium.s__Faecalibacterium_prausnitzii","study_condition","T2D",-0.901011672170455,0.188606027023262,952,614,2.05892605412679e-06,7.33218238078157e-05
"PWY.5347..superpathway.of.L.methionine.biosynthesis..transsulfuration.","study_condition","T2D",0.900120176595502,0.147965785249011,952,787,1.70674875179194e-09,1.46341031589289e-07
"FOLSYN.PWY..superpathway.of.tetrahydrofolate.biosynthesis.and.salvage","study_condition","T2D",0.896118925392602,0.144852734605721,952,244,9.14669399100022e-10,8.16601752186206e-08
"PYRIDOXSYN.PWY..pyridoxal.5..phosphate.biosynthesis.I.unclassified","study_condition","T2D",0.895298885349877,0.133474273160402,952,287,3.3974996038722e-11,3.82108397006925e-09
"GLUCOSE1PMETAB.PWY..glucose.and.glucose.1.phosphate.degradation.unclassified","study_condition","T2D",0.893770028199108,0.131556148363952,952,336,1.92767057597107e-11,2.22581695838793e-09
"SALVADEHYPOX.PWY..adenosine.nucleotides.degradation.II.unclassified","study_condition","T2D",0.88862584916211,0.156320882073576,952,653,1.74526559755683e-08,1.19007874605056e-06
"PWY.5103..L.isoleucine.biosynthesis.III.g__Parabacteroides.s__Parabacteroides_distasonis","study_condition","T2D",0.886161895650393,0.182676039604519,952,537,1.43561541613772e-06,5.55019174274673e-05
"PANTO.PWY..phosphopantothenate.biosynthesis.I.g__Parabacteroides.s__Parabacteroides_distasonis","study_condition","T2D",0.881368616755267,0.198621169037603,952,495,1.01730741681755e-05,0.000283478346855633
"MET.SAM.PWY..superpathway.of.S.adenosyl.L.methionine.biosynthesis","study_condition","T2D",0.880341823313431,0.147221944399188,952,787,3.16479849753587e-09,2.4915595444237e-07
"PWY0.1297..superpathway.of.purine.deoxyribonucleosides.degradation","study_condition","T2D",0.880040848337087,0.161132665379608,952,553,6.03112879228663e-08,3.70422520150371e-06
"PWY.7111..pyruvate.fermentation.to.isobutanol..engineered..g__Faecalibacterium.s__Faecalibacterium_prausnitzii","study_condition","T2D",-0.878367991714648,0.169034541836102,952,815,2.48879860245021e-07,1.1973886609566e-05
"VALSYN.PWY..L.valine.biosynthesis.g__Parabacteroides.s__Parabacteroides_distasonis","study_condition","T2D",0.875721190767619,0.193457210461852,952,672,6.7538585809829e-06,0.0002030847753865
"PWY0.1298..superpathway.of.pyrimidine.deoxyribonucleosides.degradation","study_condition","T2D",0.874618618223948,0.152337480567467,952,625,1.26457089682679e-08,8.97638030042626e-07
"PWY.6124..inosine.5..phosphate.biosynthesis.II.g__Parabacteroides.s__Parabacteroides_distasonis","study_condition","T2D",0.870604926764318,0.231066922087505,952,442,0.000174895008910425,0.00277906564617299
"BRANCHED.CHAIN.AA.SYN.PWY..superpathway.of.branched.amino.acid.biosynthesis.g__Parabacteroides.s__Parabacteroides_distasonis","study_condition","T2D",0.868399119845985,0.180345333028771,952,537,1.71113653134472e-06,6.41491011317979e-05
"PWY.7046..4.coumarate.degradation..anaerobic.","study_condition","T2D",0.866276130882466,0.144252033008336,952,245,2.71924736776676e-09,2.20081142101497e-07
"PWY.6113..superpathway.of.mycolate.biosynthesis","study_condition","T2D",0.865013989239497,0.108847680550937,952,220,5.40771196419914e-15,1.23238909499907e-12
"PWY.5177..glutaryl.CoA.degradation.unclassified","study_condition","T2D",0.864422950373641,0.138765322880943,952,395,7.03371573396812e-10,6.41178718485936e-08
"BIOTIN.BIOSYNTHESIS.PWY..biotin.biosynthesis.I","study_condition","T2D",0.86277664950355,0.17688722748213,952,796,1.2594274005233e-06,5.00304646262926e-05
"DTDPRHAMSYN.PWY..dTDP.L.rhamnose.biosynthesis.I.g__Parabacteroides.s__Parabacteroides_distasonis","study_condition","T2D",0.861514525959597,0.250515560710702,952,433,0.000609396568711211,0.00729927287004024
"DAPLYSINESYN.PWY..L.lysine.biosynthesis.I.unclassified","study_condition","T2D",0.858388225934134,0.152513622545999,952,355,2.3973122496557e-08,1.60935845597041e-06
"PHOSLIPSYN.PWY..superpathway.of.phospholipid.biosynthesis.I..bacteria..unclassified","study_condition","T2D",0.857964204927011,0.135302584202377,952,465,3.52743591507747e-10,3.35687857412867e-08
"PWY.6121..5.aminoimidazole.ribonucleotide.biosynthesis.I.g__Eubacterium.s__Eubacterium_eligens_CAG_72","study_condition","T2D",-0.856111933569438,0.23540145704104,952,414,0.000290915697273356,0.00417971631461997
"GLYCOCAT.PWY..glycogen.degradation.I..bacterial.","study_condition","T2D",0.855089467710968,0.164671374182621,952,495,2.53711025966629e-07,1.2138881131884e-05
"PWY.6731..starch.degradation.III","study_condition","T2D",0.85318450486495,0.16931684032219,952,487,5.60454042966534e-07,2.42676600604509e-05
"PWY.5973..cis.vaccenate.biosynthesis.g__Parabacteroides.s__Parabacteroides_distasonis","study_condition","T2D",0.847914062929738,0.182288524954219,952,518,3.7635324319715e-06,0.000120711818003234
"PWY.7111..pyruvate.fermentation.to.isobutanol..engineered..g__Parabacteroides.s__Parabacteroides_distasonis","study_condition","T2D",0.84681533598311,0.194366023671029,952,658,1.4637971231117e-05,0.000386092295704006
"NAD.BIOSYNTHESIS.II..NAD.salvage.pathway.II","study_condition","T2D",0.840345433393366,0.185830260727844,952,651,6.89849010075551e-06,0.000206716000943054
"FASYN.ELONG.PWY..fatty.acid.elongation....saturated","study_condition","T2D",0.837706734983806,0.162172198246199,952,801,2.92298195849591e-07,1.36827155462565e-05
"NONOXIPENT.PWY..pentose.phosphate.pathway..non.oxidative.branch..g__Parabacteroides.s__Parabacteroides_distasonis","study_condition","T2D",0.833699457079052,0.188487175203267,952,457,1.08571476561963e-05,0.000297540818679303
"VALSYN.PWY..L.valine.biosynthesis.g__Eubacterium.s__Eubacterium_eligens_CAG_72","study_condition","T2D",-0.830972895856224,0.256566301953388,952,415,0.00124199700519242,0.0125504014760401
"RHAMCAT.PWY..L.rhamnose.degradation.I.g__Bacteroides.s__Bacteroides_uniformis","study_condition","T2D",0.829868839791665,0.259474092988243,952,460,0.00142842473431007,0.0138523608052914
"PWY0.862...5Z..dodec.5.enoate.biosynthesis.unclassified","study_condition","T2D",0.82725612129898,0.148030997297059,952,384,2.99599901608471e-08,1.907746432301e-06
"DTDPRHAMSYN.PWY..dTDP.L.rhamnose.biosynthesis.I.g__Eubacterium.s__Eubacterium_eligens_CAG_72","study_condition","T2D",-0.826736191228403,0.214515088611866,952,422,0.000124050547467466,0.0021315034545005
"PWY.7111..pyruvate.fermentation.to.isobutanol..engineered..g__Eubacterium.s__Eubacterium_eligens_CAG_72","study_condition","T2D",-0.825575278343936,0.240031965312635,952,407,0.000608346415809123,0.00729678664945568
"ARGSYN.PWY..L.arginine.biosynthesis.I..via.L.ornithine..g__Faecalibacterium.s__Faecalibacterium_prausnitzii","study_condition","T2D",-0.825325561554489,0.212693833152622,952,723,0.000111529717246446,0.00196310437267118
"PWY.7221..guanosine.ribonucleotides.de.novo.biosynthesis.g__Eubacterium.s__Eubacterium_eligens_CAG_72","study_condition","T2D",-0.825173775922632,0.225461866895457,952,398,0.000266229031571952,0.00388793155718905
"GALACTUROCAT.PWY..D.galacturonate.degradation.I.g__Faecalibacterium.s__Faecalibacterium_prausnitzii","study_condition","T2D",-0.824049260901786,0.174994417734648,952,617,2.86109468979441e-06,9.4931341048351e-05
"PWY.7400..L.arginine.biosynthesis.IV..archaebacteria..g__Faecalibacterium.s__Faecalibacterium_prausnitzii","study_condition","T2D",-0.823112267782334,0.211906423109381,952,723,0.000109749573410582,0.00194455197985974
"METSYN.PWY..L.homoserine.and.L.methionine.biosynthesis.unclassified","study_condition","T2D",0.822857890352444,0.12573684702241,952,448,9.77745695707569e-11,9.84567177305529e-09
"PWY.7220..adenosine.deoxyribonucleotides.de.novo.biosynthesis.II.g__Parabacteroides.s__Parabacteroides_distasonis","study_condition","T2D",0.822576365889775,0.185408065919389,952,442,1.02130766996487e-05,0.000283478346855633
"PWY.7222..guanosine.deoxyribonucleotides.de.novo.biosynthesis.II.g__Parabacteroides.s__Parabacteroides_distasonis","study_condition","T2D",0.822576365889775,0.185408065919389,952,442,1.02130766996487e-05,0.000283478346855633
"PWY.6606..guanosine.nucleotides.degradation.II","study_condition","T2D",0.821724732366,0.154306078842602,952,747,1.25934848008379e-07,6.99056223954521e-06
"PWY.7219..adenosine.ribonucleotides.de.novo.biosynthesis.g__Parabacteroides.s__Parabacteroides_distasonis","study_condition","T2D",0.820938116213243,0.196389875268121,952,507,3.18308953591683e-05,0.000733126472899994
"COA.PWY..coenzyme.A.biosynthesis.I.g__Eubacterium.s__Eubacterium_eligens_CAG_72","study_condition","T2D",-0.818026110682871,0.20611137370735,952,345,7.76771185033512e-05,0.00149174261721492
"PWY.5862..superpathway.of.demethylmenaquinol.9.biosynthesis","study_condition","T2D",0.815204267115717,0.106708548040135,952,288,5.3274687362988e-14,9.81614452262715e-12
"PWY.7199..pyrimidine.deoxyribonucleosides.salvage.g__Parabacteroides.s__Parabacteroides_distasonis","study_condition","T2D",0.814187011848595,0.187853259705026,952,368,1.61958108358622e-05,0.000416189085574383
"MET.SAM.PWY..superpathway.of.S.adenosyl.L.methionine.biosynthesis.unclassified","study_condition","T2D",0.81357034190219,0.1232793417272,952,447,6.86181294629227e-11,7.42791251436138e-09
"PWY.6387..UDP.N.acetylmuramoyl.pentapeptide.biosynthesis.I..meso.diaminopimelate.containing..g__Bacteroides.s__Bacteroides_fragilis","study_condition","T2D",0.811625448719106,0.164241200498932,952,223,9.1563256058206e-07,3.7758942736384e-05
"PWY.2942..L.lysine.biosynthesis.III.g__Parabacteroides.s__Parabacteroides_distasonis","study_condition","T2D",0.811312660634285,0.181529569282695,952,547,8.79570503120812e-06,0.000254751858094523
"PWY.6703..preQ0.biosynthesis.g__Eubacterium.s__Eubacterium_eligens","study_condition","T2D",-0.810641696608856,0.207326364696144,952,349,9.88862496685406e-05,0.00178779733221203
"PWY.6121..5.aminoimidazole.ribonucleotide.biosynthesis.I.g__Lachnospira.s__Lachnospira_pectinoschiza","study_condition","T2D",-0.809505105130319,0.210898178977849,952,322,0.000132074984651585,0.00223829621738302
"PWY.6122..5.aminoimidazole.ribonucleotide.biosynthesis.II.g__Eubacterium.s__Eubacterium_eligens_CAG_72","study_condition","T2D",-0.809169988159579,0.243502964148961,952,450,0.000924531101887795,0.00995506216060997
"PWY.6277..superpathway.of.5.aminoimidazole.ribonucleotide.biosynthesis.g__Eubacterium.s__Eubacterium_eligens_CAG_72","study_condition","T2D",-0.809169988159579,0.243502964148961,952,450,0.000924531101887795,0.00995506216060997
"HEXITOLDEGSUPER.PWY..superpathway.of.hexitol.degradation..bacteria.","study_condition","T2D",0.806806117968069,0.122417441710473,952,655,7.26176682331402e-11,7.76381489998758e-09
"ILEUSYN.PWY..L.isoleucine.biosynthesis.I..from.threonine..g__Parabacteroides.s__Parabacteroides_distasonis","study_condition","T2D",0.803917014483464,0.167325415608984,952,537,1.80282488122843e-06,6.70062809932971e-05
"PWY.5347..superpathway.of.L.methionine.biosynthesis..transsulfuration..unclassified","study_condition","T2D",0.798377952356685,0.123769949601401,952,433,1.77546600447433e-10,1.74721995440314e-08
"HISDEG.PWY..L.histidine.degradation.I.g__Parabacteroides.s__Parabacteroides_distasonis","study_condition","T2D",0.798368868165066,0.175844323200526,952,465,6.34384190435944e-06,0.000191420456068825
"PWY.5177..glutaryl.CoA.degradation.g__Faecalibacterium.s__Faecalibacterium_prausnitzii","study_condition","T2D",-0.797336459081045,0.149421254308595,952,780,1.18822245517257e-07,6.68182237778862e-06
"PWY.6353..purine.nucleotides.degradation.II..aerobic.","study_condition","T2D",0.795634918403622,0.150221391675019,952,747,1.46882162841064e-07,7.75609469636349e-06
"PWY.6122..5.aminoimidazole.ribonucleotide.biosynthesis.II.g__Parabacteroides.s__Parabacteroides_distasonis","study_condition","T2D",0.793006860433133,0.163439246882561,952,492,1.42860120605394e-06,5.54784145490004e-05
"PWY.6277..superpathway.of.5.aminoimidazole.ribonucleotide.biosynthesis.g__Parabacteroides.s__Parabacteroides_distasonis","study_condition","T2D",0.793006860433133,0.163439246882561,952,492,1.42860120605394e-06,5.54784145490004e-05
"PWY.6123..inosine.5..phosphate.biosynthesis.I.g__Parabacteroides.s__Parabacteroides_distasonis","study_condition","T2D",0.792519112256369,0.228186056242367,952,409,0.000537713854438382,0.00673893195287466
"PWY.5845..superpathway.of.menaquinol.9.biosynthesis","study_condition","T2D",0.792069303033356,0.103586898465699,952,288,5.06576492076091e-14,9.53685308995424e-12
"PWY.7663..gondoate.biosynthesis..anaerobic..g__Parabacteroides.s__Parabacteroides_distasonis","study_condition","T2D",0.791980212701605,0.181799009357463,952,525,1.46679405642746e-05,0.000386092295704006
"PWY.6282..palmitoleate.biosynthesis.I..from..5Z..dodec.5.enoate..unclassified","study_condition","T2D",0.782221402175704,0.147822830898248,952,375,1.50677778194554e-07,7.86065999496891e-06
"RIBOSYN2.PWY..flavin.biosynthesis.I..bacteria.and.plants..g__Faecalibacterium.s__Faecalibacterium_prausnitzii","study_condition","T2D",-0.7817162502382,0.163686961600459,952,724,2.07434720934352e-06,7.33218238078157e-05
"PWY.5345..superpathway.of.L.methionine.biosynthesis..by.sulfhydrylation..unclassified","study_condition","T2D",0.779768372266538,0.123800962946697,952,261,4.59297225894642e-10,4.27689674865333e-08
"DTDPRHAMSYN.PWY..dTDP.L.rhamnose.biosynthesis.I.g__Eubacterium.s__Eubacterium_eligens","study_condition","T2D",-0.779654823267817,0.244786365367503,952,423,0.00149463312554138,0.0142952697316981
"PWY.6317..galactose.degradation.I..Leloir.pathway..g__Faecalibacterium.s__Faecalibacterium_prausnitzii","study_condition","T2D",-0.776965201957455,0.200726399294489,952,479,0.000115932910674146,0.00202007848377888
"PWY66.422..D.galactose.degradation.V..Leloir.pathway..g__Faecalibacterium.s__Faecalibacterium_prausnitzii","study_condition","T2D",-0.772436345031242,0.173992177974488,952,719,1.00784634614989e-05,0.000283478346855633
"PWY.7117..C4.photosynthetic.carbon.assimilation.cycle..PEPCK.type.unclassified","study_condition","T2D",0.772417223751359,0.120964762747636,952,301,2.67319139368525e-10,2.57220416325714e-08
"PWY.7328..superpathway.of.UDP.glucose.derived.O.antigen.building.blocks.biosynthesis.unclassified","study_condition","T2D",0.769165647922714,0.123652885088579,952,264,7.43365579089711e-10,6.7057769947051e-08
"PWY.6387..UDP.N.acetylmuramoyl.pentapeptide.biosynthesis.I..meso.diaminopimelate.containing..g__Parabacteroides.s__Parabacteroides_distasonis","study_condition","T2D",0.762742648778478,0.169331440739125,952,432,7.48517209401485e-06,0.000220481599776084
"PWY.6353..purine.nucleotides.degradation.II..aerobic..unclassified","study_condition","T2D",0.761995582856118,0.132933788918134,952,443,1.33253411057787e-08,9.38190682732063e-07
"PWY.7664..oleate.biosynthesis.IV..anaerobic..unclassified","study_condition","T2D",0.75937466662554,0.144414298804543,952,375,1.79750719821113e-07,9.15671313912258e-06
"PWY.6151..S.adenosyl.L.methionine.cycle.I.g__Eubacterium.s__Eubacterium_eligens","study_condition","T2D",-0.756019470042388,0.248702737059534,952,388,0.0024320061208593,0.0202901474052423
"PWY.5989..stearate.biosynthesis.II..bacteria.and.plants..unclassified","study_condition","T2D",0.754989440001306,0.138746745362556,952,340,6.72970039034533e-08,4.10416939298525e-06
"PWY.6151..S.adenosyl.L.methionine.cycle.I.g__Eubacterium.s__Eubacterium_eligens_CAG_72","study_condition","T2D",-0.754900142055493,0.247086475366356,952,390,0.00231203993918242,0.0196819202561603
"VALSYN.PWY..L.valine.biosynthesis.g__Faecalibacterium.s__Faecalibacterium_prausnitzii","study_condition","T2D",-0.752968517881833,0.141942053549585,952,777,1.40504872849882e-07,7.65265533886781e-06
"POLYAMSYN.PWY..superpathway.of.polyamine.biosynthesis.I.unclassified","study_condition","T2D",0.747561773736189,0.113884305847068,952,392,8.60468494645791e-11,9.08738678491774e-09
"PWY.3841..folate.transformations.II.g__Parabacteroides.s__Parabacteroides_distasonis","study_condition","T2D",0.744938192989838,0.179623222939002,952,471,3.66743037314792e-05,0.000816451080500282
"PWY.7013..L.1.2.propanediol.degradation","study_condition","T2D",0.742508171262403,0.146074885240516,952,308,4.47470350035002e-07,1.99747073778511e-05
"FUC.RHAMCAT.PWY..superpathway.of.fucose.and.rhamnose.degradation","study_condition","T2D",0.740474763713083,0.15541793241027,952,698,2.19080518365548e-06,7.61221950658283e-05
"ARGININE.SYN4.PWY..L.ornithine.de.novo..biosynthesis.g__Parabacteroides.s__Parabacteroides_distasonis","study_condition","T2D",0.740333940551929,0.15441081398371,952,416,1.89230840107489e-06,6.91451086637492e-05
"PWY.6609..adenine.and.adenosine.salvage.III.g__Parabacteroides.s__Parabacteroides_distasonis","study_condition","T2D",0.740157626945317,0.160719959861374,952,398,4.68143162829662e-06,0.000145308953050354
"PWY.7220..adenosine.deoxyribonucleotides.de.novo.biosynthesis.II.g__Faecalibacterium.s__Faecalibacterium_prausnitzii","study_condition","T2D",-0.739706377355741,0.191810299071309,952,802,0.000122823230699955,0.0021216092654562
"PWY.7222..guanosine.deoxyribonucleotides.de.novo.biosynthesis.II.g__Faecalibacterium.s__Faecalibacterium_prausnitzii","study_condition","T2D",-0.739706377355741,0.191810299071309,952,802,0.000122823230699955,0.0021216092654562
"PWY.6385..peptidoglycan.biosynthesis.III..mycobacteria..g__Parabacteroides.s__Parabacteroides_distasonis","study_condition","T2D",0.739590849835866,0.171520374202067,952,418,1.7875583169934e-05,0.000450608221311151
"VALSYN.PWY..L.valine.biosynthesis.g__Eubacterium.s__Eubacterium_eligens","study_condition","T2D",-0.738542528349724,0.241900453613282,952,415,0.00232828762537172,0.0197482574296955
"PWY.7315..dTDP.N.acetylthomosamine.biosynthesis","study_condition","T2D",0.737458884075851,0.209276074634232,952,487,0.000445652213123995,0.00586527076847082
"PWY0.1586..peptidoglycan.maturation..meso.diaminopimelate.containing..unclassified","study_condition","T2D",0.73643798200274,0.135735741125347,952,789,7.33997226601547e-08,4.39582726968287e-06
"ARG.POLYAMINE.SYN..superpathway.of.arginine.and.polyamine.biosynthesis","study_condition","T2D",0.734794719287525,0.125811244243394,952,800,7.15103113604727e-09,5.29298543915978e-07
"VALSYN.PWY..L.valine.biosynthesis.g__Lachnospira.s__Lachnospira_pectinoschiza","study_condition","T2D",-0.733977266991775,0.201754595974693,952,329,0.000289633789989198,0.00417971631461997
"PWY.6737..starch.degradation.V.g__Faecalibacterium.s__Faecalibacterium_prausnitzii","study_condition","T2D",-0.733966241852576,0.157825222249668,952,770,3.78131294952827e-06,0.000120834576173118
"FAO.PWY..fatty.acid..beta..oxidation.I.unclassified","study_condition","T2D",0.733660824574571,0.12204978223334,952,238,2.62615394265593e-09,2.14551822107551e-07
"PWY.7111..pyruvate.fermentation.to.isobutanol..engineered..g__Lachnospira.s__Lachnospira_pectinoschiza","study_condition","T2D",-0.733257114661584,0.201650574787351,952,329,0.000291518320326843,0.00417971631461997
"PWY.7228..superpathway.of.guanosine.nucleotides.de.novo.biosynthesis.I.g__Parabacteroides.s__Parabacteroides_distasonis","study_condition","T2D",0.731912810743185,0.17192398626646,952,431,2.27626097272664e-05,0.000557793880529752
"POLYAMSYN.PWY..superpathway.of.polyamine.biosynthesis.I","study_condition","T2D",0.731246594381831,0.132136023507411,952,813,4.05077428286633e-08,2.54200762968279e-06
"RIBOSYN2.PWY..flavin.biosynthesis.I..bacteria.and.plants..g__Parabacteroides.s__Parabacteroides_distasonis","study_condition","T2D",0.729466114277482,0.174119068630558,952,445,3.05739469579431e-05,0.000717534906926254
"ANAGLYCOLYSIS.PWY..glycolysis.III..from.glucose..g__Parabacteroides.s__Parabacteroides_distasonis","study_condition","T2D",0.729360159255443,0.173468209650026,952,451,2.86366471449115e-05,0.000681300451304763
"DTDPRHAMSYN.PWY..dTDP.L.rhamnose.biosynthesis.I.g__Faecalibacterium.s__Faecalibacterium_prausnitzii","study_condition","T2D",-0.728600246457407,0.146991899705167,952,803,8.49080257380579e-07,3.51819857842862e-05
"FUCCAT.PWY..fucose.degradation","study_condition","T2D",0.727628086015176,0.166939341540316,952,726,1.45185096158426e-05,0.000384496309703966
"ARGSYNBSUB.PWY..L.arginine.biosynthesis.II..acetyl.cycle..g__Eubacterium.s__Eubacterium_eligens_CAG_72","study_condition","T2D",-0.72682724327034,0.214790817143489,952,359,0.000743993562241475,0.0084887803017275
"DTDPRHAMSYN.PWY..dTDP.L.rhamnose.biosynthesis.I.g__Lachnospira.s__Lachnospira_pectinoschiza","study_condition","T2D",-0.726563358566433,0.20463466314551,952,318,0.000403361959665394,0.00544098842788523
"GLYCOCAT.PWY..glycogen.degradation.I..bacterial..unclassified","study_condition","T2D",0.724631252949133,0.125922729917598,952,272,1.17239104049676e-08,8.46075534225161e-07
"PWY.6151..S.adenosyl.L.methionine.cycle.I.g__Faecalibacterium.s__Faecalibacterium_prausnitzii","study_condition","T2D",-0.72381900703513,0.172465669589266,952,720,2.96073632848967e-05,0.000697575016247868
"PWY.5097..L.lysine.biosynthesis.VI.g__Parabacteroides.s__Parabacteroides_distasonis","study_condition","T2D",0.723322045235941,0.176885011099348,952,470,4.69591051779467e-05,0.00100411321195313
"PWY.1042..glycolysis.IV..plant.cytosol..g__Bacteroides.s__Bacteroides_fragilis_CAG_47","study_condition","T2D",0.723173587656652,0.14892542853923,952,203,1.40111547849538e-06,5.51530001989545e-05
"PWY.5136..fatty.acid..beta..oxidation.II..peroxisome..unclassified","study_condition","T2D",0.722474004277406,0.124013504133379,952,229,7.785347188939e-09,5.66563921480771e-07
"PWY.6386..UDP.N.acetylmuramoyl.pentapeptide.biosynthesis.II..lysine.containing..g__Parabacteroides.s__Parabacteroides_distasonis","study_condition","T2D",0.718800757643028,0.189642243644067,952,370,0.000159978696744132,0.00256558428482256
"PWY.6700..queuosine.biosynthesis.g__Faecalibacterium.s__Faecalibacterium_prausnitzii","study_condition","T2D",-0.718546254825038,0.152850145286092,952,664,2.97310053693145e-06,9.77707356807533e-05
"PWY.6892..thiazole.biosynthesis.I..E..coli..g__Eubacterium.s__Eubacterium_eligens","study_condition","T2D",-0.717420849630605,0.173507698556305,952,334,3.86775892415159e-05,0.000852284790919918
"PWY0.1296..purine.ribonucleosides.degradation.g__Eubacterium.s__Eubacterium_eligens","study_condition","T2D",-0.71308648839189,0.200642758791811,952,319,0.000398144414742112,0.0053958225847679
"TCA..TCA.cycle.I..prokaryotic.","study_condition","T2D",0.711884924665952,0.123866266394402,952,802,1.22279660447475e-08,8.751585615497e-07
"PWY0.1296..purine.ribonucleosides.degradation.g__Faecalibacterium.s__Faecalibacterium_prausnitzii","study_condition","T2D",-0.711190065032177,0.164824172048625,952,748,1.76493625209502e-05,0.000446910758571428
"PWY.5667..CDP.diacylglycerol.biosynthesis.I.g__Parabacteroides.s__Parabacteroides_distasonis","study_condition","T2D",0.711111338214411,0.189038010684871,952,370,0.000179098114813387,0.00282357455357397
"PWY0.1319..CDP.diacylglycerol.biosynthesis.II.g__Parabacteroides.s__Parabacteroides_distasonis","study_condition","T2D",0.711111338214411,0.189038010684871,952,370,0.000179098114813387,0.00282357455357397
"PWY.7242..D.fructuronate.degradation.g__Faecalibacterium.s__Faecalibacterium_prausnitzii","study_condition","T2D",-0.710673684724722,0.152676262024053,952,601,3.70542367947324e-06,0.000119289847822447
"PWY.7221..guanosine.ribonucleotides.de.novo.biosynthesis.g__Eubacterium.s__Eubacterium_eligens","study_condition","T2D",-0.709564259163191,0.198683428636436,952,409,0.000373043470010212,0.00508749047289518
"PWY.6608..guanosine.nucleotides.degradation.III.unclassified","study_condition","T2D",0.707921761886651,0.144748794413261,952,725,1.18012621426722e-06,4.73143195164543e-05
"TCA..TCA.cycle.I..prokaryotic..unclassified","study_condition","T2D",0.707557166746928,0.126575517908464,952,343,2.96936159546924e-08,1.90479047531583e-06
"PEPTIDOGLYCANSYN.PWY..peptidoglycan.biosynthesis.I..meso.diaminopimelate.containing..g__Parabacteroides.s__Parabacteroides_distasonis","study_condition","T2D",0.706330989523141,0.168628447779169,952,422,3.06779221175335e-05,0.000718029204156325
"COA.PWY.1..coenzyme.A.biosynthesis.II..mammalian..g__Parabacteroides.s__Parabacteroides_distasonis","study_condition","T2D",0.706236340007345,0.162934673065529,952,434,1.6173414865875e-05,0.000416189085574383
"P461.PWY..hexitol.fermentation.to.lactate..formate..ethanol.and.acetate.unclassified","study_condition","T2D",0.705201032156909,0.15709700351668,952,226,8.03804573528288e-06,0.00023437534029478
"PWY.5686..UMP.biosynthesis.g__Eubacterium.s__Eubacterium_eligens_CAG_72","study_condition","T2D",-0.702256655292872,0.199862646186063,952,339,0.000462818813198551,0.00601803441786705
"PWY0.1479..tRNA.processing.unclassified","study_condition","T2D",0.70225024605687,0.145114951764003,952,453,1.52083639100297e-06,5.8019573330774e-05
"PWY.7219..adenosine.ribonucleotides.de.novo.biosynthesis.g__Faecalibacterium.s__Faecalibacterium_prausnitzii","study_condition","T2D",-0.701869015756429,0.136919976326997,952,793,3.58535899491159e-07,1.6341688892597e-05
"PWY.241..C4.photosynthetic.carbon.assimilation.cycle..NADP.ME.type.unclassified","study_condition","T2D",0.697570974978051,0.116586488615977,952,276,3.09809921703215e-09,2.46142561646774e-07
"PWY.6124..inosine.5..phosphate.biosynthesis.II.g__Faecalibacterium.s__Faecalibacterium_prausnitzii","study_condition","T2D",-0.697450817610838,0.148379177709879,952,708,2.98053974823544e-06,9.77707356807533e-05
"TRPSYN.PWY..L.tryptophan.biosynthesis.g__Eubacterium.s__Eubacterium_eligens_CAG_72","study_condition","T2D",-0.695532009356535,0.166587667115308,952,283,3.25214772684081e-05,0.000743102884286052
"VALSYN.PWY..L.valine.biosynthesis.g__Bacteroides.s__Bacteroides_fragilis_CAG_47","study_condition","T2D",0.695212288720924,0.195993006002322,952,272,0.000408550725375948,0.00547685647330605
"PWY.2942..L.lysine.biosynthesis.III.g__Bacteroides.s__Bacteroides_caccae","study_condition","T2D",0.694182957735331,0.180348003145891,952,339,0.000126491730755322,0.00216485847498238
"PWY.5686..UMP.biosynthesis.g__Faecalibacterium.s__Faecalibacterium_prausnitzii","study_condition","T2D",-0.692852283554828,0.149118056234175,952,710,3.8567090482598e-06,0.000122069000778586
"NAGLIPASYN.PWY..lipid.IVA.biosynthesis.unclassified","study_condition","T2D",0.692361345140893,0.132766136078475,952,372,2.25890011273057e-07,1.11783285578553e-05
"PWY.6122..5.aminoimidazole.ribonucleotide.biosynthesis.II.g__Eubacterium.s__Eubacterium_eligens","study_condition","T2D",-0.691955381401979,0.185167728855162,952,431,0.000197445574182031,0.00304248874095442
"PWY.6277..superpathway.of.5.aminoimidazole.ribonucleotide.biosynthesis.g__Eubacterium.s__Eubacterium_eligens","study_condition","T2D",-0.691955381401979,0.185167728855162,952,431,0.000197445574182031,0.00304248874095442
"X1CMET2.PWY..N10.formyl.tetrahydrofolate.biosynthesis.g__Parabacteroides.s__Parabacteroides_distasonis","study_condition","T2D",0.687328152417861,0.190712237880651,952,403,0.000329673940569103,0.00459738538700231
"PWY.5676..acetyl.CoA.fermentation.to.butanoate.II","study_condition","T2D",0.686968070048751,0.159859042722673,952,644,1.90728035088301e-05,0.000477079342621796
"PWY.6125..superpathway.of.guanosine.nucleotides.de.novo.biosynthesis.II.g__Parabacteroides.s__Parabacteroides_distasonis","study_condition","T2D",0.686114597079658,0.176642379252852,952,369,0.000109802069070602,0.00194455197985974
"DTDPRHAMSYN.PWY..dTDP.L.rhamnose.biosynthesis.I.g__Bacteroides.s__Bacteroides_fragilis","study_condition","T2D",0.681983122335688,0.223340774670893,952,347,0.00232468318329577,0.0197370160464131
"PWY0.1241..ADP.L.glycero..beta..D.manno.heptose.biosynthesis.unclassified","study_condition","T2D",0.67776604397498,0.173124129793726,952,220,9.69170599935258e-05,0.0017744222823339
"COA.PWY..coenzyme.A.biosynthesis.I.g__Faecalibacterium.s__Faecalibacterium_prausnitzii","study_condition","T2D",-0.675914416229918,0.152110171499945,952,698,9.89226713994342e-06,0.000279957625594477
"PWY.6609..adenine.and.adenosine.salvage.III.g__Faecalibacterium.s__Faecalibacterium_prausnitzii","study_condition","T2D",-0.674260425237106,0.165139383617209,952,732,4.82167643398483e-05,0.00102092219849165
"PWY.6891..thiazole.biosynthesis.II..Bacillus.","study_condition","T2D",0.670072733069726,0.168736900377284,952,614,7.69574614238848e-05,0.00148430203993506
"PWY.7221..guanosine.ribonucleotides.de.novo.biosynthesis.g__Lachnospira.s__Lachnospira_pectinoschiza","study_condition","T2D",-0.667842298643225,0.192685595631119,952,301,0.000552048320103912,0.00683421980174633
"PWY.1042..glycolysis.IV..plant.cytosol..g__Bacteroides.s__Bacteroides_caccae","study_condition","T2D",0.666786991761044,0.199027649576305,952,295,0.000839358627662669,0.00922442349690192
"PWY.5686..UMP.biosynthesis.g__Parabacteroides.s__Parabacteroides_distasonis","study_condition","T2D",0.666236370788318,0.149097280712282,952,425,8.82985208088206e-06,0.000254888396734795
"PWY.7111..pyruvate.fermentation.to.isobutanol..engineered..g__Eubacterium.s__Eubacterium_eligens","study_condition","T2D",-0.665088170578529,0.228762274978407,952,387,0.00373029532953878,0.0281396842803186
"COA.PWY..coenzyme.A.biosynthesis.I.g__Eubacterium.s__Eubacterium_eligens","study_condition","T2D",-0.664548926856686,0.191485244706788,952,352,0.00054293997317261,0.00679459561802718
"PWY.6121..5.aminoimidazole.ribonucleotide.biosynthesis.I.g__Faecalibacterium.s__Faecalibacterium_prausnitzii","study_condition","T2D",-0.664038964762896,0.135805592584071,952,746,1.18635795535478e-06,4.73449764671537e-05
"HSERMETANA.PWY..L.methionine.biosynthesis.III.g__Lachnospira.s__Lachnospira_pectinoschiza","study_condition","T2D",-0.662354430139412,0.21323928474551,952,233,0.00195179838903933,0.0174793940528238
"NONOXIPENT.PWY..pentose.phosphate.pathway..non.oxidative.branch..g__Eubacterium.s__Eubacterium_eligens_CAG_72","study_condition","T2D",-0.662053087620879,0.171439151682619,952,282,0.000120233784372954,0.0020866223901198
"ARGSYNBSUB.PWY..L.arginine.biosynthesis.II..acetyl.cycle..g__Faecalibacterium.s__Faecalibacterium_prausnitzii","study_condition","T2D",-0.661607655022963,0.135974079247747,952,763,1.33540912311131e-06,5.28065890691503e-05
"FASYN.ELONG.PWY..fatty.acid.elongation....saturated.unclassified","study_condition","T2D",0.661462400745498,0.126931039080342,952,379,2.30312975724097e-07,1.1332445282788e-05
"PWY.7219..adenosine.ribonucleotides.de.novo.biosynthesis.g__Eubacterium.s__Eubacterium_sp_CAG_180","study_condition","T2D",0.661153029922181,0.21688436323646,952,207,0.00236443364181307,0.0199376780312572
"PWY.2723..trehalose.degradation.V.unclassified","study_condition","T2D",0.660846789256814,0.123058200651197,952,234,9.89890919634238e-08,5.71497024268834e-06
"PEPTIDOGLYCANSYN.PWY..peptidoglycan.biosynthesis.I..meso.diaminopimelate.containing..g__Bacteroides.s__Bacteroides_caccae","study_condition","T2D",0.660190543246302,0.162884249751203,952,260,5.46840157474445e-05,0.00112485410064815
"PWYG.321..mycolate.biosynthesis.unclassified","study_condition","T2D",0.659123959331515,0.12972154885315,952,261,4.52075745433512e-07,2.00767997715601e-05
"SULFATE.CYS.PWY..superpathway.of.sulfate.assimilation.and.cysteine.biosynthesis.unclassified","study_condition","T2D",0.656345359483446,0.109181365208621,952,261,2.6206346525361e-09,2.14551822107551e-07
"PWY.6703..preQ0.biosynthesis.g__Eubacterium.s__Eubacterium_eligens_CAG_72","study_condition","T2D",-0.652107680736321,0.16511077595178,952,336,8.41162925769438e-05,0.00159049583780859
"PWY.5304..superpathway.of.sulfur.oxidation..Acidianus.ambivalens.","study_condition","T2D",-0.650583233842906,0.293638902185804,952,681,0.0269568244668358,0.121654641830835
"VALSYN.PWY..L.valine.biosynthesis.g__Gemmiger.s__Gemmiger_formicilis","study_condition","T2D",-0.649415002164428,0.163629173883118,952,552,7.76877506193914e-05,0.00149174261721492
"PWY.6305..putrescine.biosynthesis.IV.g__Faecalibacterium.s__Faecalibacterium_prausnitzii","study_condition","T2D",-0.649242930245877,0.144280395270276,952,740,7.6443339442347e-06,0.000223648418773894
"COA.PWY.1..coenzyme.A.biosynthesis.II..mammalian..g__Eubacterium.s__Eubacterium_eligens","study_condition","T2D",-0.64801862058021,0.177916732588974,952,332,0.000284916923646384,0.00413296576009662
"PWY.7220..adenosine.deoxyribonucleotides.de.novo.biosynthesis.II.g__Bacteroides.s__Bacteroides_fragilis","study_condition","T2D",0.647038951638876,0.200421352894283,952,342,0.00128766837330166,0.0128339585396212
"PWY.7222..guanosine.deoxyribonucleotides.de.novo.biosynthesis.II.g__Bacteroides.s__Bacteroides_fragilis","study_condition","T2D",0.647038951638876,0.200421352894283,952,342,0.00128766837330166,0.0128339585396212
"PENTOSE.P.PWY..pentose.phosphate.pathway.g__Parabacteroides.s__Parabacteroides_distasonis","study_condition","T2D",0.644514887606756,0.172498729479911,952,334,0.000197883500799989,0.00304382081159486
"PWY.5667..CDP.diacylglycerol.biosynthesis.I.g__Faecalibacterium.s__Faecalibacterium_prausnitzii","study_condition","T2D",-0.641639061610957,0.154613267718011,952,656,3.62466485852416e-05,0.00080901024935101
"PWY0.1319..CDP.diacylglycerol.biosynthesis.II.g__Faecalibacterium.s__Faecalibacterium_prausnitzii","study_condition","T2D",-0.641639061610957,0.154613267718011,952,656,3.62466485852416e-05,0.00080901024935101
"PWY.6121..5.aminoimidazole.ribonucleotide.biosynthesis.I.g__Eubacterium.s__Eubacterium_eligens","study_condition","T2D",-0.638504543752084,0.17974608976042,952,399,0.000400770014585157,0.0054229192598554
"GLUTORN.PWY..L.ornithine.biosynthesis.g__Faecalibacterium.s__Faecalibacterium_prausnitzii","study_condition","T2D",-0.635981637826027,0.156334025658699,952,731,5.13446419882006e-05,0.00107537393995835
"PWY.6936..seleno.amino.acid.biosynthesis.g__Eubacterium.s__Eubacterium_eligens","study_condition","T2D",-0.634932714843748,0.161815946846899,952,340,9.34660282407138e-05,0.00172583327199271
"PEPTIDOGLYCANSYN.PWY..peptidoglycan.biosynthesis.I..meso.diaminopimelate.containing..g__Eubacterium.s__Eubacterium_eligens","study_condition","T2D",-0.632702292989401,0.177020270321943,952,290,0.000369059276034195,0.00504905739408551
"PWY.6936..seleno.amino.acid.biosynthesis.g__Lachnospira.s__Lachnospira_pectinoschiza","study_condition","T2D",-0.629947236253072,0.193584069531014,952,280,0.00117768827282208,0.0120695626540109
"PWY.6122..5.aminoimidazole.ribonucleotide.biosynthesis.II.g__Faecalibacterium.s__Faecalibacterium_prausnitzii","study_condition","T2D",-0.629801718006807,0.132121511599381,952,773,2.16520236725386e-06,7.59135728761879e-05
"PWY.6277..superpathway.of.5.aminoimidazole.ribonucleotide.biosynthesis.g__Faecalibacterium.s__Faecalibacterium_prausnitzii","study_condition","T2D",-0.629801718006807,0.132121511599381,952,773,2.16520236725386e-06,7.59135728761879e-05
"PWY0.1061..superpathway.of.L.alanine.biosynthesis","study_condition","T2D",0.627632467401617,0.195587264401405,952,732,0.00137691243743267,0.0134583089256963
"DTDPRHAMSYN.PWY..dTDP.L.rhamnose.biosynthesis.I.g__Bacteroides.s__Bacteroides_fragilis_CAG_47","study_condition","T2D",0.627587736602719,0.165427346938252,952,221,0.000157811830318147,0.00254825817085103
"COA.PWY..coenzyme.A.biosynthesis.I.g__Parabacteroides.s__Parabacteroides_distasonis","study_condition","T2D",0.623703746215409,0.17189935896974,952,361,0.00030053467594785,0.00429476946156499
"PWY.6168..flavin.biosynthesis.III..fungi..g__Faecalibacterium.s__Faecalibacterium_prausnitzii","study_condition","T2D",-0.623437621480499,0.144373530052214,952,675,1.73859957952358e-05,0.000442831539961006
"PWY.6387..UDP.N.acetylmuramoyl.pentapeptide.biosynthesis.I..meso.diaminopimelate.containing..g__Bacteroides.s__Bacteroides_caccae","study_condition","T2D",0.623242396899686,0.156488395580105,952,261,7.33645219130396e-05,0.0014309386481237
"PWY.7221..guanosine.ribonucleotides.de.novo.biosynthesis.g__Faecalibacterium.s__Faecalibacterium_prausnitzii","study_condition","T2D",-0.622828639008814,0.132369538856817,952,724,2.9133390393524e-06,9.62958629037856e-05
"ARGSYNBSUB.PWY..L.arginine.biosynthesis.II..acetyl.cycle..g__Lachnospira.s__Lachnospira_pectinoschiza","study_condition","T2D",-0.621931086174089,0.187764258008916,952,272,0.000960347699251648,0.0102547608822679
"PWY.6608..guanosine.nucleotides.degradation.III","study_condition","T2D",0.621565652263857,0.120679910731034,952,891,3.15990215805866e-07,1.46335575875872e-05
"HISTSYN.PWY..L.histidine.biosynthesis.g__Faecalibacterium.s__Faecalibacterium_prausnitzii","study_condition","T2D",-0.62120405537717,0.153036601620876,952,644,5.33080894207617e-05,0.00110213332080323
"P42.PWY..incomplete.reductive.TCA.cycle","study_condition","T2D",0.619817683899759,0.198666460355352,952,604,0.00186393325636442,0.0168873863098866
"PANTOSYN.PWY..pantothenate.and.coenzyme.A.biosynthesis.I.g__Parabacteroides.s__Parabacteroides_distasonis","study_condition","T2D",0.618608167780197,0.165997078025263,952,325,0.000205557526682994,0.00313402848780763
"ASPASN.PWY..superpathway.of.L.aspartate.and.L.asparagine.biosynthesis.g__Parabacteroides.s__Parabacteroides_distasonis","study_condition","T2D",0.616778392908562,0.148960046716152,952,448,3.77366085602445e-05,0.000833670995233973
"LACTOSECAT.PWY..lactose.and.galactose.degradation.I","study_condition","T2D",0.616422233525197,0.160304690855166,952,464,0.000128444620487781,0.00218532497725772
"PWY.5097..L.lysine.biosynthesis.VI.g__Bacteroides.s__Bacteroides_caccae","study_condition","T2D",0.614117316619107,0.171038790235769,952,308,0.000346974535012075,0.00481538377116117
"PWY.6163..chorismate.biosynthesis.from.3.dehydroquinate.g__Parabacteroides.s__Parabacteroides_distasonis","study_condition","T2D",0.613925663462202,0.177809549597039,952,358,0.000579537178159738,0.00707888883785863
"RIBOSYN2.PWY..flavin.biosynthesis.I..bacteria.and.plants..g__Lachnospira.s__Lachnospira_pectinoschiza","study_condition","T2D",-0.611940781500648,0.18406569198515,952,231,0.000919503783702881,0.00994120195613851
"HSERMETANA.PWY..L.methionine.biosynthesis.III.g__Bacteroides.s__Bacteroides_fragilis","study_condition","T2D",0.611778759331144,0.149781535852553,952,212,4.79125492640596e-05,0.00101696734467342
"PWY.1042..glycolysis.IV..plant.cytosol..g__Faecalibacterium.s__Faecalibacterium_prausnitzii","study_condition","T2D",-0.610346605719843,0.145258316398937,952,744,2.89833473863884e-05,0.000687659694153763
"HSERMETANA.PWY..L.methionine.biosynthesis.III.g__Eubacterium.s__Eubacterium_eligens_CAG_72","study_condition","T2D",-0.609068137801536,0.179187368873746,952,349,0.000704390799736318,0.00818228512423068
"PWY.6121..5.aminoimidazole.ribonucleotide.biosynthesis.I.g__Bacteroides.s__Bacteroides_caccae","study_condition","T2D",0.608980698781997,0.197486195917052,952,275,0.00210395439151091,0.0183118040507382
"NONOXIPENT.PWY..pentose.phosphate.pathway..non.oxidative.branch..g__Lachnospira.s__Lachnospira_pectinoschiza","study_condition","T2D",-0.607432941983528,0.166449192336049,952,241,0.000277262158015611,0.0040286749805624
"TRNA.CHARGING.PWY..tRNA.charging.g__Parabacteroides.s__Parabacteroides_distasonis","study_condition","T2D",0.60647868953799,0.151849897825226,952,380,7.00193271140943e-05,0.00137187188418112
"PWY.6385..peptidoglycan.biosynthesis.III..mycobacteria..g__Bacteroides.s__Bacteroides_caccae","study_condition","T2D",0.605351909067221,0.159649496258971,952,255,0.00015905682437665,0.00256028271208511
"PWY.6609..adenine.and.adenosine.salvage.III.g__Eubacterium.s__Eubacterium_eligens_CAG_72","study_condition","T2D",-0.604223445557527,0.201352554998192,952,332,0.00276307131135248,0.0225312594692208
"PWY.5097..L.lysine.biosynthesis.VI.g__Eubacterium.s__Eubacterium_eligens_CAG_72","study_condition","T2D",-0.603316738904447,0.197679032167233,952,343,0.00233661996002617,0.0197995389959165
"PYRIDOXSYN.PWY..pyridoxal.5..phosphate.biosynthesis.I.g__Bacteroides.s__Bacteroides_caccae","study_condition","T2D",0.603302277105809,0.164702500355804,952,242,0.000263116021480015,0.0038489607196232
"ARGSYNBSUB.PWY..L.arginine.biosynthesis.II..acetyl.cycle..g__Eubacterium.s__Eubacterium_eligens","study_condition","T2D",-0.602131577036046,0.192008588951676,952,354,0.00176575428258637,0.0162145891558392
"PWY.5188..tetrapyrrole.biosynthesis.I..from.glutamate..g__Eubacterium.s__Eubacterium_eligens","study_condition","T2D",-0.601946172986659,0.16950443023703,952,286,0.000402345497615493,0.00543574416435284
"PWY.6121..5.aminoimidazole.ribonucleotide.biosynthesis.I.g__Parabacteroides.s__Parabacteroides_distasonis","study_condition","T2D",0.601208585256919,0.170999558684335,952,416,0.000459131405236935,0.00598806923095159
"PWY.7221..guanosine.ribonucleotides.de.novo.biosynthesis.g__Bacteroides.s__Bacteroides_fragilis","study_condition","T2D",0.600254540196439,0.186833663951599,952,246,0.00135896850908822,0.0133280490245798
"DTDPRHAMSYN.PWY..dTDP.L.rhamnose.biosynthesis.I.g__Gemmiger.s__Gemmiger_formicilis","study_condition","T2D",-0.599927965309948,0.166379544033859,952,397,0.000327461394238663,0.00458128541858937
"FUCCAT.PWY..fucose.degradation.unclassified","study_condition","T2D",0.59900181185144,0.119072432470925,952,263,5.84951124723008e-07,2.52023718412997e-05
"PWY.6387..UDP.N.acetylmuramoyl.pentapeptide.biosynthesis.I..meso.diaminopimelate.containing..g__Eubacterium.s__Eubacterium_eligens_CAG_72","study_condition","T2D",-0.59828453474273,0.195857168399139,952,338,0.00231592110173526,0.0196819202561603
"PWY.7199..pyrimidine.deoxyribonucleosides.salvage.unclassified","study_condition","T2D",-0.598157788144539,0.157090955868514,952,851,0.000149281449691434,0.00245775162419737
"PWY.6519..8.amino.7.oxononanoate.biosynthesis.I.unclassified","study_condition","T2D",0.597714830429626,0.116953520994139,952,232,3.88221284668847e-07,1.75103975272511e-05
"PWY.5695..urate.biosynthesis.inosine.5..phosphate.degradation.g__Bacteroides.s__Bacteroides_caccae","study_condition","T2D",0.594257429078229,0.18458136814417,952,274,0.0013278889100049,0.0131573432043964
"COA.PWY.1..coenzyme.A.biosynthesis.II..mammalian..g__Bacteroides.s__Bacteroides_caccae","study_condition","T2D",0.593549318976997,0.152647844365021,952,296,0.000107968549764491,0.00192388403489813
"ARGININE.SYN4.PWY..L.ornithine.de.novo..biosynthesis.g__Bacteroides.s__Bacteroides_fragilis","study_condition","T2D",0.591227213644702,0.170538852564059,952,214,0.000550329026271198,0.00682823698068137
"PWY.6122..5.aminoimidazole.ribonucleotide.biosynthesis.II.g__Gemmiger.s__Gemmiger_formicilis","study_condition","T2D",-0.590144602344423,0.235340630544719,952,395,0.0123211453078641,0.0682147935421519
"PWY.6277..superpathway.of.5.aminoimidazole.ribonucleotide.biosynthesis.g__Gemmiger.s__Gemmiger_formicilis","study_condition","T2D",-0.590144602344423,0.235340630544719,952,395,0.0123211453078641,0.0682147935421519
"SER.GLYSYN.PWY..superpathway.of.L.serine.and.glycine.biosynthesis.I.g__Parabacteroides.s__Parabacteroides_distasonis","study_condition","T2D",0.590049762292392,0.142128398603416,952,408,3.60040572571385e-05,0.000807759419292278
"P185.PWY..formaldehyde.assimilation.III..dihydroxyacetone.cycle.","study_condition","T2D",0.589559683875223,0.157011725994924,952,361,0.000184000997123374,0.00286841426435113
"PWY.6124..inosine.5..phosphate.biosynthesis.II.g__Bacteroides.s__Bacteroides_fragilis_CAG_47","study_condition","T2D",0.589410186679027,0.198877538752061,952,274,0.00311589975185796,0.0247784130864003
"PWY.5695..urate.biosynthesis.inosine.5..phosphate.degradation.g__Eubacterium.s__Eubacterium_eligens","study_condition","T2D",-0.589357703008552,0.170525402357818,952,282,0.000572337724950313,0.00702045991228004
"VALSYN.PWY..L.valine.biosynthesis.g__Bacteroides.s__Bacteroides_fragilis","study_condition","T2D",0.589250878694823,0.175168632587157,952,273,0.000799298750476425,0.00892000925145082
"ARG.POLYAMINE.SYN..superpathway.of.arginine.and.polyamine.biosynthesis.unclassified","study_condition","T2D",0.58842072130656,0.0993538081597344,952,317,4.43305253104704e-09,3.36756446656731e-07
"PWY.6122..5.aminoimidazole.ribonucleotide.biosynthesis.II.g__Eubacterium.s__Eubacterium_sp_CAG_180","study_condition","T2D",0.5880657391416,0.215459542012463,952,203,0.00646348108333256,0.0421806678083346
"PWY.6277..superpathway.of.5.aminoimidazole.ribonucleotide.biosynthesis.g__Eubacterium.s__Eubacterium_sp_CAG_180","study_condition","T2D",0.5880657391416,0.215459542012463,952,203,0.00646348108333256,0.0421806678083346
"HSERMETANA.PWY..L.methionine.biosynthesis.III.g__Eubacterium.s__Eubacterium_eligens","study_condition","T2D",-0.587566474214301,0.193666982996625,952,335,0.00248001464724549,0.0206310536456733
"HEXITOLDEGSUPER.PWY..superpathway.of.hexitol.degradation..bacteria..unclassified","study_condition","T2D",0.585433816318871,0.126226425897598,952,282,4.01253010925488e-06,0.000125900401254157
"COLANSYN.PWY..colanic.acid.building.blocks.biosynthesis.unclassified","study_condition","T2D",0.58485815046264,0.117450897932977,952,334,7.56949778179149e-07,3.16675607682678e-05
"PWY0.1261..anhydromuropeptides.recycling.unclassified","study_condition","T2D",0.584781773499325,0.128631359652439,952,348,6.17005490017849e-06,0.000187483071703669
"PANTO.PWY..phosphopantothenate.biosynthesis.I.g__Bacteroides.s__Bacteroides_caccae","study_condition","T2D",0.58469948377585,0.197914457424877,952,373,0.0032112918200181,0.0253046289002336
"PPGPPMET.PWY..ppGpp.biosynthesis","study_condition","T2D",0.583689971114796,0.176284835971544,952,551,0.000964549721367048,0.0102869465357619
"PWY.6606..guanosine.nucleotides.degradation.II.unclassified","study_condition","T2D",0.583273273016384,0.139641580508881,952,481,3.22754785225723e-05,0.000739432920649407
"PWY.6936..seleno.amino.acid.biosynthesis.g__Eubacterium.s__Eubacterium_eligens_CAG_72","study_condition","T2D",-0.582403768955526,0.180870111311252,952,309,0.00132549289073966,0.0131486465450234
"COA.PWY.1..coenzyme.A.biosynthesis.II..mammalian..g__Eubacterium.s__Eubacterium_eligens_CAG_72","study_condition","T2D",-0.581130322562009,0.164283521441343,952,324,0.00042375385645346,0.00565440430953307
"COA.PWY.1..coenzyme.A.biosynthesis.II..mammalian..g__Faecalibacterium.s__Faecalibacterium_prausnitzii","study_condition","T2D",-0.580665781956009,0.14880232839857,952,719,0.000102041176244164,0.00183335391343249
"HISTSYN.PWY..L.histidine.biosynthesis.g__Parabacteroides.s__Parabacteroides_distasonis","study_condition","T2D",0.58060245409139,0.17754447407882,952,401,0.00111355559880565,0.0114802279591154
"PWY.5695..urate.biosynthesis.inosine.5..phosphate.degradation.g__Lachnospira.s__Lachnospira_pectinoschiza","study_condition","T2D",-0.577761503184249,0.176169304385273,952,254,0.00107751678064812,0.0111886035016939
"PWY.1042..glycolysis.IV..plant.cytosol..g__Roseburia.s__Roseburia_inulinivorans","study_condition","T2D",0.576314533885364,0.162119940394236,952,251,0.000396869703253743,0.00538697747676711
"PWY.6163..chorismate.biosynthesis.from.3.dehydroquinate.g__Lachnospira.s__Lachnospira_pectinoschiza","study_condition","T2D",-0.576091755025173,0.167070138590712,952,213,0.000589182096946742,0.00716617550499829
"PWY.6305..putrescine.biosynthesis.IV.unclassified","study_condition","T2D",0.575692677099248,0.132699961424622,952,472,1.58997442285719e-05,0.000411020253789351
"PWY.7357..thiamin.formation.from.pyrithiamine.and.oxythiamine..yeast..g__Faecalibacterium.s__Faecalibacterium_prausnitzii","study_condition","T2D",-0.574900489444394,0.206851081298759,952,684,0.00555553925073895,0.0378230895529869
"PWY0.1296..purine.ribonucleosides.degradation.g__Eubacterium.s__Eubacterium_eligens_CAG_72","study_condition","T2D",-0.574560943866557,0.200374552275327,952,353,0.00422993448834118,0.031060241573183
"PWY0.845..superpathway.of.pyridoxal.5..phosphate.biosynthesis.and.salvage.g__Bacteroides.s__Bacteroides_caccae","study_condition","T2D",0.574028801491081,0.160277527050161,952,240,0.000359048255825482,0.00495910350151303
"TRNA.CHARGING.PWY..tRNA.charging.g__Faecalibacterium.s__Faecalibacterium_prausnitzii","study_condition","T2D",-0.572459137274462,0.127182454434623,952,729,7.60162465502544e-06,0.000223152778008543
"PWY.7220..adenosine.deoxyribonucleotides.de.novo.biosynthesis.II.g__Bacteroides.s__Bacteroides_fragilis_CAG_47","study_condition","T2D",0.571725881218937,0.178881186073299,952,258,0.00143900417801177,0.0139177940223696
"PWY.7222..guanosine.deoxyribonucleotides.de.novo.biosynthesis.II.g__Bacteroides.s__Bacteroides_fragilis_CAG_47","study_condition","T2D",0.571725881218937,0.178881186073299,952,258,0.00143900417801177,0.0139177940223696
"GLUTORN.PWY..L.ornithine.biosynthesis.g__Lachnospira.s__Lachnospira_pectinoschiza","study_condition","T2D",-0.570957264519104,0.181856008387956,952,264,0.00174412933778863,0.0160828634561914
"SER.GLYSYN.PWY..superpathway.of.L.serine.and.glycine.biosynthesis.I.g__Eubacterium.s__Eubacterium_eligens","study_condition","T2D",-0.570113404525664,0.166070938933067,952,341,0.000622905818388976,0.00743025397692635
"PWY.6387..UDP.N.acetylmuramoyl.pentapeptide.biosynthesis.I..meso.diaminopimelate.containing..g__Eubacterium.s__Eubacterium_eligens","study_condition","T2D",-0.568030788556249,0.180966981212771,952,313,0.00174853803306619,0.0160917527803966
"PWY.3841..folate.transformations.II.g__Barnesiella.s__Barnesiella_intestinihominis","study_condition","T2D",-0.56797208927537,0.197192826904533,952,236,0.00406270698501507,0.0301741359264413
"COA.PWY..coenzyme.A.biosynthesis.I.g__Bacteroides.s__Bacteroides_caccae","study_condition","T2D",0.567740492916825,0.175546874590414,952,371,0.0012623823304178,0.0126907450228168
"SER.GLYSYN.PWY..superpathway.of.L.serine.and.glycine.biosynthesis.I.g__Bacteroides.s__Bacteroides_fragilis","study_condition","T2D",0.567061001743806,0.173482484591523,952,252,0.0011193584899568,0.011526331180768
"PWY.6703..preQ0.biosynthesis.g__Bacteroides.s__Bacteroides_caccae","study_condition","T2D",0.566863674159406,0.184659840505503,952,269,0.00220327466030176,0.0189101670547208
"PWY.1042..glycolysis.IV..plant.cytosol..g__Eubacterium.s__Eubacterium_eligens","study_condition","T2D",-0.564317045411013,0.184734766383882,952,297,0.00231558625869568,0.0196819202561603
"PWY.6609..adenine.and.adenosine.salvage.III.g__Bacteroides.s__Bacteroides_caccae","study_condition","T2D",0.564037607062868,0.210253109796621,952,394,0.00743117159278287,0.0467514502644405
"PWY.6527..stachyose.degradation.g__Roseburia.s__Roseburia_inulinivorans","study_condition","T2D",0.563687283057505,0.199212964878766,952,262,0.00475954182231989,0.0336969620769964
"PWY.6123..inosine.5..phosphate.biosynthesis.I.g__Faecalibacterium.s__Faecalibacterium_prausnitzii","study_condition","T2D",-0.563453932016795,0.149737141615159,952,661,0.000178241762780954,0.00282357455357397
"PYRIDOXSYN.PWY..pyridoxal.5..phosphate.biosynthesis.I","study_condition","T2D",0.562705974698891,0.126813206087311,952,893,1.01801716713002e-05,0.000283478346855633
"PWY.6609..adenine.and.adenosine.salvage.III.g__Eubacterium.s__Eubacterium_eligens","study_condition","T2D",-0.561103509011554,0.151561128213935,952,324,0.000226116181619147,0.00339469425607843
"PWY.7282..4.amino.2.methyl.5.phosphomethylpyrimidine.biosynthesis..yeast..g__Bacteroides.s__Bacteroides_uniformis_CAG_3","study_condition","T2D",0.560835353065931,0.213807939596683,952,584,0.00885392579245927,0.0535066276083023
"COA.PWY.1..coenzyme.A.biosynthesis.II..mammalian..g__Bacteroides.s__Bacteroides_fragilis","study_condition","T2D",0.560720551421548,0.163380005890751,952,266,0.000625061993961813,0.00743605063634583
"PWY.7111..pyruvate.fermentation.to.isobutanol..engineered..g__Eubacterium.s__Eubacterium_sp_CAG_180","study_condition","T2D",0.560283622098863,0.20339653730666,952,216,0.00598836838169413,0.0400767157538417
"X1CMET2.PWY..N10.formyl.tetrahydrofolate.biosynthesis.g__Bacteroides.s__Bacteroides_uniformis","study_condition","T2D",0.559965951374918,0.213305232146527,952,626,0.00879974468688751,0.0533280538757493
"PWY.4041...gamma..glutamyl.cycle","study_condition","T2D",0.55837409825455,0.175551502923518,952,805,0.00151704622464253,0.0143374734551514
"PWY.6700..queuosine.biosynthesis.g__Parabacteroides.s__Parabacteroides_distasonis","study_condition","T2D",0.557758262305776,0.188272802497705,952,403,0.00312779217485026,0.0248328642963745
"PWY.7111..pyruvate.fermentation.to.isobutanol..engineered..g__Lachnospiraceae_unclassified.s__Eubacterium_rectale","study_condition","T2D",-0.557413752376245,0.228895535084852,952,610,0.0150659023908436,0.0786916252742494
"PWY.7228..superpathway.of.guanosine.nucleotides.de.novo.biosynthesis.I.g__Bacteroides.s__Bacteroides_caccae","study_condition","T2D",0.557371108992199,0.221892432679902,952,390,0.0121737562630441,0.0676233029108158
"PWY4FS.7..phosphatidylglycerol.biosynthesis.I..plastidic..unclassified","study_condition","T2D",0.55629290168206,0.144280742710761,952,573,0.000123228998638495,0.0021216092654562
"PWY4FS.8..phosphatidylglycerol.biosynthesis.II..non.plastidic..unclassified","study_condition","T2D",0.556292656114272,0.144280734192312,952,573,0.00012322972985271,0.0021216092654562
"PWY.5097..L.lysine.biosynthesis.VI.g__Bacteroides.s__Bacteroides_thetaiotaomicron","study_condition","T2D",0.555055976669777,0.176404985847147,952,283,0.00170405869339226,0.0157999446303822
"PANTOSYN.PWY..pantothenate.and.coenzyme.A.biosynthesis.I.g__Bacteroides.s__Bacteroides_caccae","study_condition","T2D",0.551463318833156,0.145004425937175,952,259,0.000152061523168972,0.00247528720045732
"ARGININE.SYN4.PWY..L.ornithine.de.novo..biosynthesis.unclassified","study_condition","T2D",0.549824590251643,0.177759179668072,952,305,0.00203892156022022,0.017944167389743
"GLYCOLYSIS.E.D..superpathway.of.glycolysis.and.Entner.Doudoroff.unclassified","study_condition","T2D",0.548721031866244,0.0878322044508437,952,221,6.29824641979338e-10,5.80242702078836e-08
"PWY.7221..guanosine.ribonucleotides.de.novo.biosynthesis.g__Bacteroides.s__Bacteroides_caccae","study_condition","T2D",0.546993005777319,0.234376081547559,952,437,0.0198132439224205,0.0962325812496699
"PWY0.1297..superpathway.of.purine.deoxyribonucleosides.degradation.unclassified","study_condition","T2D",0.546982893482453,0.156984020630823,952,337,0.000515988651863408,0.00652330178852134
"PWY.7221..guanosine.ribonucleotides.de.novo.biosynthesis.g__Eubacterium.s__Eubacterium_sp_CAG_180","study_condition","T2D",0.546218949915999,0.184491276952374,952,198,0.00314620213012435,0.0248822926455497
"DTDPRHAMSYN.PWY..dTDP.L.rhamnose.biosynthesis.I.g__Bacteroides.s__Bacteroides_caccae","study_condition","T2D",0.544894298285701,0.190980096911423,952,358,0.00442314724991043,0.0321157498653162
"PWY.5695..urate.biosynthesis.inosine.5..phosphate.degradation.g__Eubacterium.s__Eubacterium_eligens_CAG_72","study_condition","T2D",-0.544539915276112,0.187020059753974,952,292,0.00367940738631856,0.0278528566132157
"PWY.6147..6.hydroxymethyl.dihydropterin.diphosphate.biosynthesis.I.g__Parabacteroides.s__Parabacteroides_distasonis","study_condition","T2D",0.543997186429257,0.15440653152112,952,322,0.000446828595038304,0.00587182948866724
"PWY66.422..D.galactose.degradation.V..Leloir.pathway..g__Roseburia.s__Roseburia_inulinivorans","study_condition","T2D",0.54365267450538,0.207625482024095,952,305,0.00897462705431141,0.0539709956473705
"PWY.6892..thiazole.biosynthesis.I..E..coli..g__Bacteroides.s__Bacteroides_caccae","study_condition","T2D",0.543260623358055,0.164210709709538,952,360,0.000973953060970824,0.0103363155735384
"PWY.6386..UDP.N.acetylmuramoyl.pentapeptide.biosynthesis.II..lysine.containing..g__Bacteroides.s__Bacteroides_thetaiotaomicron","study_condition","T2D",0.542242015843194,0.213772749729797,952,250,0.0113551796428059,0.0642718011154893
"CALVIN.PWY..Calvin.Benson.Bassham.cycle.g__Eubacterium.s__Eubacterium_eligens","study_condition","T2D",-0.542233718527031,0.171788211680128,952,247,0.00164772737051719,0.0154060234580394
"PWY0.845..superpathway.of.pyridoxal.5..phosphate.biosynthesis.and.salvage","study_condition","T2D",0.542206548879093,0.122944041530195,952,889,1.15116384996288e-05,0.000314481985510363
"P108.PWY..pyruvate.fermentation.to.propanoate.I","study_condition","T2D",0.541874047378407,0.161148264081242,952,742,0.000803100515328972,0.00892792100481245
"PWY.5686..UMP.biosynthesis.g__Lachnospira.s__Lachnospira_pectinoschiza","study_condition","T2D",-0.541765109671004,0.162722684343165,952,269,0.000903987223587472,0.00979790908168649
"HISDEG.PWY..L.histidine.degradation.I.unclassified","study_condition","T2D",-0.540752873856739,0.192245075162613,952,581,0.00501230824621824,0.0349692918737472
"GLUCUROCAT.PWY..superpathway.of..beta..D.glucuronide.and.D.glucuronate.degradation.g__Faecalibacterium.s__Faecalibacterium_prausnitzii","study_condition","T2D",-0.540240150272619,0.138034709126755,952,418,9.73584991325115e-05,0.00177702760094575
"PWY.7111..pyruvate.fermentation.to.isobutanol..engineered..g__Bacteroides.s__Bacteroides_fragilis_CAG_47","study_condition","T2D",0.53934577775014,0.136208454340623,952,215,8.06620831766741e-05,0.00153523876991208
"PWY.6897..thiamin.salvage.II.g__Faecalibacterium.s__Faecalibacterium_prausnitzii","study_condition","T2D",-0.536760873450529,0.244944354111776,952,581,0.0286688308836481,0.127384338354229
"PWY.6387..UDP.N.acetylmuramoyl.pentapeptide.biosynthesis.I..meso.diaminopimelate.containing..g__Faecalibacterium.s__Faecalibacterium_prausnitzii","study_condition","T2D",-0.536577100225944,0.167296247062736,952,612,0.00138459142945974,0.013502884886398
"CITRULBIO.PWY..L.citrulline.biosynthesis.unclassified","study_condition","T2D",0.53513090903022,0.157641903248217,952,318,0.000715821081490267,0.00826136930018678
"PYRIDNUCSYN.PWY..NAD.biosynthesis.I..from.aspartate..g__Parabacteroides.s__Parabacteroides_distasonis","study_condition","T2D",0.534933943631404,0.13589456415673,952,357,8.87714755270273e-05,0.00166039088134785
"PWY.4242..pantothenate.and.coenzyme.A.biosynthesis.III.g__Parabacteroides.s__Parabacteroides_distasonis","study_condition","T2D",0.534925583193129,0.1625447144421,952,282,0.00103539734029223,0.0108685345053705
"PWY.6895..superpathway.of.thiamin.diphosphate.biosynthesis.II","study_condition","T2D",0.534187932964776,0.139246700143655,952,613,0.000133191010778922,0.00224840965564418
"TRNA.CHARGING.PWY..tRNA.charging.g__Bacteroides.s__Bacteroides_thetaiotaomicron","study_condition","T2D",0.532123478139097,0.181844252288136,952,367,0.00351261368174626,0.0269953134680313
"PWY.7219..adenosine.ribonucleotides.de.novo.biosynthesis.g__Bacteroides.s__Bacteroides_caccae","study_condition","T2D",0.531906697882659,0.153626660641787,952,268,0.000559465092655039,0.00689293598521155
"PANTO.PWY..phosphopantothenate.biosynthesis.I.g__Bacteroides.s__Bacteroides_uniformis","study_condition","T2D",0.531114946260719,0.223681720816141,952,710,0.0177748818826867,0.0883642233662839
"PANTO.PWY..phosphopantothenate.biosynthesis.I.g__Bacteroides.s__Bacteroides_fragilis","study_condition","T2D",0.531029029313727,0.155131511062145,952,303,0.000645659491094404,0.00762811895344821
"PWY.6549..L.glutamine.biosynthesis.III.unclassified","study_condition","T2D",0.530193927987261,0.127710545060853,952,293,3.6003740757341e-05,0.000807759419292278
"GOLPDLCAT.PWY..superpathway.of.glycerol.degradation.to.1.3.propanediol","study_condition","T2D",0.529628581317189,0.149989158826925,952,369,0.000433759301317326,0.0057348939685619
"PWY.6151..S.adenosyl.L.methionine.cycle.I.g__Lachnospira.s__Lachnospira_pectinoschiza","study_condition","T2D",-0.529466946860348,0.2241623591817,952,249,0.0183791467546987,0.0910545828922717
"CALVIN.PWY..Calvin.Benson.Bassham.cycle.g__Roseburia.s__Roseburia_inulinivorans","study_condition","T2D",0.526926807973106,0.15261265508279,952,243,0.000579553370212675,0.00707888883785863
"BRANCHED.CHAIN.AA.SYN.PWY..superpathway.of.branched.amino.acid.biosynthesis.g__Gemmiger.s__Gemmiger_formicilis","study_condition","T2D",-0.526584337086162,0.138574866115273,952,415,0.000153935195515942,0.00249640223439712
"PWY.6892..thiazole.biosynthesis.I..E..coli..g__Eubacterium.s__Eubacterium_eligens_CAG_72","study_condition","T2D",-0.526194743174966,0.146783363368338,952,326,0.000354503788978165,0.00490415784752542
"PWY.4242..pantothenate.and.coenzyme.A.biosynthesis.III.g__Eubacterium.s__Eubacterium_eligens","study_condition","T2D",-0.524489407270794,0.166074281749299,952,230,0.00163795252915594,0.0153347771918816
"PWY.5973..cis.vaccenate.biosynthesis.g__Bacteroides.s__Bacteroides_caccae","study_condition","T2D",0.523797017375472,0.21430792623418,952,422,0.0147015960550285,0.0774898489571192
"PWY.5667..CDP.diacylglycerol.biosynthesis.I.g__Lachnospira.s__Lachnospira_pectinoschiza","study_condition","T2D",-0.523472019236532,0.167967097339368,952,223,0.00188518380346558,0.0170059288937624
"PWY0.1319..CDP.diacylglycerol.biosynthesis.II.g__Lachnospira.s__Lachnospira_pectinoschiza","study_condition","T2D",-0.523472019236532,0.167967097339368,952,223,0.00188518380346558,0.0170059288937624
"PWY.5667..CDP.diacylglycerol.biosynthesis.I.g__Bacteroides.s__Bacteroides_uniformis","study_condition","T2D",0.522771219042625,0.211423649229782,952,697,0.0135871864469415,0.072857606582361
"PWY0.1319..CDP.diacylglycerol.biosynthesis.II.g__Bacteroides.s__Bacteroides_uniformis","study_condition","T2D",0.522771219042625,0.211423649229782,952,697,0.0135871864469415,0.072857606582361
"PRPP.PWY..superpathway.of.histidine..purine..and.pyrimidine.biosynthesis","study_condition","T2D",0.522293186803746,0.1360514054594,952,644,0.000131773138402995,0.0022375595658234
"PWY.7221..guanosine.ribonucleotides.de.novo.biosynthesis.g__Bacteroides.s__Bacteroides_fragilis_CAG_47","study_condition","T2D",0.522180746270063,0.132842258635216,952,229,9.08145454061364e-05,0.00168809238453191
"POLYAMINSYN3.PWY..superpathway.of.polyamine.biosynthesis.II","study_condition","T2D",0.522158952742281,0.155542922267943,952,522,0.000819264735501882,0.00908429271375966
"PWY.6386..UDP.N.acetylmuramoyl.pentapeptide.biosynthesis.II..lysine.containing..g__Faecalibacterium.s__Faecalibacterium_prausnitzii","study_condition","T2D",-0.521831899591511,0.162360776949355,952,612,0.00135312213418826,0.0133008373235759
"RIBOSYN2.PWY..flavin.biosynthesis.I..bacteria.and.plants..g__Eubacterium.s__Eubacterium_eligens","study_condition","T2D",-0.521505086794462,0.152884065670506,952,316,0.000674329037594537,0.00791285835442911
"PWY.6572..chondroitin.sulfate.degradation.I..bacterial.","study_condition","T2D",0.521106100583814,0.171351862470444,952,376,0.0024216753673899,0.0202429620478731
"PWY.6969..TCA.cycle.V..2.oxoglutarate.ferredoxin.oxidoreductase.","study_condition","T2D",0.521041599601641,0.144554686524744,952,587,0.000329106627783533,0.00459687644613773
"PWY.5973..cis.vaccenate.biosynthesis.g__Bacteroides.s__Bacteroides_fragilis_CAG_47","study_condition","T2D",0.52040678665803,0.151080877332019,952,202,0.00059708400491802,0.00722171436115929
"PWY.6123..inosine.5..phosphate.biosynthesis.I.g__Bacteroides.s__Bacteroides_caccae","study_condition","T2D",0.519552836570497,0.187177320337104,952,397,0.00561641752936406,0.0381176926365931
"PWY.7228..superpathway.of.guanosine.nucleotides.de.novo.biosynthesis.I.g__Bacteroides.s__Bacteroides_fragilis_CAG_47","study_condition","T2D",0.519116879086533,0.135710352128015,952,201,0.000139234127665661,0.00233393403378578
"PANTOSYN.PWY..pantothenate.and.coenzyme.A.biosynthesis.I.g__Bacteroides.s__Bacteroides_uniformis","study_condition","T2D",0.518481839467454,0.224687898700622,952,631,0.0212382150597085,0.101279153313368
"PWY.6122..5.aminoimidazole.ribonucleotide.biosynthesis.II.g__Barnesiella.s__Barnesiella_intestinihominis","study_condition","T2D",-0.518388701847021,0.211943016608642,952,249,0.0146307115634154,0.0773516252375931
"PWY.6277..superpathway.of.5.aminoimidazole.ribonucleotide.biosynthesis.g__Barnesiella.s__Barnesiella_intestinihominis","study_condition","T2D",-0.518388701847021,0.211943016608642,952,249,0.0146307115634154,0.0773516252375931
"ARGSYN.PWY..L.arginine.biosynthesis.I..via.L.ornithine..g__Eubacterium.s__Eubacterium_eligens_CAG_72","study_condition","T2D",-0.518249274055538,0.159933293511671,952,314,0.0012351860102028,0.0124961575331265
"PWY.5103..L.isoleucine.biosynthesis.III.g__Gemmiger.s__Gemmiger_formicilis","study_condition","T2D",-0.518239962391613,0.137289574531373,952,415,0.00017010467513159,0.0027079163357345
"ILEUSYN.PWY..L.isoleucine.biosynthesis.I..from.threonine..g__Eubacterium.s__Eubacterium_eligens_CAG_72","study_condition","T2D",-0.518226561372535,0.146645464387945,952,331,0.000429311645115666,0.00571096597035586
"PWY0.1241..ADP.L.glycero..beta..D.manno.heptose.biosynthesis","study_condition","T2D",0.51759644113839,0.113306870294694,952,877,5.57156099164233e-06,0.00017109829144547
"PWY.7663..gondoate.biosynthesis..anaerobic..g__Bacteroides.s__Bacteroides_caccae","study_condition","T2D",0.517374823251642,0.222979289154245,952,426,0.020537362004292,0.099027591846976
"PWY.6121..5.aminoimidazole.ribonucleotide.biosynthesis.I.g__Gemmiger.s__Gemmiger_formicilis","study_condition","T2D",-0.517358015741464,0.223002314682011,952,347,0.0205544715594086,0.0990549380659313
"PWY.7400..L.arginine.biosynthesis.IV..archaebacteria..g__Eubacterium.s__Eubacterium_eligens_CAG_72","study_condition","T2D",-0.516513799255066,0.159574975624548,952,314,0.00125069634104122,0.0126088827862829
"PWY.3841..folate.transformations.II.g__Bacteroides.s__Bacteroides_fragilis","study_condition","T2D",0.516398652199853,0.128331486049807,952,218,6.17963773330108e-05,0.00123592754666022
"HISTSYN.PWY..L.histidine.biosynthesis.g__Bacteroides.s__Bacteroides_fragilis","study_condition","T2D",0.516038977446071,0.127877762743276,952,214,5.89035496925363e-05,0.00118629009380782
"CALVIN.PWY..Calvin.Benson.Bassham.cycle.g__Eubacterium.s__Eubacterium_eligens_CAG_72","study_condition","T2D",-0.513946960037028,0.146534500707731,952,268,0.000473862870374142,0.00613928325349274
"ILEUSYN.PWY..L.isoleucine.biosynthesis.I..from.threonine..g__Gemmiger.s__Gemmiger_formicilis","study_condition","T2D",-0.513204444199487,0.130414830215601,952,415,8.92163711531413e-05,0.00166511589264268
"PWY.6151..S.adenosyl.L.methionine.cycle.I.g__Lachnospiraceae_unclassified.s__Eubacterium_rectale","study_condition","T2D",-0.511598188331941,0.186801570209457,952,285,0.00628357349284695,0.0414438282163401
"PWY.5103..L.isoleucine.biosynthesis.III.g__Eubacterium.s__Eubacterium_eligens_CAG_72","study_condition","T2D",-0.510343910924714,0.15884142762145,952,331,0.0013583166630934,0.0133280490245798
"PWY.6124..inosine.5..phosphate.biosynthesis.II.g__Bacteroides.s__Bacteroides_caccae","study_condition","T2D",0.510136686273725,0.187682063918528,952,443,0.006685940702324,0.0431769175854779
"ILEUSYN.PWY..L.isoleucine.biosynthesis.I..from.threonine..g__Eubacterium.s__Eubacterium_eligens","study_condition","T2D",-0.507764648956941,0.195042160030339,952,290,0.0093759502782196,0.0556898006923057
"COA.PWY..coenzyme.A.biosynthesis.I.g__Barnesiella.s__Barnesiella_intestinihominis","study_condition","T2D",-0.506883105464924,0.203726654210698,952,268,0.0130153895684959,0.0708212777746137
"VALSYN.PWY..L.valine.biosynthesis.g__Eubacterium.s__Eubacterium_sp_CAG_180","study_condition","T2D",0.506329163737703,0.185308269473423,952,216,0.00640526926222059,0.0418954923042525
"PWY.1042..glycolysis.IV..plant.cytosol..g__Roseburia.s__Roseburia_inulinivorans_CAG_15","study_condition","T2D",0.503610745068436,0.150068023791328,952,241,0.000822566752865334,0.00910924306881559
"PWY.2942..L.lysine.biosynthesis.III.g__Bacteroides.s__Bacteroides_fragilis","study_condition","T2D",0.5030572691914,0.123412559328441,952,226,4.96129991239587e-05,0.00104537365550726
"PWY.6700..queuosine.biosynthesis.g__Bacteroides.s__Bacteroides_fragilis","study_condition","T2D",0.497882546531511,0.171415887043518,952,286,0.00376356426550978,0.0282920716487106
"PWY.6121..5.aminoimidazole.ribonucleotide.biosynthesis.I.g__Roseburia.s__Roseburia_inulinivorans","study_condition","T2D",0.49434166622876,0.181802373412827,952,260,0.00666540216681089,0.0431088584596996
"PWY.6609..adenine.and.adenosine.salvage.III.g__Bacteroides.s__Bacteroides_vulgatus_CAG_6","study_condition","T2D",0.493206700407573,0.218371955129454,952,668,0.0241374267198977,0.112347433042706
"PEPTIDOGLYCANSYN.PWY..peptidoglycan.biosynthesis.I..meso.diaminopimelate.containing..g__Eubacterium.s__Eubacterium_eligens_CAG_72","study_condition","T2D",-0.493027198165926,0.169406120676383,952,329,0.00369506514309478,0.0279469555800881
"PWY.4242..pantothenate.and.coenzyme.A.biosynthesis.III.g__Bacteroides.s__Bacteroides_uniformis","study_condition","T2D",0.492882359853741,0.221282364257936,952,630,0.0261555022024474,0.119214025827997
"PWY.5695..urate.biosynthesis.inosine.5..phosphate.degradation.g__Bacteroides.s__Bacteroides_ovatus","study_condition","T2D",0.492755119892169,0.235842163843992,952,440,0.0369432811298846,0.15162503060891
"PWY.6700..queuosine.biosynthesis.unclassified","study_condition","T2D",-0.491805048723921,0.124015185667773,952,906,7.8699854185683e-05,0.00150450493873734
"PWY.6125..superpathway.of.guanosine.nucleotides.de.novo.biosynthesis.II.g__Bacteroides.s__Bacteroides_vulgatus","study_condition","T2D",0.490190928017065,0.222843266521565,952,706,0.0280683409550402,0.125294759108582
"BRANCHED.CHAIN.AA.SYN.PWY..superpathway.of.branched.amino.acid.biosynthesis.g__Eubacterium.s__Eubacterium_eligens_CAG_72","study_condition","T2D",-0.48870372564468,0.14598671969315,952,331,0.000847276741490436,0.00928786909026225
"PWY.6969..TCA.cycle.V..2.oxoglutarate.ferredoxin.oxidoreductase..unclassified","study_condition","T2D",0.487986421682537,0.124692482466542,952,230,9.74697587123823e-05,0.00177702760094575
"PWY.6700..queuosine.biosynthesis.g__Eubacterium.s__Eubacterium_eligens_CAG_72","study_condition","T2D",-0.485995623816217,0.179928104115339,952,345,0.00703542537820584,0.0448320704748069
"PWY.7228..superpathway.of.guanosine.nucleotides.de.novo.biosynthesis.I.g__Bacteroides.s__Bacteroides_fragilis","study_condition","T2D",0.485907101444062,0.142932409841913,952,215,0.000703116571522915,0.00818228512423068
"PWY.5723..Rubisco.shunt.unclassified","study_condition","T2D",0.485890170176027,0.119464818559898,952,255,5.15335086700593e-05,0.00107537393995835
"HISDEG.PWY..L.histidine.degradation.I.g__Bacteroides.s__Bacteroides_fragilis","study_condition","T2D",0.485336882424668,0.149609708356459,952,212,0.00121980459354925,0.0124276562119253
"PWY.6163..chorismate.biosynthesis.from.3.dehydroquinate.g__Bacteroides.s__Bacteroides_caccae","study_condition","T2D",0.485094493255806,0.175065937761137,952,315,0.00569920935169914,0.0385286127913463
"COA.PWY.1..coenzyme.A.biosynthesis.II..mammalian..g__Bacteroides.s__Bacteroides_thetaiotaomicron","study_condition","T2D",0.484596982143994,0.216904692342529,952,330,0.0257061224763842,0.11788841111094
"PWY.5686..UMP.biosynthesis.g__Eubacterium.s__Eubacterium_eligens","study_condition","T2D",-0.483464782829847,0.168477829198085,952,322,0.00420126866393681,0.0308853876313181
"PWY.6125..superpathway.of.guanosine.nucleotides.de.novo.biosynthesis.II.g__Bacteroides.s__Bacteroides_ovatus","study_condition","T2D",0.48271192903179,0.223598852568281,952,503,0.031113964838705,0.135128854314536
"PWY.2942..L.lysine.biosynthesis.III.g__Barnesiella.s__Barnesiella_intestinihominis","study_condition","T2D",-0.482404486577951,0.192683746045933,952,252,0.012460750712533,0.068645102525786
"GLUTORN.PWY..L.ornithine.biosynthesis.g__Eubacterium.s__Eubacterium_eligens","study_condition","T2D",-0.479832561386651,0.16406899799563,952,324,0.00353147606433559,0.0270642324930498
"NAGLIPASYN.PWY..lipid.IVA.biosynthesis","study_condition","T2D",0.479555636035345,0.114585167592264,952,875,3.11506070122903e-05,0.000723228570312156
"PENTOSE.P.PWY..pentose.phosphate.pathway.unclassified","study_condition","T2D",0.478249041566081,0.102017743403205,952,233,3.16498306657435e-06,0.000103040426152383
"PWY.6163..chorismate.biosynthesis.from.3.dehydroquinate.unclassified","study_condition","T2D",-0.478058567089779,0.133790181822096,952,877,0.000370430415287824,0.00505982239178636
"COA.PWY..coenzyme.A.biosynthesis.I.g__Lachnospira.s__Lachnospira_pectinoschiza","study_condition","T2D",-0.476913507577001,0.155095236802083,952,256,0.00216560073731859,0.0186607983932129
"SER.GLYSYN.PWY..superpathway.of.L.serine.and.glycine.biosynthesis.I.g__Eubacterium.s__Eubacterium_eligens_CAG_72","study_condition","T2D",-0.47636468131933,0.152727736436616,952,246,0.00186923770528105,0.0168972844757139
"PWY.7111..pyruvate.fermentation.to.isobutanol..engineered..g__Gemmiger.s__Gemmiger_formicilis","study_condition","T2D",-0.475756831803278,0.124512159163792,952,435,0.000141599072288399,0.00235364292901639
"PWY.7229..superpathway.of.adenosine.nucleotides.de.novo.biosynthesis.I.g__Bacteroides.s__Bacteroides_vulgatus","study_condition","T2D",0.474772388218772,0.189921576568267,952,692,0.0125933671979274,0.0691995938667839
"DTDPRHAMSYN.PWY..dTDP.L.rhamnose.biosynthesis.I.g__Roseburia.s__Roseburia_inulinivorans","study_condition","T2D",0.474505304932929,0.17919261486193,952,278,0.00823113527104084,0.0506261586983052
"PWY.7221..guanosine.ribonucleotides.de.novo.biosynthesis.unclassified","study_condition","T2D",-0.474289279637531,0.116247774757889,952,907,4.88306429257675e-05,0.00103139845789548
"PWY.7111..pyruvate.fermentation.to.isobutanol..engineered..g__Roseburia.s__Roseburia_hominis","study_condition","T2D",-0.474150544779721,0.183831096091997,952,437,0.0100506771829925,0.0586120299021648
"PWY.6386..UDP.N.acetylmuramoyl.pentapeptide.biosynthesis.II..lysine.containing..g__Eubacterium.s__Eubacterium_eligens_CAG_72","study_condition","T2D",-0.472151176180805,0.159379587446948,952,268,0.00312848209553633,0.0248328642963745
"PWY.6126..superpathway.of.adenosine.nucleotides.de.novo.biosynthesis.II.g__Bacteroides.s__Bacteroides_vulgatus","study_condition","T2D",0.471951779837545,0.189840487803008,952,692,0.0130886820009811,0.0710408570541369
"BRANCHED.CHAIN.AA.SYN.PWY..superpathway.of.branched.amino.acid.biosynthesis.g__Eubacterium.s__Eubacterium_eligens","study_condition","T2D",-0.471853532392696,0.189368788940789,952,290,0.0128828405920678,0.0704327017217847
"PWY.6609..adenine.and.adenosine.salvage.III.g__Bacteroides.s__Bacteroides_fragilis_CAG_47","study_condition","T2D",0.470890914512901,0.120416308594791,952,212,9.86667004014731e-05,0.00178779733221203
"PYRIDOXSYN.PWY..pyridoxal.5..phosphate.biosynthesis.I.g__Bacteroides.s__Bacteroides_thetaiotaomicron","study_condition","T2D",0.470676555717363,0.172016196308775,952,282,0.00633096488536104,0.0415349665963838
"PWY.5686..UMP.biosynthesis.unclassified","study_condition","T2D",-0.469716133090229,0.13614845817863,952,895,0.000585260700305313,0.00712849179274825
"TRPSYN.PWY..L.tryptophan.biosynthesis.g__Bacteroides.s__Bacteroides_vulgatus","study_condition","T2D",0.469687772376015,0.214228943793186,952,598,0.0285892212375452,0.12722644188959
"PWY.6901..superpathway.of.glucose.and.xylose.degradation","study_condition","T2D",0.469238654195078,0.102955659460478,952,850,5.84881115454701e-06,0.000178977754764583
"PWY.7371..1.4.dihydroxy.6.naphthoate.biosynthesis.II","study_condition","T2D",0.468906730253585,0.150303566414536,952,344,0.00186493348713104,0.0168873863098866
"PWY.5103..L.isoleucine.biosynthesis.III.g__Eubacterium.s__Eubacterium_eligens","study_condition","T2D",-0.468661056533928,0.187596363486361,952,290,0.0126496938670817,0.0693331322081817
"PWY.5097..L.lysine.biosynthesis.VI.g__Lachnospira.s__Lachnospira_pectinoschiza","study_condition","T2D",-0.4685573155809,0.142404285614126,952,265,0.00103762863924202,0.0108787699949587
"PWY.1861..formaldehyde.assimilation.II..RuMP.Cycle.","study_condition","T2D",0.46793431448852,0.151324143052196,952,310,0.00204452008625902,0.0179751715198001
"TRNA.CHARGING.PWY..tRNA.charging.g__Bacteroides.s__Bacteroides_caccae","study_condition","T2D",0.467641822487689,0.15572883471758,952,377,0.00274425358586637,0.0224200340128328
"PWY.4242..pantothenate.and.coenzyme.A.biosynthesis.III.g__Faecalibacterium.s__Faecalibacterium_prausnitzii","study_condition","T2D",-0.467098836155742,0.154984719520808,952,569,0.00264834866423218,0.0217803413411687
"PWY.7663..gondoate.biosynthesis..anaerobic..g__Bacteroides.s__Bacteroides_thetaiotaomicron","study_condition","T2D",0.466985361938812,0.169317355037068,952,376,0.00592674057651207,0.0397256760004602
"PWY.6936..seleno.amino.acid.biosynthesis.g__Parabacteroides.s__Parabacteroides_distasonis","study_condition","T2D",0.466783311649767,0.116405810735242,952,336,6.55056786692204e-05,0.00130109903044828
"PWY.1042..glycolysis.IV..plant.cytosol..g__Bacteroides.s__Bacteroides_fragilis","study_condition","T2D",0.465793216560419,0.113826306318262,952,211,4.6382014446332e-05,0.000994228329468404
"COA.PWY..coenzyme.A.biosynthesis.I.g__Bacteroides.s__Bacteroides_thetaiotaomicron","study_condition","T2D",0.464357285818733,0.212531323077966,952,416,0.0291415056097568,0.128884941935054
"GLUTORN.PWY..L.ornithine.biosynthesis.g__Eubacterium.s__Eubacterium_eligens_CAG_72","study_condition","T2D",-0.464022308170816,0.153044101239567,952,330,0.00249593050268341,0.0207435298975416
"PWY.7539..6.hydroxymethyl.dihydropterin.diphosphate.biosynthesis.III..Chlamydia..g__Bacteroides.s__Bacteroides_uniformis","study_condition","T2D",0.46399516658619,0.187188535180901,952,599,0.0133572660391436,0.0719527874028473
"PWY.6122..5.aminoimidazole.ribonucleotide.biosynthesis.II.g__Bacteroides.s__Bacteroides_fragilis","study_condition","T2D",0.463494579657448,0.192496365477846,952,273,0.016238866821715,0.0831138219125603
"PWY.6277..superpathway.of.5.aminoimidazole.ribonucleotide.biosynthesis.g__Bacteroides.s__Bacteroides_fragilis","study_condition","T2D",0.463494579657448,0.192496365477846,952,273,0.016238866821715,0.0831138219125603
"PWY.7229..superpathway.of.adenosine.nucleotides.de.novo.biosynthesis.I.g__Faecalibacterium.s__Faecalibacterium_prausnitzii","study_condition","T2D",-0.462735473277401,0.145486748208078,952,464,0.00151747708478635,0.0143374734551514
"GLYCOGENSYNTH.PWY..glycogen.biosynthesis.I..from.ADP.D.Glucose..g__Eubacterium.s__Eubacterium_eligens_CAG_72","study_condition","T2D",-0.462446952177751,0.149646255388253,952,301,0.00205817996914432,0.0180586003371731
"PWY.6703..preQ0.biosynthesis.g__Bacteroides.s__Bacteroides_uniformis_CAG_3","study_condition","T2D",0.462401052956031,0.206788513965359,952,625,0.025577075050567,0.11760101181245
"COA.PWY.1..coenzyme.A.biosynthesis.II..mammalian..g__Lachnospira.s__Lachnospira_pectinoschiza","study_condition","T2D",-0.462398357604359,0.152267619006005,952,247,0.00245694108011421,0.0204784501961396
"PWY.6478..GDP.D.glycero..alpha..D.manno.heptose.biosynthesis","study_condition","T2D",0.462222323466983,0.11408390714431,952,214,5.50361067432974e-05,0.00112941394406862
"PWY.6125..superpathway.of.guanosine.nucleotides.de.novo.biosynthesis.II.g__Bacteroides.s__Bacteroides_caccae","study_condition","T2D",0.461306404442951,0.157033034511712,952,379,0.00338736758959223,0.0263326780304028
"PWY.5667..CDP.diacylglycerol.biosynthesis.I.g__Eubacterium.s__Eubacterium_eligens","study_condition","T2D",-0.461244968778813,0.193396789133925,952,297,0.0172765369295041,0.0864825490228356
"PWY0.1319..CDP.diacylglycerol.biosynthesis.II.g__Eubacterium.s__Eubacterium_eligens","study_condition","T2D",-0.461244968778813,0.193396789133925,952,297,0.0172765369295041,0.0864825490228356
"GLYCOLYSIS.E.D..superpathway.of.glycolysis.and.Entner.Doudoroff","study_condition","T2D",0.460453072765946,0.10602315966478,952,853,1.55736022372669e-05,0.000406227094502203
"PWY.6151..S.adenosyl.L.methionine.cycle.I.g__Gemmiger.s__Gemmiger_formicilis","study_condition","T2D",-0.460333141553275,0.155473621652131,952,242,0.00314450534633179,0.0248822926455497
"PWY.6700..queuosine.biosynthesis.g__Roseburia.s__Roseburia_inulinivorans_CAG_15","study_condition","T2D",0.459573461639212,0.144496286378725,952,226,0.00151789836013447,0.0143374734551514
"PWY.5097..L.lysine.biosynthesis.VI.g__Faecalibacterium.s__Faecalibacterium_prausnitzii","study_condition","T2D",-0.459012014964919,0.141936073404215,952,567,0.00126321272628962,0.0126907450228168
"DTDPRHAMSYN.PWY..dTDP.L.rhamnose.biosynthesis.I.g__Bacteroides.s__Bacteroides_thetaiotaomicron","study_condition","T2D",0.458987882284835,0.244793658146413,952,460,0.0611004174646068,0.213075826329875
"PWY.7400..L.arginine.biosynthesis.IV..archaebacteria..g__Lachnospira.s__Lachnospira_pectinoschiza","study_condition","T2D",-0.458796331973712,0.184601698544322,952,228,0.0131147481338088,0.0711131755259253
"ARGSYN.PWY..L.arginine.biosynthesis.I..via.L.ornithine..g__Lachnospira.s__Lachnospira_pectinoschiza","study_condition","T2D",-0.458653182914196,0.18455935777161,952,228,0.013122269571643,0.0711131755259253
"PWY.7663..gondoate.biosynthesis..anaerobic..g__Bacteroides.s__Bacteroides_fragilis_CAG_47","study_condition","T2D",0.458624899075139,0.132209153617447,952,206,0.000546066711132359,0.00681403129453347
"HISTSYN.PWY..L.histidine.biosynthesis.g__Bacteroides.s__Bacteroides_caccae","study_condition","T2D",0.457877742036739,0.191177055575704,952,339,0.0168117288534202,0.0851768993492647
"PWY.6124..inosine.5..phosphate.biosynthesis.II.g__Barnesiella.s__Barnesiella_intestinihominis","study_condition","T2D",-0.457796321112435,0.189767494104055,952,236,0.016036801422268,0.08246953700525
"PWY.6122..5.aminoimidazole.ribonucleotide.biosynthesis.II.g__Bacteroides.s__Bacteroides_caccae","study_condition","T2D",0.457681512201535,0.217271857086569,952,441,0.0354241898801505,0.147204167160318
"PWY.6277..superpathway.of.5.aminoimidazole.ribonucleotide.biosynthesis.g__Bacteroides.s__Bacteroides_caccae","study_condition","T2D",0.457681512201535,0.217271857086569,952,441,0.0354241898801505,0.147204167160318
"VALSYN.PWY..L.valine.biosynthesis.g__Roseburia.s__Roseburia_hominis","study_condition","T2D",-0.45681164917813,0.187240284298778,952,376,0.0148817117425551,0.0780118787472927
"PWY.6151..S.adenosyl.L.methionine.cycle.I.g__Bacteroides.s__Bacteroides_vulgatus_CAG_6","study_condition","T2D",0.456215779468179,0.20721136735568,952,540,0.0279275232526407,0.12494135391487
"PWY.6703..preQ0.biosynthesis.g__Lachnospira.s__Lachnospira_pectinoschiza","study_condition","T2D",-0.456106986137631,0.135395271178066,952,213,0.00078567092362341,0.00885925807106606
"PWY.6737..starch.degradation.V.g__Eubacterium.s__Eubacterium_eligens","study_condition","T2D",-0.455251326098492,0.15945299788714,952,296,0.00439652491920689,0.0320217878892613
"PWY.7219..adenosine.ribonucleotides.de.novo.biosynthesis.g__Bacteroides.s__Bacteroides_thetaiotaomicron","study_condition","T2D",0.455155790462918,0.194909209389958,952,468,0.0197400261870463,0.095930766992043
"X1CMET2.PWY..N10.formyl.tetrahydrofolate.biosynthesis.g__Bacteroides.s__Bacteroides_caccae","study_condition","T2D",0.455031411623112,0.149142421789845,952,315,0.0023444619786229,0.0198271882176507
"PWY.5667..CDP.diacylglycerol.biosynthesis.I.g__Bacteroides.s__Bacteroides_fragilis","study_condition","T2D",0.453225377773442,0.130185973252663,952,230,0.000521638875344557,0.00656597770419167
"PWY0.1319..CDP.diacylglycerol.biosynthesis.II.g__Bacteroides.s__Bacteroides_fragilis","study_condition","T2D",0.453225377773442,0.130185973252663,952,230,0.000521638875344557,0.00656597770419167
"GLYCOGENSYNTH.PWY..glycogen.biosynthesis.I..from.ADP.D.Glucose..g__Roseburia.s__Roseburia_inulinivorans","study_condition","T2D",0.452042010812569,0.197408389297337,952,274,0.0222473068550202,0.104966210015883
"PWY.6121..5.aminoimidazole.ribonucleotide.biosynthesis.I.g__Barnesiella.s__Barnesiella_intestinihominis","study_condition","T2D",-0.45193780910965,0.171093672771767,952,213,0.00839088891036868,0.051426113208629
"PWY.2942..L.lysine.biosynthesis.III.g__Lachnospira.s__Lachnospira_pectinoschiza","study_condition","T2D",-0.45177875730725,0.148144739254417,952,272,0.00235537879168397,0.019900078376569
"PWY.3841..folate.transformations.II.g__Bacteroides.s__Bacteroides_caccae","study_condition","T2D",0.451660212963752,0.179096841334816,952,407,0.011836081455772,0.066248117072052
"RIBOSYN2.PWY..flavin.biosynthesis.I..bacteria.and.plants..g__Bacteroides.s__Bacteroides_caccae","study_condition","T2D",0.451363368101948,0.149962109819466,952,257,0.00268303543071507,0.021982106745499
"PWY.6168..flavin.biosynthesis.III..fungi..g__Parabacteroides.s__Parabacteroides_distasonis","study_condition","T2D",0.451342690969788,0.133273372667296,952,402,0.000736774409424852,0.00844217011471394
"VALSYN.PWY..L.valine.biosynthesis.g__Lachnospiraceae_unclassified.s__Eubacterium_rectale","study_condition","T2D",-0.451217398399611,0.220800091367855,952,567,0.0412736920467051,0.163210124714368
"PWY.6737..starch.degradation.V.g__Eubacterium.s__Eubacterium_sp_CAG_180","study_condition","T2D",0.451032104968717,0.159648243423143,952,212,0.00482497653804569,0.0339986141736987
"PWY.6126..superpathway.of.adenosine.nucleotides.de.novo.biosynthesis.II.g__Faecalibacterium.s__Faecalibacterium_prausnitzii","study_condition","T2D",-0.450692966146885,0.145430030328303,952,464,0.00199882507574799,0.0177280613739252
"PWY66.400..glycolysis.VI..metazoan.","study_condition","T2D",0.450509246510233,0.0964344469832428,952,889,3.41968342464547e-06,0.000110501710662052
"CALVIN.PWY..Calvin.Benson.Bassham.cycle.g__Roseburia.s__Roseburia_inulinivorans_CAG_15","study_condition","T2D",0.450325182951721,0.138116959659772,952,227,0.00115198107121891,0.0118200901383362
"PWY.6700..queuosine.biosynthesis.g__Barnesiella.s__Barnesiella_intestinihominis","study_condition","T2D",-0.450225508198613,0.180806059519156,952,218,0.0129411627483016,0.0705590522421
"PANTO.PWY..phosphopantothenate.biosynthesis.I.g__Bacteroides.s__Bacteroides_uniformis_CAG_3","study_condition","T2D",0.449825001263918,0.203919629137109,952,733,0.02763095870701,0.124121035508393
"PYRIDOXSYN.PWY..pyridoxal.5..phosphate.biosynthesis.I.g__Parabacteroides.s__Parabacteroides_distasonis","study_condition","T2D",0.449326258996115,0.158286656986906,952,250,0.00462681633074839,0.03298244026255
"PWY.3841..folate.transformations.II.unclassified","study_condition","T2D",-0.449251989278497,0.132061311304383,952,889,0.000697333994954816,0.00813869595189852
"PWY.7357..thiamin.formation.from.pyrithiamine.and.oxythiamine..yeast..g__Lachnospira.s__Lachnospira_pectinoschiza","study_condition","T2D",-0.447981307612095,0.158995078501285,952,245,0.00493939657994986,0.0346327040362327
"TRNA.CHARGING.PWY..tRNA.charging.unclassified","study_condition","T2D",-0.447131617636624,0.123580991532319,952,870,0.000312436135163542,0.00441386122433323
"FASYN.INITIAL.PWY..superpathway.of.fatty.acid.biosynthesis.initiation..E..coli..g__Bacteroides.s__Bacteroides_vulgatus","study_condition","T2D",0.446944774366634,0.199291052992914,952,531,0.0251485374528776,0.116090796557527
"PWY.6126..superpathway.of.adenosine.nucleotides.de.novo.biosynthesis.II.g__Parabacteroides.s__Parabacteroides_distasonis","study_condition","T2D",0.446465117132004,0.12873289999871,952,327,0.000547641517036771,0.00682384969429991
"PWY.6121..5.aminoimidazole.ribonucleotide.biosynthesis.I.g__Bacteroides.s__Bacteroides_fragilis","study_condition","T2D",0.446435297983075,0.17677219735398,952,216,0.0117161040221093,0.0658413113766818
"PWY.6737..starch.degradation.V.g__Eubacterium.s__Eubacterium_eligens_CAG_72","study_condition","T2D",-0.446399724746005,0.176047959735665,952,318,0.0113830266285915,0.0643873354693682
"PWY.5154..L.arginine.biosynthesis.III..via.N.acetyl.L.citrulline..unclassified","study_condition","T2D",0.446311938454857,0.159319531559281,952,580,0.00519240420929154,0.0359442209851836
"PWY.7229..superpathway.of.adenosine.nucleotides.de.novo.biosynthesis.I.g__Parabacteroides.s__Parabacteroides_distasonis","study_condition","T2D",0.44621449991404,0.129097650743675,952,327,0.00057174633958696,0.00702045991228004
"PWY.5188..tetrapyrrole.biosynthesis.I..from.glutamate..g__Eubacterium.s__Eubacterium_eligens_CAG_72","study_condition","T2D",-0.445719469151961,0.160283932172996,952,300,0.00552988647179282,0.037737444322873
"PWY.6387..UDP.N.acetylmuramoyl.pentapeptide.biosynthesis.I..meso.diaminopimelate.containing..g__Lachnospira.s__Lachnospira_pectinoschiza","study_condition","T2D",-0.445601886210349,0.155488875086954,952,245,0.00425148549046022,0.0311751603280148
"COA.PWY..coenzyme.A.biosynthesis.I.g__Gemmiger.s__Gemmiger_formicilis","study_condition","T2D",-0.445167253498586,0.198603851044588,952,286,0.0252257258660791,0.116373736058594
"PWY.6609..adenine.and.adenosine.salvage.III.g__Lachnospira.s__Lachnospira_pectinoschiza","study_condition","T2D",-0.445047047854348,0.183666446880771,952,247,0.015574157418395,0.0805688191417566
"ARO.PWY..chorismate.biosynthesis.I.unclassified","study_condition","T2D",-0.445043292187876,0.128276565926744,952,862,0.000545124395380299,0.00681208840403087
"PWY0.1479..tRNA.processing","study_condition","T2D",0.444230788681693,0.131143634096186,952,764,0.000734740927707439,0.00843880163653372
"PWY.6700..queuosine.biosynthesis.g__Bacteroides.s__Bacteroides_fragilis_CAG_47","study_condition","T2D",0.444159739474159,0.119532766787735,952,212,0.000214425933646605,0.00325206407246866
"VALSYN.PWY..L.valine.biosynthesis.g__Bacteroides.s__Bacteroides_caccae","study_condition","T2D",0.444133426025405,0.234533697634766,952,482,0.0585711330355807,0.206946557359498
"PWY.7199..pyrimidine.deoxyribonucleosides.salvage.g__Bacteroides.s__Bacteroides_vulgatus","study_condition","T2D",0.442556403596079,0.196179084806029,952,687,0.0243056330834825,0.112922093617467
"PWY.5667..CDP.diacylglycerol.biosynthesis.I.g__Eubacterium.s__Eubacterium_eligens_CAG_72","study_condition","T2D",-0.442484488424898,0.175486718855395,952,267,0.0118496920721257,0.066248117072052
"PWY0.1319..CDP.diacylglycerol.biosynthesis.II.g__Eubacterium.s__Eubacterium_eligens_CAG_72","study_condition","T2D",-0.442484488424898,0.175486718855395,952,267,0.0118496920721257,0.066248117072052
"TRPSYN.PWY..L.tryptophan.biosynthesis.g__Eubacterium.s__Eubacterium_eligens","study_condition","T2D",-0.441974262221782,0.148911495867288,952,272,0.00307255408192332,0.0245108981261265
"PWY.5667..CDP.diacylglycerol.biosynthesis.I.g__Bacteroides.s__Bacteroides_caccae","study_condition","T2D",0.441953255544894,0.148292190892392,952,363,0.00295337434824516,0.0237697229143151
"PWY0.1319..CDP.diacylglycerol.biosynthesis.II.g__Bacteroides.s__Bacteroides_caccae","study_condition","T2D",0.441953255544894,0.148292190892392,952,363,0.00295337434824516,0.0237697229143151
"PWY.7228..superpathway.of.guanosine.nucleotides.de.novo.biosynthesis.I.g__Bacteroides.s__Bacteroides_ovatus","study_condition","T2D",0.441939954171113,0.195680870757126,952,512,0.0241430222739579,0.112347433042706
"COA.PWY..coenzyme.A.biosynthesis.I.g__Bacteroides.s__Bacteroides_fragilis","study_condition","T2D",0.44178367956034,0.157376958298108,952,298,0.00510051354225827,0.0354497971717148
"PWY.4242..pantothenate.and.coenzyme.A.biosynthesis.III.g__Bacteroides.s__Bacteroides_vulgatus","study_condition","T2D",0.441223790075606,0.239676852273198,952,687,0.0659472548493581,0.22369887465548
"THRESYN.PWY..superpathway.of.L.threonine.biosynthesis.g__Faecalibacterium.s__Faecalibacterium_prausnitzii","study_condition","T2D",-0.441200624021731,0.142862077767177,952,486,0.00207173358609692,0.0181407612291197
"PWY0.1586..peptidoglycan.maturation..meso.diaminopimelate.containing..g__Lachnospira.s__Lachnospira_pectinoschiza","study_condition","T2D",-0.438955146661196,0.142575514717714,952,260,0.00213856017345292,0.0185014296724299
"PWY.6385..peptidoglycan.biosynthesis.III..mycobacteria..g__Eubacterium.s__Eubacterium_eligens_CAG_72","study_condition","T2D",-0.438657829388786,0.156971399614915,952,263,0.00530285107276773,0.0365200170117746
"PWY.7228..superpathway.of.guanosine.nucleotides.de.novo.biosynthesis.I.g__Bacteroides.s__Bacteroides_vulgatus","study_condition","T2D",0.43829063103732,0.218560533523369,952,718,0.0452096504726723,0.173610035830929
"PWY.4242..pantothenate.and.coenzyme.A.biosynthesis.III.g__Bacteroides.s__Bacteroides_thetaiotaomicron","study_condition","T2D",0.438227483299405,0.168021400116529,952,240,0.00924625700776125,0.054957162448327
"PWY.6609..adenine.and.adenosine.salvage.III.unclassified","study_condition","T2D",-0.437230952253075,0.127095931010978,952,918,0.000606737224236095,0.00729678664945568
"PWY.7199..pyrimidine.deoxyribonucleosides.salvage.g__Bacteroides.s__Bacteroides_caccae","study_condition","T2D",0.437208048849098,0.149032044115648,952,299,0.00343078820928798,0.0266224246347974
"PWY.6386..UDP.N.acetylmuramoyl.pentapeptide.biosynthesis.II..lysine.containing..g__Bacteroides.s__Bacteroides_uniformis","study_condition","T2D",0.437150561779988,0.21451468318665,952,549,0.041841568523259,0.164928531366146
"PWY.6700..queuosine.biosynthesis.g__Lachnospira.s__Lachnospira_pectinoschiza","study_condition","T2D",-0.437102805858179,0.139233860411674,952,258,0.00174571497099537,0.0160828634561914
"HSERMETANA.PWY..L.methionine.biosynthesis.III.g__Parabacteroides.s__Parabacteroides_distasonis","study_condition","T2D",0.437048563291798,0.114903851041426,952,368,0.000151745433106002,0.00247528720045732
"PWY.6385..peptidoglycan.biosynthesis.III..mycobacteria..g__Bacteroides.s__Bacteroides_thetaiotaomicron","study_condition","T2D",0.436182889157437,0.21626339141604,952,305,0.0439871469871188,0.170477750404266
"PWY0.845..superpathway.of.pyridoxal.5..phosphate.biosynthesis.and.salvage.g__Bacteroides.s__Bacteroides_uniformis_CAG_3","study_condition","T2D",0.435633773093773,0.211986464354655,952,554,0.0401521377857808,0.160268320045015
"HISTSYN.PWY..L.histidine.biosynthesis.g__Bacteroides.s__Bacteroides_uniformis","study_condition","T2D",0.435521524725252,0.203470342283517,952,693,0.0325719212791634,0.13950189825794
"P42.PWY..incomplete.reductive.TCA.cycle.unclassified","study_condition","T2D",0.435239970765495,0.116503181210749,952,226,0.000198257653307588,0.00304399305647062
"HISTSYN.PWY..L.histidine.biosynthesis.unclassified","study_condition","T2D",-0.434668210042909,0.124360345148466,952,870,0.000495608723995496,0.00633034151888052
"ARO.PWY..chorismate.biosynthesis.I.g__Parabacteroides.s__Parabacteroides_distasonis","study_condition","T2D",0.434154761342305,0.121359476612538,952,326,0.000364565986597148,0.0050033937304775
"RIBOSYN2.PWY..flavin.biosynthesis.I..bacteria.and.plants..g__Eubacterium.s__Eubacterium_eligens_CAG_72","study_condition","T2D",-0.433104431110413,0.13312526882878,952,252,0.00118083811686306,0.0120732681133814
"PWY.6163..chorismate.biosynthesis.from.3.dehydroquinate.g__Bacteroides.s__Bacteroides_thetaiotaomicron","study_condition","T2D",0.43261965555993,0.168490336796249,952,346,0.0103923137576616,0.0600783959555067
"PWY.6385..peptidoglycan.biosynthesis.III..mycobacteria..g__Lachnospira.s__Lachnospira_pectinoschiza","study_condition","T2D",-0.432539344676087,0.148866762853267,952,240,0.00375146422533406,0.0282256126771442
"ARGSYN.PWY..L.arginine.biosynthesis.I..via.L.ornithine..g__Eubacterium.s__Eubacterium_eligens","study_condition","T2D",-0.431058733828138,0.13053061836624,952,303,0.000994633457811562,0.0105042996885953
"TRPSYN.PWY..L.tryptophan.biosynthesis.g__Lachnospira.s__Lachnospira_pectinoschiza","study_condition","T2D",-0.430129833780406,0.135165741041997,952,214,0.00150901249601263,0.0143133058219818
"PWY.7400..L.arginine.biosynthesis.IV..archaebacteria..g__Eubacterium.s__Eubacterium_eligens","study_condition","T2D",-0.429925356563667,0.13013764819594,952,303,0.000990215413220221,0.0104832096314023
"PWY.5973..cis.vaccenate.biosynthesis.g__Bacteroides.s__Bacteroides_thetaiotaomicron","study_condition","T2D",0.429705950469985,0.158206917108723,952,369,0.00672592002532772,0.0434027328012951
"PWY.5100..pyruvate.fermentation.to.acetate.and.lactate.II.g__Roseburia.s__Roseburia_inulinivorans","study_condition","T2D",0.429505941916421,0.132343523171869,952,261,0.00121402829977172,0.0123833746478481
"PANTO.PWY..phosphopantothenate.biosynthesis.I.g__Bacteroides.s__Bacteroides_thetaiotaomicron","study_condition","T2D",0.428405686243402,0.198847897589822,952,479,0.0314573871160751,0.136113734414365
"PWY.2942..L.lysine.biosynthesis.III.g__Bacteroides.s__Bacteroides_thetaiotaomicron","study_condition","T2D",0.428101959366193,0.182986641443617,952,428,0.0195152548610732,0.0951884895914587
"PWY.5690..TCA.cycle.II..plants.and.fungi..unclassified","study_condition","T2D",0.427332699861786,0.154284852106811,952,366,0.00571937878884803,0.0385906033395932
"PWY.6859..all.trans.farnesol.biosynthesis","study_condition","T2D",0.427129875696598,0.144329772786284,952,835,0.00315911727386455,0.0249388838574904
"PYRIDOXSYN.PWY..pyridoxal.5..phosphate.biosynthesis.I.g__Bacteroides.s__Bacteroides_ovatus","study_condition","T2D",0.426230243881538,0.204793159381086,952,323,0.0376772050916514,0.153617983094963
"PWY.5690..TCA.cycle.II..plants.and.fungi.","study_condition","T2D",0.426154487925969,0.119224791440338,952,821,0.000368783550608211,0.00504905739408551
"PWY.6609..adenine.and.adenosine.salvage.III.g__Bacteroides.s__Bacteroides_fragilis","study_condition","T2D",0.4254257659448,0.124357447890725,952,215,0.000650598861944858,0.00766555938019383
"PWY.5104..L.isoleucine.biosynthesis.IV.unclassified","study_condition","T2D",0.424259558957935,0.166168811130158,952,605,0.0108300796701627,0.0618657585380005
"PWY.6703..preQ0.biosynthesis.g__Bacteroides.s__Bacteroides_vulgatus_CAG_6","study_condition","T2D",0.423976135565506,0.195907794386738,952,656,0.0307013145422899,0.133806433787735
"PWY.6700..queuosine.biosynthesis.g__Bacteroides.s__Bacteroides_thetaiotaomicron","study_condition","T2D",0.422451711000596,0.20255679076128,952,477,0.0372824269002988,0.152362197667752
"GLUCONEO.PWY..gluconeogenesis.I.unclassified","study_condition","T2D",0.421046686490244,0.183299014727363,952,581,0.0218334395610106,0.103481030982971
"PWY.6168..flavin.biosynthesis.III..fungi..g__Eubacterium.s__Eubacterium_eligens","study_condition","T2D",-0.419789936296996,0.138831967441895,952,272,0.00256411413727803,0.0211881950656754
"PWY.6387..UDP.N.acetylmuramoyl.pentapeptide.biosynthesis.I..meso.diaminopimelate.containing..unclassified","study_condition","T2D",-0.418748980079264,0.124703176290461,952,897,0.000816467535943776,0.00906488315547833
"PWY.5686..UMP.biosynthesis.g__Dialister.s__Dialister_invisus","study_condition","T2D",-0.418210909771284,0.188025357599749,952,202,0.0263683494636829,0.119680244421118
"PWY.6700..queuosine.biosynthesis.g__Bacteroides.s__Bacteroides_caccae","study_condition","T2D",0.41761667605542,0.206589693863861,952,378,0.0435110986550033,0.169268011486139
"PEPTIDOGLYCANSYN.PWY..peptidoglycan.biosynthesis.I..meso.diaminopimelate.containing..unclassified","study_condition","T2D",-0.417098963057767,0.12462769612958,952,893,0.000849788976653954,0.00930363152695732
"PWY.6123..inosine.5..phosphate.biosynthesis.I.g__Bacteroides.s__Bacteroides_vulgatus","study_condition","T2D",0.417026658511059,0.211927981256806,952,749,0.0493853543323216,0.184821594000823
"PWY.6121..5.aminoimidazole.ribonucleotide.biosynthesis.I.g__Roseburia.s__Roseburia_inulinivorans_CAG_15","study_condition","T2D",0.416898094739142,0.151551904305646,952,209,0.00605728292530658,0.0404316747730554
"PWY.6386..UDP.N.acetylmuramoyl.pentapeptide.biosynthesis.II..lysine.containing..unclassified","study_condition","T2D",-0.416511909898251,0.132078171049302,952,880,0.00166391403321382,0.0155274736289135
"PWY.5097..L.lysine.biosynthesis.VI.g__Bacteroides.s__Bacteroides_uniformis","study_condition","T2D",0.415487778077653,0.214423642959892,952,732,0.0529573667063943,0.194074508210167
"PWY.6151..S.adenosyl.L.methionine.cycle.I.g__Barnesiella.s__Barnesiella_intestinihominis","study_condition","T2D",-0.41397813310246,0.15488001521224,952,209,0.00764926839812217,0.0477726337536171
"PWY66.422..D.galactose.degradation.V..Leloir.pathway..g__Roseburia.s__Roseburia_inulinivorans_CAG_15","study_condition","T2D",0.413688281064563,0.166503610296327,952,297,0.0131429794053106,0.0711808640712882
"PWY.7229..superpathway.of.adenosine.nucleotides.de.novo.biosynthesis.I.g__Bacteroides.s__Bacteroides_caccae","study_condition","T2D",0.41280046052813,0.117227015543137,952,240,0.000449786771639544,0.00589547809261185
"PWY.7199..pyrimidine.deoxyribonucleosides.salvage.g__Bacteroides.s__Bacteroides_uniformis","study_condition","T2D",0.411917755154304,0.205800736213462,952,675,0.0456194673891642,0.174421451474685
"PWY.6387..UDP.N.acetylmuramoyl.pentapeptide.biosynthesis.I..meso.diaminopimelate.containing..g__Roseburia.s__Roseburia_inulinivorans","study_condition","T2D",0.411583218624046,0.159320272355095,952,256,0.00993292648848019,0.0581210428312422
"PWY.7388..octanoyl..acyl.carrier.protein..biosynthesis..mitochondria..yeast..g__Bacteroides.s__Bacteroides_vulgatus","study_condition","T2D",0.411293259757484,0.181640802689379,952,513,0.0237797306055505,0.111194636632866
"GLCMANNANAUT.PWY..superpathway.of.N.acetylglucosamine..N.acetylmannosamine.and.N.acetylneuraminate.degradation.unclassified","study_condition","T2D",0.4109728705567,0.14077404934096,952,286,0.00359036896072521,0.0274095490056766
"PWY.6121..5.aminoimidazole.ribonucleotide.biosynthesis.I.g__Dialister.s__Dialister_invisus","study_condition","T2D",-0.41096791830227,0.214504008698184,952,216,0.0556788533071151,0.199825474363704
"PWY.6737..starch.degradation.V.g__Roseburia.s__Roseburia_inulinivorans","study_condition","T2D",0.410368530461205,0.157253903981037,952,333,0.00920805222377806,0.0547676732540646
"PWY.4242..pantothenate.and.coenzyme.A.biosynthesis.III.unclassified","study_condition","T2D",-0.410044406191556,0.127950654467466,952,872,0.00139721152789476,0.013610631981517
"COA.PWY.1..coenzyme.A.biosynthesis.II..mammalian..g__Bacteroides.s__Bacteroides_uniformis","study_condition","T2D",0.409854320472786,0.205626792966292,952,719,0.0465266378331904,0.176719598085714
"PANTOSYN.PWY..pantothenate.and.coenzyme.A.biosynthesis.I.g__Bacteroides.s__Bacteroides_vulgatus_CAG_6","study_condition","T2D",0.409736392867088,0.184100865195138,952,601,0.0262752191856705,0.119445353358481
"PWY.6122..5.aminoimidazole.ribonucleotide.biosynthesis.II.g__Roseburia.s__Roseburia_inulinivorans","study_condition","T2D",0.409287128030473,0.195482913349845,952,309,0.0365500701527221,0.150510512374024
"PWY.6277..superpathway.of.5.aminoimidazole.ribonucleotide.biosynthesis.g__Roseburia.s__Roseburia_inulinivorans","study_condition","T2D",0.409287128030473,0.195482913349845,952,309,0.0365500701527221,0.150510512374024
"PWY.7111..pyruvate.fermentation.to.isobutanol..engineered..g__Bacteroides.s__Bacteroides_caccae","study_condition","T2D",0.40918763132131,0.226604803740864,952,448,0.0712775924264138,0.234359447219194
"PWY.6936..seleno.amino.acid.biosynthesis.g__Bacteroides.s__Bacteroides_vulgatus","study_condition","T2D",0.409042250548626,0.217637522523515,952,695,0.0604878007092417,0.211707247731261
"PWY0.1298..superpathway.of.pyrimidine.deoxyribonucleosides.degradation.unclassified","study_condition","T2D",0.4086607751847,0.15549866773506,952,210,0.00872613721036086,0.0529560954742292
"PWY.7539..6.hydroxymethyl.dihydropterin.diphosphate.biosynthesis.III..Chlamydia..g__Parabacteroides.s__Parabacteroides_distasonis","study_condition","T2D",0.408415373398614,0.127660846496412,952,337,0.00142377924621737,0.0138227895428727
"HISTSYN.PWY..L.histidine.biosynthesis.g__Roseburia.s__Roseburia_inulinivorans_CAG_15","study_condition","T2D",0.408404172313678,0.133351074114194,952,226,0.00225605218631707,0.0192676646287039
"P164.PWY..purine.nucleobases.degradation.I..anaerobic.","study_condition","T2D",0.408290806832276,0.164721245137903,952,540,0.0133602866216834,0.0719527874028473
"PWY.5103..L.isoleucine.biosynthesis.III.g__Roseburia.s__Roseburia_inulinivorans","study_condition","T2D",0.407813888432769,0.157895642289398,952,339,0.00994904925480992,0.0581665274866305
"HISTSYN.PWY..L.histidine.biosynthesis.g__Roseburia.s__Roseburia_inulinivorans","study_condition","T2D",0.407422317327884,0.143968255888163,952,227,0.00475402585424753,0.0336905596544874
"PWY.5097..L.lysine.biosynthesis.VI.g__Eubacterium.s__Eubacterium_eligens","study_condition","T2D",-0.407309849574641,0.148074574374355,952,342,0.00606008243134248,0.0404316747730554
"PWY.6122..5.aminoimidazole.ribonucleotide.biosynthesis.II.g__Dialister.s__Dialister_invisus","study_condition","T2D",-0.406872902437084,0.224540064378442,952,221,0.0702984837573812,0.232449358281375
"PWY.6277..superpathway.of.5.aminoimidazole.ribonucleotide.biosynthesis.g__Dialister.s__Dialister_invisus","study_condition","T2D",-0.406872902437084,0.224540064378442,952,221,0.0702984837573812,0.232449358281375
"PWY.6122..5.aminoimidazole.ribonucleotide.biosynthesis.II.g__Roseburia.s__Roseburia_inulinivorans_CAG_15","study_condition","T2D",0.406792869859893,0.173121514541758,952,282,0.0189903581602286,0.0932821903956777
"PWY.6277..superpathway.of.5.aminoimidazole.ribonucleotide.biosynthesis.g__Roseburia.s__Roseburia_inulinivorans_CAG_15","study_condition","T2D",0.406792869859893,0.173121514541758,952,282,0.0189903581602286,0.0932821903956777
"PWY.6317..galactose.degradation.I..Leloir.pathway..g__Roseburia.s__Roseburia_inulinivorans","study_condition","T2D",0.406695843556298,0.16320308387804,952,230,0.0128740450499844,0.0704290777845008
"PWY.6163..chorismate.biosynthesis.from.3.dehydroquinate.g__Bacteroides.s__Bacteroides_vulgatus","study_condition","T2D",0.406663285698719,0.180589946427527,952,661,0.024559556273019,0.113796552875519
"PWY.6387..UDP.N.acetylmuramoyl.pentapeptide.biosynthesis.I..meso.diaminopimelate.containing..g__Bacteroides.s__Bacteroides_uniformis","study_condition","T2D",0.406444856665729,0.21122464564449,952,694,0.0546251245814489,0.197434715724269
"GLCMANNANAUT.PWY..superpathway.of.N.acetylglucosamine..N.acetylmannosamine.and.N.acetylneuraminate.degradation.g__Faecalibacterium.s__Faecalibacterium_prausnitzii","study_condition","T2D",-0.405626115888737,0.141696170114228,952,447,0.00429380754571653,0.0314588606987353
"PWY.6386..UDP.N.acetylmuramoyl.pentapeptide.biosynthesis.II..lysine.containing..g__Lachnospira.s__Lachnospira_pectinoschiza","study_condition","T2D",-0.405158406679507,0.144665152384064,952,224,0.00520358766176061,0.0359928667339033
"PWY.6385..peptidoglycan.biosynthesis.III..mycobacteria..g__Bacteroides.s__Bacteroides_vulgatus","study_condition","T2D",0.404763003934921,0.20722942599155,952,722,0.0510886648888793,0.189720342168823
"PWY.6385..peptidoglycan.biosynthesis.III..mycobacteria..g__Bacteroides.s__Bacteroides_uniformis_CAG_3","study_condition","T2D",0.404342608382353,0.211572665824581,952,688,0.0562896934995406,0.201350163447345
"PWY.724..superpathway.of.L.lysine..L.threonine.and.L.methionine.biosynthesis.II.g__Dialister.s__Dialister_invisus","study_condition","T2D",-0.403649328001542,0.192673622831044,952,195,0.0364370265001032,0.150259356900426
"COBALSYN.PWY..adenosylcobalamin.salvage.from.cobinamide.I.g__Faecalibacterium.s__Faecalibacterium_prausnitzii","study_condition","T2D",-0.403087541892467,0.143214270299317,952,481,0.00498539126448341,0.03481732931486
"PWY.7199..pyrimidine.deoxyribonucleosides.salvage.g__Bacteroides.s__Bacteroides_vulgatus_CAG_6","study_condition","T2D",0.402240444465327,0.191086550495682,952,609,0.0355527414693735,0.147596711948597
"PWY.5695..urate.biosynthesis.inosine.5..phosphate.degradation.g__Faecalibacterium.s__Faecalibacterium_prausnitzii","study_condition","T2D",-0.400774166741308,0.135828249628075,952,445,0.00324974082191067,0.0255151108886006
"PWY.4242..pantothenate.and.coenzyme.A.biosynthesis.III.g__Bacteroides.s__Bacteroides_vulgatus_CAG_6","study_condition","T2D",0.400761218447614,0.214055602902572,952,627,0.0614828557220777,0.213882278777345
"ASPASN.PWY..superpathway.of.L.aspartate.and.L.asparagine.biosynthesis.g__Bacteroides.s__Bacteroides_fragilis","study_condition","T2D",0.399917197484034,0.123541410810273,952,210,0.00124939251094395,0.0126088827862829
"PENTOSE.P.PWY..pentose.phosphate.pathway","study_condition","T2D",0.399207935754823,0.0981458849779795,952,905,5.14745659210997e-05,0.00107537393995835
"PWY.6385..peptidoglycan.biosynthesis.III..mycobacteria..g__Bacteroides.s__Bacteroides_vulgatus_CAG_6","study_condition","T2D",0.398389730647363,0.19871076214114,952,710,0.0452609186709439,0.173663959100742
"PANTO.PWY..phosphopantothenate.biosynthesis.I.g__Alistipes.s__Alistipes_finegoldii","study_condition","T2D",0.398037575738909,0.187871858330271,952,265,0.0343786109131126,0.144572150777501
"COA.PWY.1..coenzyme.A.biosynthesis.II..mammalian..unclassified","study_condition","T2D",-0.397732272392991,0.120173515295991,952,910,0.000969370806747452,0.0103084220977989
"PWY.6386..UDP.N.acetylmuramoyl.pentapeptide.biosynthesis.II..lysine.containing..g__Bacteroides.s__Bacteroides_vulgatus_CAG_6","study_condition","T2D",0.397616979612316,0.198366854012435,952,685,0.0453059040434689,0.173704630545296
"PEPTIDOGLYCANSYN.PWY..peptidoglycan.biosynthesis.I..meso.diaminopimelate.containing..g__Lachnospira.s__Lachnospira_pectinoschiza","study_condition","T2D",-0.397190497072525,0.143692380265014,952,217,0.00581751753770842,0.0390237814690588
"PWY.6387..UDP.N.acetylmuramoyl.pentapeptide.biosynthesis.I..meso.diaminopimelate.containing..g__Bacteroides.s__Bacteroides_uniformis_CAG_3","study_condition","T2D",0.397161349910072,0.191055638449907,952,692,0.0379069214067511,0.154119220367354
"GLUCONEO.PWY..gluconeogenesis.I","study_condition","T2D",0.397072703724406,0.0836783811812194,952,890,2.40370397547426e-06,8.22769819273006e-05
"PWY.5695..urate.biosynthesis.inosine.5..phosphate.degradation.g__Bacteroides.s__Bacteroides_vulgatus_CAG_6","study_condition","T2D",0.396543899893991,0.20321433356169,952,713,0.0513090114150983,0.190049631674402
"PWY.6737..starch.degradation.V.g__Roseburia.s__Roseburia_inulinivorans_CAG_15","study_condition","T2D",0.395817518088591,0.153563729731886,952,335,0.0101006864883163,0.0588244418216675
"COA.PWY..coenzyme.A.biosynthesis.I.g__Bacteroides.s__Bacteroides_uniformis","study_condition","T2D",0.395395296556321,0.199257672569582,952,732,0.0475060523129704,0.179651708746866
"PWY.6703..preQ0.biosynthesis.g__Bacteroides.s__Bacteroides_vulgatus","study_condition","T2D",0.39498557333114,0.176881826109944,952,709,0.0257787817994806,0.117993789843289
"PWY0.1586..peptidoglycan.maturation..meso.diaminopimelate.containing..g__Bacteroides.s__Bacteroides_thetaiotaomicron","study_condition","T2D",0.394426080928428,0.161592959643304,952,313,0.0148345629161962,0.0778118200207505
"PWY.1042..glycolysis.IV..plant.cytosol..g__Eubacterium.s__Eubacterium_eligens_CAG_72","study_condition","T2D",-0.39416511418234,0.134504195155652,952,266,0.00346541075238897,0.0268189965287654
"PWY.6892..thiazole.biosynthesis.I..E..coli..unclassified","study_condition","T2D",0.393832796800533,0.162088719448928,952,504,0.0152948157616123,0.0795992214516603
"BRANCHED.CHAIN.AA.SYN.PWY..superpathway.of.branched.amino.acid.biosynthesis.g__Roseburia.s__Roseburia_inulinivorans","study_condition","T2D",0.393725036343702,0.152848171141748,952,339,0.0101478861039984,0.0590596059547219
"PWY.6123..inosine.5..phosphate.biosynthesis.I.g__Bacteroides.s__Bacteroides_ovatus","study_condition","T2D",0.393560220240897,0.209412744795905,952,512,0.0605033531589298,0.211707247731261
"RHAMCAT.PWY..L.rhamnose.degradation.I.g__Bacteroides.s__Bacteroides_thetaiotaomicron","study_condition","T2D",0.392942895824249,0.19474518830663,952,475,0.0439011911454126,0.170409823092458
"PWY.6936..seleno.amino.acid.biosynthesis.unclassified","study_condition","T2D",0.392310009601536,0.118090678794197,952,831,0.000927586838961441,0.00995506216060997
"X1CMET2.PWY..N10.formyl.tetrahydrofolate.biosynthesis.g__Bacteroides.s__Bacteroides_uniformis_CAG_3","study_condition","T2D",0.392195383212253,0.217612017643209,952,608,0.0718209808255726,0.234705544886588
"PWY.6700..queuosine.biosynthesis.g__Eubacterium.s__Eubacterium_eligens","study_condition","T2D",-0.392142031424181,0.170451717698598,952,346,0.0216305357892353,0.102697609613365
"GLYCOGENSYNTH.PWY..glycogen.biosynthesis.I..from.ADP.D.Glucose..g__Roseburia.s__Roseburia_inulinivorans_CAG_15","study_condition","T2D",0.39208652784434,0.177787222945229,952,257,0.0276678051020968,0.124211089779242
"COMPLETE.ARO.PWY..superpathway.of.aromatic.amino.acid.biosynthesis.unclassified","study_condition","T2D",-0.391307665570555,0.125287664635929,952,853,0.00184285929403243,0.0167286808032714
"PWY0.1296..purine.ribonucleosides.degradation.g__Gemmiger.s__Gemmiger_formicilis","study_condition","T2D",-0.391102373344806,0.192806827820171,952,287,0.042791993395156,0.16766234286439
"PWY.6126..superpathway.of.adenosine.nucleotides.de.novo.biosynthesis.II.g__Bacteroides.s__Bacteroides_caccae","study_condition","T2D",0.390870572796088,0.113018786972626,952,240,0.000567475667665847,0.00698059557100317
"SER.GLYSYN.PWY..superpathway.of.L.serine.and.glycine.biosynthesis.I.g__Roseburia.s__Roseburia_inulinivorans","study_condition","T2D",0.390251648540892,0.156101130914507,952,252,0.0125877690198224,0.0691995938667839
"HISTSYN.PWY..L.histidine.biosynthesis.g__Bacteroides.s__Bacteroides_thetaiotaomicron","study_condition","T2D",0.389775281993791,0.167983489856431,952,419,0.0205353512732324,0.099027591846976
"UDPNAGSYN.PWY..UDP.N.acetyl.D.glucosamine.biosynthesis.I.g__Ruminococcus.s__Ruminococcus_bicirculans","study_condition","T2D",-0.389769410081711,0.195850316857184,952,212,0.0468627472033279,0.177684496839238
"PWY.6168..flavin.biosynthesis.III..fungi..g__Eubacterium.s__Eubacterium_eligens_CAG_72","study_condition","T2D",-0.389486203295246,0.13016812588864,952,222,0.00284177320233095,0.0230347110272747
"PWY.5097..L.lysine.biosynthesis.VI.g__Dialister.s__Dialister_invisus","study_condition","T2D",-0.38926726436996,0.198423432449314,952,202,0.0500782598432875,0.186608317660443
"RHAMCAT.PWY..L.rhamnose.degradation.I.g__Bacteroides.s__Bacteroides_caccae","study_condition","T2D",0.38896935655817,0.192134015970605,952,330,0.0432021748940275,0.168679366358106
"PEPTIDOGLYCANSYN.PWY..peptidoglycan.biosynthesis.I..meso.diaminopimelate.containing..g__Bacteroides.s__Bacteroides_uniformis","study_condition","T2D",0.388289586006186,0.212387493201281,952,687,0.0678320396175761,0.227632928405043
"PANTO.PWY..phosphopantothenate.biosynthesis.I.g__Lachnospiraceae_unclassified.s__Eubacterium_rectale","study_condition","T2D",-0.386365200523035,0.20811527078146,952,372,0.0636932676894918,0.218969312501389
"RIBOSYN2.PWY..flavin.biosynthesis.I..bacteria.and.plants..g__Bacteroides.s__Bacteroides_ovatus","study_condition","T2D",0.386183910052557,0.212822185999849,952,331,0.0699040266781764,0.232209003081323
"PWY.7199..pyrimidine.deoxyribonucleosides.salvage.g__Barnesiella.s__Barnesiella_intestinihominis","study_condition","T2D",-0.385656774200625,0.180686480121429,952,199,0.0330665136895616,0.140901840177089
"COA.PWY.1..coenzyme.A.biosynthesis.II..mammalian..g__Bacteroides.s__Bacteroides_vulgatus_CAG_6","study_condition","T2D",0.38496460031419,0.199165079257022,952,698,0.0535473664580031,0.195052596973802
"PEPTIDOGLYCANSYN.PWY..peptidoglycan.biosynthesis.I..meso.diaminopimelate.containing..g__Roseburia.s__Roseburia_inulinivorans","study_condition","T2D",0.384727579157183,0.152502872562405,952,228,0.0118067328782224,0.0661788393044701
"PWY.6385..peptidoglycan.biosynthesis.III..mycobacteria..g__Dialister.s__Dialister_invisus","study_condition","T2D",-0.384094331594939,0.186597377198424,952,203,0.0398237040479568,0.159560078964687
"PWY.6122..5.aminoimidazole.ribonucleotide.biosynthesis.II.g__Dialister.s__Dialister_invisus_CAG_218","study_condition","T2D",-0.383748194144162,0.188960872562589,952,212,0.0425507617748446,0.166964022188561
"PWY.6277..superpathway.of.5.aminoimidazole.ribonucleotide.biosynthesis.g__Dialister.s__Dialister_invisus_CAG_218","study_condition","T2D",-0.383748194144162,0.188960872562589,952,212,0.0425507617748446,0.166964022188561
"PWY.6891..thiazole.biosynthesis.II..Bacillus..unclassified","study_condition","T2D",0.38348387186489,0.14522882074905,952,242,0.00841340691744596,0.0514912395088919
"X1CMET2.PWY..N10.formyl.tetrahydrofolate.biosynthesis.unclassified","study_condition","T2D",-0.38328896262672,0.127303713746424,952,877,0.00267452954559441,0.0219331684326208
"PWY.7282..4.amino.2.methyl.5.phosphomethylpyrimidine.biosynthesis..yeast..g__Bacteroides.s__Bacteroides_uniformis","study_condition","T2D",0.382362672182164,0.190814061280862,952,646,0.0453706161326187,0.173704630545296
"PWY.7197..pyrimidine.deoxyribonucleotide.phosphorylation.unclassified","study_condition","T2D",-0.381565959444709,0.163975124176764,952,698,0.0201767058322362,0.0977238660554618
"PWY.7198..pyrimidine.deoxyribonucleotides.de.novo.biosynthesis.IV","study_condition","T2D",0.381444364126517,0.153099619376421,952,763,0.0128914654653106,0.0704353885991101
"HISTSYN.PWY..L.histidine.biosynthesis.g__Barnesiella.s__Barnesiella_intestinihominis","study_condition","T2D",-0.381319000029819,0.199278751800673,952,198,0.0559859004556533,0.200594910196921
"SER.GLYSYN.PWY..superpathway.of.L.serine.and.glycine.biosynthesis.I.g__Bacteroides.s__Bacteroides_caccae","study_condition","T2D",0.38128530623144,0.153072143926371,952,371,0.0129128174629437,0.0704716201722213
"PWY.5103..L.isoleucine.biosynthesis.III.g__Bacteroides.s__Bacteroides_caccae","study_condition","T2D",0.381081611019716,0.207871146143749,952,426,0.0670778473414897,0.226116838449708
"PWY0.1296..purine.ribonucleosides.degradation.g__Roseburia.s__Roseburia_inulinivorans","study_condition","T2D",0.381037413293526,0.162880170544512,952,306,0.0195232085043424,0.0951884895914587
"PWY.5030..L.histidine.degradation.III.g__Bacteroides.s__Bacteroides_thetaiotaomicron","study_condition","T2D",0.380085272406198,0.189087856466622,952,464,0.0447039159290131,0.172205491917665
"PWY66.409..superpathway.of.purine.nucleotide.salvage","study_condition","T2D",0.379192928809638,0.138395138681406,952,468,0.00626078115119083,0.0413880647093989
"COMPLETE.ARO.PWY..superpathway.of.aromatic.amino.acid.biosynthesis.g__Parabacteroides.s__Parabacteroides_distasonis","study_condition","T2D",0.379168847604755,0.119053487700654,952,310,0.00149555593266957,0.0142952697316981
"PWY0.845..superpathway.of.pyridoxal.5..phosphate.biosynthesis.and.salvage.g__Bacteroides.s__Bacteroides_uniformis","study_condition","T2D",0.378359870963534,0.190889423784783,952,636,0.0477579768133747,0.180446805935351
"PWY.6385..peptidoglycan.biosynthesis.III..mycobacteria..g__Bacteroides.s__Bacteroides_uniformis","study_condition","T2D",0.378251922994642,0.21367138765549,952,689,0.0770070805638625,0.245176955030533
"PWY.5686..UMP.biosynthesis.g__Bacteroides.s__Bacteroides_vulgatus","study_condition","T2D",0.378040193741915,0.195608852790721,952,682,0.0535792964821164,0.195052596973802
"PWY0.845..superpathway.of.pyridoxal.5..phosphate.biosynthesis.and.salvage.g__Bacteroides.s__Bacteroides_thetaiotaomicron","study_condition","T2D",0.378037110651351,0.151825236451877,952,271,0.0129466898398033,0.0705590522421
"PWY.7199..pyrimidine.deoxyribonucleosides.salvage.g__Bacteroides.s__Bacteroides_uniformis_CAG_3","study_condition","T2D",0.377984991590356,0.209551632238118,952,597,0.0715835297542042,0.234359447219194
"PWY.6125..superpathway.of.guanosine.nucleotides.de.novo.biosynthesis.II.g__Bacteroides.s__Bacteroides_vulgatus_CAG_6","study_condition","T2D",0.37758663949625,0.190676464543897,952,620,0.0479647752130587,0.180951973494646
"PWY.6385..peptidoglycan.biosynthesis.III..mycobacteria..unclassified","study_condition","T2D",-0.377286732447576,0.128171587868721,952,887,0.00332333064212212,0.0259513465832079
"PWY.5030..L.histidine.degradation.III.g__Bacteroides.s__Bacteroides_fragilis","study_condition","T2D",0.377190265602122,0.147375623921877,952,216,0.0106402471037232,0.0610228741180417
"DTDPRHAMSYN.PWY..dTDP.L.rhamnose.biosynthesis.I.g__Bacteroides.s__Bacteroides_uniformis","study_condition","T2D",0.377050846790685,0.207985431692864,952,757,0.0701681699083582,0.232376812469234
"PWY.7208..superpathway.of.pyrimidine.nucleobases.salvage.g__Dialister.s__Dialister_invisus_CAG_218","study_condition","T2D",-0.376294555866498,0.175921194713628,952,192,0.0326912769436796,0.139874732377601
"RIBOSYN2.PWY..flavin.biosynthesis.I..bacteria.and.plants..g__Akkermansia.s__Akkermansia_muciniphila","study_condition","T2D",0.376014399489489,0.149106822237792,952,201,0.0118393701920988,0.066248117072052
"DTDPRHAMSYN.PWY..dTDP.L.rhamnose.biosynthesis.I.g__Barnesiella.s__Barnesiella_intestinihominis","study_condition","T2D",-0.375969117605096,0.144701292680162,952,201,0.00951576945481913,0.0562502139786578
"PWY.7282..4.amino.2.methyl.5.phosphomethylpyrimidine.biosynthesis..yeast.","study_condition","T2D",0.375781604974839,0.0975712209163756,952,889,0.000125364570411778,0.00214981619755644
"THRESYN.PWY..superpathway.of.L.threonine.biosynthesis.g__Bacteroides.s__Bacteroides_vulgatus","study_condition","T2D",0.375457912550867,0.208149991909809,952,722,0.0715826464592408,0.234359447219194
"PWY.5686..UMP.biosynthesis.g__Bacteroides.s__Bacteroides_caccae","study_condition","T2D",0.373834689817457,0.115653900935772,952,254,0.0012701321557634,0.0127454744715076
"PWY.6124..inosine.5..phosphate.biosynthesis.II.g__Bacteroides.s__Bacteroides_vulgatus","study_condition","T2D",0.373758889830149,0.211288274561396,952,766,0.0772236648601628,0.245709865048414
"PWY.5695..urate.biosynthesis.inosine.5..phosphate.degradation.g__Bacteroides.s__Bacteroides_thetaiotaomicron","study_condition","T2D",0.373660583030151,0.198826669561773,952,338,0.0605065671543871,0.211707247731261
"ARGSYNBSUB.PWY..L.arginine.biosynthesis.II..acetyl.cycle..g__Gemmiger.s__Gemmiger_formicilis","study_condition","T2D",-0.373639290724413,0.167073914286285,952,303,0.0255596534584235,0.11760101181245
"PWY.7219..adenosine.ribonucleotides.de.novo.biosynthesis.g__Gemmiger.s__Gemmiger_formicilis","study_condition","T2D",-0.373156674574853,0.181285689103674,952,315,0.0398258320045087,0.159560078964687
"PWY.7234..inosine.5..phosphate.biosynthesis.III","study_condition","T2D",0.372772247501061,0.129723923368238,952,866,0.00414919724657189,0.0306326071230286
"PWY.5100..pyruvate.fermentation.to.acetate.and.lactate.II.g__Roseburia.s__Roseburia_inulinivorans_CAG_15","study_condition","T2D",0.371730879441923,0.149483465208411,952,256,0.0130622047916578,0.071009851535315
"PWY.7539..6.hydroxymethyl.dihydropterin.diphosphate.biosynthesis.III..Chlamydia..g__Bacteroides.s__Bacteroides_vulgatus","study_condition","T2D",0.371434460698382,0.203802553072765,952,648,0.0686911816448667,0.229621841515436
"PWY.7357..thiamin.formation.from.pyrithiamine.and.oxythiamine..yeast..g__Dialister.s__Dialister_invisus","study_condition","T2D",-0.371149100653723,0.177791199366284,952,201,0.0371046929900577,0.151878355907901
"BRANCHED.CHAIN.AA.SYN.PWY..superpathway.of.branched.amino.acid.biosynthesis.g__Bacteroides.s__Bacteroides_caccae","study_condition","T2D",0.370553309787617,0.203974661326188,952,426,0.0695846794723351,0.231681401088205
"PWY.6387..UDP.N.acetylmuramoyl.pentapeptide.biosynthesis.I..meso.diaminopimelate.containing..g__Roseburia.s__Roseburia_inulinivorans_CAG_15","study_condition","T2D",0.370356182600588,0.151051410531296,952,203,0.0143918377462597,0.0762749785083286
"PWY.2942..L.lysine.biosynthesis.III.g__Eubacterium.s__Eubacterium_eligens_CAG_72","study_condition","T2D",-0.369959314431892,0.141488256562451,952,285,0.00907062261754444,0.0542602205982708
"PWY.6163..chorismate.biosynthesis.from.3.dehydroquinate.g__Roseburia.s__Roseburia_inulinivorans","study_condition","T2D",0.369401782415256,0.140709553409925,952,228,0.00879737381536884,0.0533280538757493
"PWY0.845..superpathway.of.pyridoxal.5..phosphate.biosynthesis.and.salvage.g__Bacteroides.s__Bacteroides_ovatus","study_condition","T2D",0.368968097520038,0.179607163272865,952,306,0.0402200777718295,0.160435685630605
"PWY.724..superpathway.of.L.lysine..L.threonine.and.L.methionine.biosynthesis.II.g__Faecalibacterium.s__Faecalibacterium_prausnitzii","study_condition","T2D",-0.368165659365596,0.136584631212325,952,437,0.00715260329858795,0.0454116895643487
"PWY.6609..adenine.and.adenosine.salvage.III.g__Bacteroides.s__Bacteroides_thetaiotaomicron","study_condition","T2D",0.367914273219228,0.203916405132582,952,488,0.0715112150041731,0.234359447219194
"PWY.6147..6.hydroxymethyl.dihydropterin.diphosphate.biosynthesis.I.g__Bacteroides.s__Bacteroides_vulgatus","study_condition","T2D",0.36632328517957,0.189341725596681,952,648,0.0533221691333564,0.194757479837565
"PWY.7111..pyruvate.fermentation.to.isobutanol..engineered..g__Bacteroides.s__Bacteroides_uniformis","study_condition","T2D",0.366153092787766,0.204730810985845,952,762,0.0740212267612414,0.240206405292387
"GLYCOGENSYNTH.PWY..glycogen.biosynthesis.I..from.ADP.D.Glucose..unclassified","study_condition","T2D",0.365929741881001,0.146458420062243,952,708,0.0126397231193249,0.0693223573232134
"PWY.2942..L.lysine.biosynthesis.III.g__Dialister.s__Dialister_invisus","study_condition","T2D",-0.365383609422185,0.183521801215017,952,201,0.0467728508712355,0.177499074734838
"PWY.5097..L.lysine.biosynthesis.VI.g__Dialister.s__Dialister_invisus_CAG_218","study_condition","T2D",-0.364782933441117,0.181533959319439,952,200,0.0447730267080798,0.172249849529974
"PWY.6386..UDP.N.acetylmuramoyl.pentapeptide.biosynthesis.II..lysine.containing..g__Roseburia.s__Roseburia_inulinivorans","study_condition","T2D",0.364726590972425,0.128486238315562,952,213,0.00462744398602751,0.03298244026255
"GLCMANNANAUT.PWY..superpathway.of.N.acetylglucosamine..N.acetylmannosamine.and.N.acetylneuraminate.degradation.g__Roseburia.s__Roseburia_inulinivorans_CAG_15","study_condition","T2D",0.363672814441827,0.11657934917479,952,206,0.00186619269036507,0.0168873863098866
"PWY.5188..tetrapyrrole.biosynthesis.I..from.glutamate..g__Dialister.s__Dialister_invisus_CAG_218","study_condition","T2D",-0.363403149347865,0.184067970481211,952,193,0.0486392506895704,0.182978241082398
"PWY.6147..6.hydroxymethyl.dihydropterin.diphosphate.biosynthesis.I.g__Bacteroides.s__Bacteroides_fragilis","study_condition","T2D",0.362845763084134,0.120424373325291,952,232,0.00265508923809435,0.0218150595843426
"PWY.5097..L.lysine.biosynthesis.VI.g__Bacteroides.s__Bacteroides_vulgatus_CAG_6","study_condition","T2D",0.362598185718898,0.153941075797561,952,526,0.0187041513805793,0.0921767105458822
"COA.PWY..coenzyme.A.biosynthesis.I.unclassified","study_condition","T2D",-0.362395114784986,0.118981968755354,952,902,0.00238488183295423,0.0200320821274332
"PWY.1269..CMP.3.deoxy.D.manno.octulosonate.biosynthesis.I.g__Bacteroides.s__Bacteroides_thetaiotaomicron","study_condition","T2D",0.361907261930325,0.14991506166677,952,366,0.0159636978372407,0.0821423786515177
"PWY.1269..CMP.3.deoxy.D.manno.octulosonate.biosynthesis.I.g__Bacteroides.s__Bacteroides_caccae","study_condition","T2D",0.361747613528021,0.132228887641348,952,294,0.00633985611908109,0.0415618122568072
"PWY.7221..guanosine.ribonucleotides.de.novo.biosynthesis.g__Barnesiella.s__Barnesiella_intestinihominis","study_condition","T2D",-0.361485914102682,0.165322660150654,952,204,0.0290196497310418,0.128547399831622
"PWY.6385..peptidoglycan.biosynthesis.III..mycobacteria..g__Roseburia.s__Roseburia_inulinivorans","study_condition","T2D",0.361466213099134,0.129529930642867,952,210,0.00536675850650285,0.0367982016360369
"PWY.5188..tetrapyrrole.biosynthesis.I..from.glutamate..unclassified","study_condition","T2D",0.359633698843655,0.147070176623306,952,530,0.0146535784490625,0.0773780422980982
"PWY0.845..superpathway.of.pyridoxal.5..phosphate.biosynthesis.and.salvage.g__Parabacteroides.s__Parabacteroides_distasonis","study_condition","T2D",0.358642762834746,0.126961134032632,952,239,0.00483003268010223,0.0340065715525897
"PANTOSYN.PWY..pantothenate.and.coenzyme.A.biosynthesis.I.g__Bacteroides.s__Bacteroides_thetaiotaomicron","study_condition","T2D",0.35737341977341,0.161300601226386,952,286,0.0269578819484264,0.121654641830835
"GLUTORN.PWY..L.ornithine.biosynthesis.g__Gemmiger.s__Gemmiger_formicilis","study_condition","T2D",-0.356906587949851,0.194807378254506,952,238,0.0672504487677137,0.226134735141964
"PWY.6609..adenine.and.adenosine.salvage.III.g__Barnesiella.s__Barnesiella_intestinihominis","study_condition","T2D",-0.356374151813843,0.16638027795365,952,220,0.0324540107110136,0.139203433757988
"PWY.6737..starch.degradation.V.g__Bacteroides.s__Bacteroides_uniformis","study_condition","T2D",0.356170214876053,0.189258766619446,952,738,0.0601530952209784,0.21098655512907
"PWY0.1296..purine.ribonucleosides.degradation.unclassified","study_condition","T2D",-0.355652244498483,0.137709385317109,952,881,0.00995413322577211,0.0581665274866305
"UDPNAGSYN.PWY..UDP.N.acetyl.D.glucosamine.biosynthesis.I.unclassified","study_condition","T2D",0.355318259896079,0.165203057010739,952,768,0.0317446955461061,0.136770678323024
"PWY.7219..adenosine.ribonucleotides.de.novo.biosynthesis.g__Roseburia.s__Roseburia_inulinivorans_CAG_15","study_condition","T2D",0.354177527599968,0.16424257055306,952,335,0.0313013133958081,0.135602488247973
"PWY.7199..pyrimidine.deoxyribonucleosides.salvage.g__Bacteroides.s__Bacteroides_thetaiotaomicron","study_condition","T2D",0.354172328205865,0.17661140319039,952,395,0.0452069618573428,0.173610035830929
"ILEUSYN.PWY..L.isoleucine.biosynthesis.I..from.threonine..g__Roseburia.s__Roseburia_inulinivorans","study_condition","T2D",0.353699480718469,0.14277730171742,952,339,0.0134123299741199,0.0721881774865618
"PYRIDNUCSYN.PWY..NAD.biosynthesis.I..from.aspartate..g__Bacteroides.s__Bacteroides_vulgatus","study_condition","T2D",0.353030297486153,0.189399294415704,952,690,0.0626383836438762,0.216632748544716
"PYRIDOXSYN.PWY..pyridoxal.5..phosphate.biosynthesis.I.g__Bacteroides.s__Bacteroides_uniformis","study_condition","T2D",0.352498161156964,0.190792622142855,952,671,0.0649797536344136,0.221538445900942
"PWY.6386..UDP.N.acetylmuramoyl.pentapeptide.biosynthesis.II..lysine.containing..g__Bacteroides.s__Bacteroides_vulgatus","study_condition","T2D",0.352424583327744,0.179052298058441,952,711,0.0493275024147312,0.184684898794454
"PWY.6609..adenine.and.adenosine.salvage.III.g__Gemmiger.s__Gemmiger_formicilis","study_condition","T2D",-0.351213647724216,0.155494512601911,952,299,0.0241295572195794,0.112347433042706
"PWY.5103..L.isoleucine.biosynthesis.III.g__Akkermansia.s__Akkermansia_muciniphila","study_condition","T2D",0.34904369949685,0.142281665198357,952,214,0.0143389563944396,0.0761344956320336
"BRANCHED.CHAIN.AA.SYN.PWY..superpathway.of.branched.amino.acid.biosynthesis.g__Akkermansia.s__Akkermansia_muciniphila","study_condition","T2D",0.348043528037214,0.141087246148514,952,214,0.0138061326830152,0.0738487393668386
"PWY.5667..CDP.diacylglycerol.biosynthesis.I.g__Bacteroides.s__Bacteroides_vulgatus_CAG_6","study_condition","T2D",0.347524383381446,0.179154356229623,952,645,0.0527001154353397,0.193382626978831
"PWY0.1319..CDP.diacylglycerol.biosynthesis.II.g__Bacteroides.s__Bacteroides_vulgatus_CAG_6","study_condition","T2D",0.347524383381446,0.179154356229623,952,645,0.0527001154353397,0.193382626978831
"PWY.5097..L.lysine.biosynthesis.VI.g__Barnesiella.s__Barnesiella_intestinihominis","study_condition","T2D",-0.347251299396613,0.121711606928826,952,218,0.00442425976782012,0.0321157498653162
"PWY.5667..CDP.diacylglycerol.biosynthesis.I.g__Alistipes.s__Alistipes_finegoldii","study_condition","T2D",0.34455022695681,0.159668029101371,952,275,0.0311851733654192,0.135234652651242
"PWY0.1319..CDP.diacylglycerol.biosynthesis.II.g__Alistipes.s__Alistipes_finegoldii","study_condition","T2D",0.34455022695681,0.159668029101371,952,275,0.0311851733654192,0.135234652651242
"ILEUSYN.PWY..L.isoleucine.biosynthesis.I..from.threonine..g__Akkermansia.s__Akkermansia_muciniphila","study_condition","T2D",0.344538006936869,0.138713247344735,952,214,0.0131703490105762,0.0712845140197437
"THISYNARA.PWY..superpathway.of.thiamin.diphosphate.biosynthesis.III..eukaryotes..g__Faecalibacterium.s__Faecalibacterium_prausnitzii","study_condition","T2D",-0.34389820707754,0.146059372721991,952,460,0.018750501282103,0.0922609892630752
"TRNA.CHARGING.PWY..tRNA.charging.g__Bacteroides.s__Bacteroides_ovatus","study_condition","T2D",0.342888959789984,0.192536999167931,952,505,0.0752494200764469,0.241337995065107
"PWY.2942..L.lysine.biosynthesis.III.g__Dialister.s__Dialister_invisus_CAG_218","study_condition","T2D",-0.342256186226432,0.168476818892496,952,199,0.0424857974114841,0.166956899597884
"PWY.6147..6.hydroxymethyl.dihydropterin.diphosphate.biosynthesis.I.g__Bacteroides.s__Bacteroides_uniformis","study_condition","T2D",0.342175206344768,0.157478007141317,952,593,0.0300393651975496,0.131783638607284
"PWY.5686..UMP.biosynthesis.g__Gemmiger.s__Gemmiger_formicilis","study_condition","T2D",-0.341350624353846,0.143102188861067,952,271,0.0172580787229702,0.0864825490228356
"PWY.6897..thiamin.salvage.II.g__Dialister.s__Dialister_invisus","study_condition","T2D",-0.340306932572002,0.175186826787831,952,197,0.0523682367918825,0.192415839701777
"PWY.6168..flavin.biosynthesis.III..fungi..g__Lachnospira.s__Lachnospira_pectinoschiza","study_condition","T2D",-0.339114528584163,0.102373214266965,952,208,0.000959552983466721,0.0102547608822679
"TRNA.CHARGING.PWY..tRNA.charging.g__Gemmiger.s__Gemmiger_formicilis","study_condition","T2D",-0.338277047478109,0.122909309477393,952,353,0.0060318548229254,0.0403097950210186
"PWY.7219..adenosine.ribonucleotides.de.novo.biosynthesis.g__Roseburia.s__Roseburia_inulinivorans","study_condition","T2D",0.337285789664183,0.175573832517761,952,333,0.0550255875390305,0.198220294545759
"PEPTIDOGLYCANSYN.PWY..peptidoglycan.biosynthesis.I..meso.diaminopimelate.containing..g__Dialister.s__Dialister_invisus","study_condition","T2D",-0.337048628730928,0.176330282017006,952,205,0.0562468410422839,0.201350163447345
"PWY.7400..L.arginine.biosynthesis.IV..archaebacteria..g__Gemmiger.s__Gemmiger_formicilis","study_condition","T2D",-0.336672052094473,0.173333284026525,952,235,0.0523922113183361,0.192415839701777
"NAGLIPASYN.PWY..lipid.IVA.biosynthesis.g__Bacteroides.s__Bacteroides_uniformis","study_condition","T2D",0.336489071868148,0.188493591824654,952,703,0.0745571933794883,0.240805706951769
"ARGSYN.PWY..L.arginine.biosynthesis.I..via.L.ornithine..g__Gemmiger.s__Gemmiger_formicilis","study_condition","T2D",-0.33597230515521,0.172760065477895,952,235,0.0521027888793237,0.191759520482339
"PWY.5686..UMP.biosynthesis.g__Roseburia.s__Roseburia_inulinivorans_CAG_15","study_condition","T2D",0.334638144684422,0.144889635370768,952,246,0.0211242597340254,0.101013853835814
"PWY.3841..folate.transformations.II.g__Bacteroides.s__Bacteroides_thetaiotaomicron","study_condition","T2D",0.334601224569896,0.168081880785922,952,503,0.046800512501492,0.177526254166851
"PWY.6387..UDP.N.acetylmuramoyl.pentapeptide.biosynthesis.I..meso.diaminopimelate.containing..g__Dialister.s__Dialister_invisus","study_condition","T2D",-0.334554522510995,0.182599226376395,952,206,0.0672386189064299,0.226134735141964
"PWY.7111..pyruvate.fermentation.to.isobutanol..engineered..g__Ruminococcaceae_unclassified.s__Eubacterium_siraeum","study_condition","T2D",-0.334133234216012,0.160500788119886,952,173,0.0376272664454885,0.153486635618432
"PWY.7228..superpathway.of.guanosine.nucleotides.de.novo.biosynthesis.I.g__Bacteroides.s__Bacteroides_vulgatus_CAG_6","study_condition","T2D",0.334087963032219,0.182864942758582,952,662,0.0680195663460039,0.227960311360833
"PWY.1269..CMP.3.deoxy.D.manno.octulosonate.biosynthesis.I.unclassified","study_condition","T2D",0.333807927548476,0.1771891093715,952,667,0.0598836170653156,0.2102968871799
"PWY.6545..pyrimidine.deoxyribonucleotides.de.novo.biosynthesis.III.unclassified","study_condition","T2D",-0.332962893988599,0.158643443275736,952,580,0.0360977054795209,0.149188367508537
"PEPTIDOGLYCANSYN.PWY..peptidoglycan.biosynthesis.I..meso.diaminopimelate.containing..g__Faecalibacterium.s__Faecalibacterium_prausnitzii","study_condition","T2D",-0.332411887203978,0.132931146301049,952,385,0.012565212629469,0.0691601780915584
"PWY.6124..inosine.5..phosphate.biosynthesis.II.g__Dialister.s__Dialister_invisus_CAG_218","study_condition","T2D",-0.332117598011178,0.17012088941082,952,191,0.0512035291155618,0.190009512682553
"PWY.6936..seleno.amino.acid.biosynthesis.g__Bacteroides.s__Bacteroides_vulgatus_CAG_6","study_condition","T2D",0.330824710393076,0.18791220447266,952,669,0.0786410706814155,0.248733262272118
"ARGSYNBSUB.PWY..L.arginine.biosynthesis.II..acetyl.cycle..unclassified","study_condition","T2D",-0.33051424686538,0.112312093034874,952,875,0.00333171071878364,0.0259933466888886
"ARGININE.SYN4.PWY..L.ornithine.de.novo..biosynthesis.g__Bacteroides.s__Bacteroides_caccae","study_condition","T2D",0.330244702888505,0.104838434048632,952,224,0.00168371435827838,0.0156616179835562
"PWY0.162..superpathway.of.pyrimidine.ribonucleotides.de.novo.biosynthesis.g__Bacteroides.s__Bacteroides_thetaiotaomicron","study_condition","T2D",0.330012260935592,0.148022996873767,952,249,0.026016758205051,0.11888488138516
"PWY.7229..superpathway.of.adenosine.nucleotides.de.novo.biosynthesis.I.g__Bacteroides.s__Bacteroides_thetaiotaomicron","study_condition","T2D",0.329934654667849,0.167142416538609,952,381,0.048675071819966,0.183033487607862
"COA.PWY..coenzyme.A.biosynthesis.I.g__Fusicatenibacter.s__Fusicatenibacter_saccharivorans","study_condition","T2D",-0.329895920471023,0.156159948512591,952,185,0.0349004047499736,0.145990894126656
"PWY.3841..folate.transformations.II.g__Dialister.s__Dialister_invisus","study_condition","T2D",-0.329600603621879,0.17091278629483,952,204,0.054095037953015,0.195845747773039
"SER.GLYSYN.PWY..superpathway.of.L.serine.and.glycine.biosynthesis.I.g__Roseburia.s__Roseburia_inulinivorans_CAG_15","study_condition","T2D",0.328915502714992,0.151638965453059,952,238,0.0303256045338595,0.132636229930921
"PWY.7208..superpathway.of.pyrimidine.nucleobases.salvage.unclassified","study_condition","T2D",-0.328148071045676,0.152902853149795,952,741,0.0321168630048015,0.138167925296364
"PWY.6527..stachyose.degradation.g__Roseburia.s__Roseburia_inulinivorans_CAG_15","study_condition","T2D",0.327546905729276,0.156627634157039,952,235,0.036772003703603,0.151136949251638
"ARGININE.SYN4.PWY..L.ornithine.de.novo..biosynthesis.g__Bacteroides.s__Bacteroides_thetaiotaomicron","study_condition","T2D",0.326138096778784,0.176043666397561,952,460,0.064251014507276,0.219752679949846
"PWY.7219..adenosine.ribonucleotides.de.novo.biosynthesis.g__Dialister.s__Dialister_invisus","study_condition","T2D",-0.32544031489272,0.180210395547978,952,206,0.0712528012242314,0.234359447219194
"PWY.6121..5.aminoimidazole.ribonucleotide.biosynthesis.I.unclassified","study_condition","T2D",-0.3247240823316,0.110242724739609,952,908,0.00330284726229511,0.0258532535086802
"GLYCOGENSYNTH.PWY..glycogen.biosynthesis.I..from.ADP.D.Glucose..g__Lachnospira.s__Lachnospira_pectinoschiza","study_condition","T2D",-0.324336693554113,0.114085694277429,952,233,0.00456630648896566,0.0328167752650976
"PWY.2942..L.lysine.biosynthesis.III.g__Bacteroides.s__Bacteroides_vulgatus_CAG_6","study_condition","T2D",0.323810812091043,0.15845001454409,952,625,0.0412678761137234,0.163210124714368
"PWY.5686..UMP.biosynthesis.g__Bacteroides.s__Bacteroides_uniformis","study_condition","T2D",0.322953927383333,0.177549311710054,952,697,0.0692342486210594,0.230692032727347
"PWY.7234..inosine.5..phosphate.biosynthesis.III.g__Alistipes.s__Alistipes_finegoldii","study_condition","T2D",0.321834756180187,0.143387491013001,952,231,0.0250297817129946,0.11566590695546
"PWY.6608..guanosine.nucleotides.degradation.III.g__Bacteroides.s__Bacteroides_caccae","study_condition","T2D",0.32181586417013,0.109015510123154,952,215,0.00323492978586203,0.025444588506417
"PWY.6126..superpathway.of.adenosine.nucleotides.de.novo.biosynthesis.II.g__Bacteroides.s__Bacteroides_thetaiotaomicron","study_condition","T2D",0.321389866666872,0.163139943422485,952,381,0.0491264719737262,0.184171102724013
"PWY.6703..preQ0.biosynthesis.g__Bacteroides.s__Bacteroides_ovatus","study_condition","T2D",0.320405281343551,0.171616043860175,952,348,0.0622119203044211,0.215588327265421
"COA.PWY.1..coenzyme.A.biosynthesis.II..mammalian..g__Dialister.s__Dialister_invisus","study_condition","T2D",-0.320201657860186,0.177389672647592,952,209,0.071380475321352,0.234359447219194
"PWY.7316..dTDP.N.acetylviosamine.biosynthesis","study_condition","T2D",0.319152848558059,0.159412955492268,952,254,0.0455640561778762,0.174286539973678
"PWY.5686..UMP.biosynthesis.g__Roseburia.s__Roseburia_inulinivorans","study_condition","T2D",0.3139112290669,0.151470751105005,952,245,0.0384962660882501,0.155856785565333
"POLYISOPRENSYN.PWY..polyisoprenoid.biosynthesis..E..coli.","study_condition","T2D",0.313906036803686,0.11434417825346,952,884,0.00616053431285444,0.0408319720984576
"DTDPRHAMSYN.PWY..dTDP.L.rhamnose.biosynthesis.I.g__Roseburia.s__Roseburia_inulinivorans_CAG_15","study_condition","T2D",0.313284454014865,0.145520435353625,952,276,0.0315820471899434,0.136273307755311
"PWY.6703..preQ0.biosynthesis.g__Bacteroides.s__Bacteroides_thetaiotaomicron","study_condition","T2D",0.312021508965722,0.163416017711266,952,355,0.0565164402856172,0.201994375927959
"X1CMET2.PWY..N10.formyl.tetrahydrofolate.biosynthesis.g__Bacteroides.s__Bacteroides_thetaiotaomicron","study_condition","T2D",0.311906253779454,0.16964033178558,952,348,0.0662822341739392,0.224483436819051
"PWY.2941..L.lysine.biosynthesis.II","study_condition","T2D",0.311862556277163,0.114534772678603,952,844,0.00659084811955434,0.0427541158916409
"PWY.6700..queuosine.biosynthesis.g__Gemmiger.s__Gemmiger_formicilis","study_condition","T2D",-0.311382280509596,0.165864936698137,952,277,0.0607808573186493,0.21224283241109
"RIBOSYN2.PWY..flavin.biosynthesis.I..bacteria.and.plants..unclassified","study_condition","T2D",-0.31108768619788,0.150576822861571,952,815,0.0391025112895891,0.157501278031554
"X1CMET2.PWY..N10.formyl.tetrahydrofolate.biosynthesis.g__Barnesiella.s__Barnesiella_intestinihominis","study_condition","T2D",-0.308358531267799,0.110314309734902,952,218,0.00529043367590875,0.0364770347399441
"PWY.3841..folate.transformations.II.g__Roseburia.s__Roseburia_inulinivorans_CAG_15","study_condition","T2D",0.306839246003603,0.131395711204831,952,225,0.0197394607452898,0.095930766992043
"PWY.6608..guanosine.nucleotides.degradation.III.g__Faecalibacterium.s__Faecalibacterium_prausnitzii","study_condition","T2D",-0.306406920993264,0.127596146950329,952,308,0.0165252154376606,0.084082471028285
"SALVADEHYPOX.PWY..adenosine.nucleotides.degradation.II.g__Faecalibacterium.s__Faecalibacterium_prausnitzii","study_condition","T2D",-0.304623353386457,0.127240737648121,952,308,0.0168561879606112,0.0852157546636855
"UDPNAGSYN.PWY..UDP.N.acetyl.D.glucosamine.biosynthesis.I.g__Dialister.s__Dialister_invisus_CAG_218","study_condition","T2D",-0.303241935397403,0.167730975511489,952,214,0.0709382014535687,0.233850332922689
"PWY.7219..adenosine.ribonucleotides.de.novo.biosynthesis.unclassified","study_condition","T2D",-0.302226814820763,0.111550198160105,952,925,0.0068635536749246,0.0439308017922003
"PANTOSYN.PWY..pantothenate.and.coenzyme.A.biosynthesis.I.unclassified","study_condition","T2D",-0.302050399610958,0.152872198976765,952,787,0.0484632779210135,0.182395474487604
"COA.PWY.1..coenzyme.A.biosynthesis.II..mammalian..g__Dialister.s__Dialister_invisus_CAG_218","study_condition","T2D",-0.301599178615272,0.154841212946973,952,210,0.0517344948020165,0.191053614066296
"PWY.6124..inosine.5..phosphate.biosynthesis.II.g__Dialister.s__Dialister_invisus","study_condition","T2D",-0.301565141534057,0.159684601611045,952,211,0.0592636256041398,0.208627234850346
"COBALSYN.PWY..adenosylcobalamin.salvage.from.cobinamide.I.unclassified","study_condition","T2D",0.301018336437563,0.154924921762407,952,350,0.052312827699397,0.192369039438122
"TRNA.CHARGING.PWY..tRNA.charging.g__Bacteroides.s__Bacteroides_dorei","study_condition","T2D",0.299550615665087,0.160475771736065,952,245,0.0622606344473282,0.215670837725545
"PWY.6151..S.adenosyl.L.methionine.cycle.I.unclassified","study_condition","T2D",-0.296985502148479,0.131325289507998,952,903,0.0239575501999708,0.111844951337869
"PWY.5505..L.glutamate.and.L.glutamine.biosynthesis","study_condition","T2D",0.296449260077096,0.154382300450919,952,865,0.0551291652341789,0.198428333719031
"GLCMANNANAUT.PWY..superpathway.of.N.acetylglucosamine..N.acetylmannosamine.and.N.acetylneuraminate.degradation","study_condition","T2D",0.295365349262209,0.104313257592241,952,896,0.00473084275439002,0.0335812280762439
"DTDPRHAMSYN.PWY..dTDP.L.rhamnose.biosynthesis.I.g__Fusicatenibacter.s__Fusicatenibacter_saccharivorans","study_condition","T2D",-0.294350700995874,0.142370753430351,952,249,0.0389587902901407,0.157308001973717
"VALSYN.PWY..L.valine.biosynthesis.g__Roseburia.s__Roseburia_inulinivorans","study_condition","T2D",0.294222051798611,0.152216977897187,952,456,0.0535448828540543,0.195052596973802
"PWY.5097..L.lysine.biosynthesis.VI.unclassified","study_condition","T2D",-0.29403193669589,0.124506168770779,952,878,0.018398592506671,0.0910988056648201
"PWY.6387..UDP.N.acetylmuramoyl.pentapeptide.biosynthesis.I..meso.diaminopimelate.containing..g__Akkermansia.s__Akkermansia_muciniphila","study_condition","T2D",0.293247257763982,0.137410223301531,952,186,0.0330908630740023,0.140901840177089
"COA.PWY..coenzyme.A.biosynthesis.I.g__Dialister.s__Dialister_invisus_CAG_218","study_condition","T2D",-0.2924445432579,0.153893459229569,952,206,0.0576965568805269,0.205027567741224
"PWY.7219..adenosine.ribonucleotides.de.novo.biosynthesis.g__Dialister.s__Dialister_invisus_CAG_218","study_condition","T2D",-0.291313797500919,0.141110859595849,952,207,0.0392485962133072,0.157869411615067
"PWY.724..superpathway.of.L.lysine..L.threonine.and.L.methionine.biosynthesis.II.g__Lachnospira.s__Lachnospira_pectinoschiza","study_condition","T2D",-0.290106349390944,0.104727412621885,952,220,0.00571338131449822,0.0385906033395932
"PWY.6737..starch.degradation.V.g__Gemmiger.s__Gemmiger_formicilis","study_condition","T2D",-0.289590989603491,0.136658500264993,952,290,0.0343430248485698,0.144563763104244
"RHAMCAT.PWY..L.rhamnose.degradation.I.g__Eubacterium.s__Eubacterium_eligens_CAG_72","study_condition","T2D",-0.289099071188739,0.148145047117033,952,274,0.051296909725599,0.190049631674402
"PWY.6387..UDP.N.acetylmuramoyl.pentapeptide.biosynthesis.I..meso.diaminopimelate.containing..g__Dialister.s__Dialister_invisus_CAG_218","study_condition","T2D",-0.28886135785065,0.140547489174461,952,201,0.0401278908918221,0.160268320045015
"PWY.2942..L.lysine.biosynthesis.III.unclassified","study_condition","T2D",-0.287915435045354,0.125096299913613,952,879,0.0215768638732728,0.102498980330522
"UDPNAGSYN.PWY..UDP.N.acetyl.D.glucosamine.biosynthesis.I.g__Dialister.s__Dialister_invisus","study_condition","T2D",-0.287738548143412,0.161439642993043,952,216,0.0750159152883107,0.241142474534807
"PWY.1269..CMP.3.deoxy.D.manno.octulosonate.biosynthesis.I","study_condition","T2D",0.287654100501344,0.0687824500412389,952,944,3.1565213931863e-05,0.000728946007066489
"OANTIGEN.PWY..O.antigen.building.blocks.biosynthesis..E..coli..unclassified","study_condition","T2D",0.286139410478756,0.153725077168843,952,753,0.0630014587493471,0.217194519414549
"PWY.6385..peptidoglycan.biosynthesis.III..mycobacteria..g__Dialister.s__Dialister_invisus_CAG_218","study_condition","T2D",-0.285072937700125,0.135105687573025,952,198,0.0351201945219433,0.146503316262056
"RHAMCAT.PWY..L.rhamnose.degradation.I.g__Eubacterium.s__Eubacterium_eligens","study_condition","T2D",-0.284514084923525,0.150566485460666,952,275,0.0591134632791245,0.208437537458151
"PWY.7111..pyruvate.fermentation.to.isobutanol..engineered..g__Akkermansia.s__Akkermansia_muciniphila","study_condition","T2D",0.28428805921772,0.140205857935482,952,223,0.0428758361216533,0.16785928608206
"PWY.6507..4.deoxy.L.threo.hex.4.enopyranuronate.degradation.unclassified","study_condition","T2D",0.283618579655644,0.136074266641957,952,500,0.0374010796912842,0.152635886016268
"PWY.7357..thiamin.formation.from.pyrithiamine.and.oxythiamine..yeast..g__Dialister.s__Dialister_invisus_CAG_218","study_condition","T2D",-0.283523415034074,0.134048775187459,952,198,0.034684081696135,0.145384388910227
"PWY.4242..pantothenate.and.coenzyme.A.biosynthesis.III.g__Dialister.s__Dialister_invisus_CAG_218","study_condition","T2D",-0.283359686722869,0.153361610166513,952,194,0.0649636472916387,0.221538445900942
"PWY0.1241..ADP.L.glycero..beta..D.manno.heptose.biosynthesis.g__Akkermansia.s__Akkermansia_muciniphila","study_condition","T2D",0.28232819126104,0.145343322923203,952,214,0.0523737568822475,0.192415839701777
"PWY.7221..guanosine.ribonucleotides.de.novo.biosynthesis.g__Dialister.s__Dialister_invisus_CAG_218","study_condition","T2D",-0.281610536014644,0.143260734899133,952,202,0.0496227792157364,0.18553493060197
"COA.PWY.1..coenzyme.A.biosynthesis.II..mammalian..g__Barnesiella.s__Barnesiella_intestinihominis","study_condition","T2D",-0.280441097881595,0.103930188735552,952,251,0.00709217901542818,0.0451273110019162
"PWY.724..superpathway.of.L.lysine..L.threonine.and.L.methionine.biosynthesis.II.g__Dialister.s__Dialister_invisus_CAG_218","study_condition","T2D",-0.279996523793527,0.141494241259985,952,194,0.0481217311375897,0.181425420832184
"PWY.6122..5.aminoimidazole.ribonucleotide.biosynthesis.II.unclassified","study_condition","T2D",-0.27962613024108,0.106773716394133,952,910,0.00896321625265835,0.0539412458290627
"PWY.6277..superpathway.of.5.aminoimidazole.ribonucleotide.biosynthesis.unclassified","study_condition","T2D",-0.27962613024108,0.106773716394133,952,910,0.00896321625265835,0.0539412458290627
"PWY.2942..L.lysine.biosynthesis.III.g__Eubacterium.s__Eubacterium_eligens","study_condition","T2D",-0.27915334145067,0.129838117963893,952,275,0.031807030832392,0.136971102440833
"PEPTIDOGLYCANSYN.PWY..peptidoglycan.biosynthesis.I..meso.diaminopimelate.containing..g__Dialister.s__Dialister_invisus_CAG_218","study_condition","T2D",-0.278162017092037,0.139394796969403,952,200,0.04627470717017,0.175994274964283
"LACTOSECAT.PWY..lactose.and.galactose.degradation.I.unclassified","study_condition","T2D",0.277398658894732,0.120961566457229,952,270,0.0220502748478418,0.104233286125715
"PYRIDNUCSYN.PWY..NAD.biosynthesis.I..from.aspartate..g__Bacteroides.s__Bacteroides_uniformis","study_condition","T2D",0.276983447491684,0.155740189204362,952,661,0.0756430325670114,0.241722753516723
"PWY.6700..queuosine.biosynthesis.g__Akkermansia.s__Akkermansia_muciniphila","study_condition","T2D",0.275845172635186,0.130634584811486,952,220,0.0349840666936295,0.146146655845071
"PWY.5686..UMP.biosynthesis.g__Dialister.s__Dialister_invisus_CAG_218","study_condition","T2D",-0.275648426176503,0.133933066517338,952,198,0.0398531698384085,0.159560078964687
"PWY.5973..cis.vaccenate.biosynthesis.unclassified","study_condition","T2D",-0.274050473945311,0.148126256359329,952,768,0.0646084497092016,0.220539682491796
"PWY.7357..thiamin.formation.from.pyrithiamine.and.oxythiamine..yeast..g__Roseburia.s__Roseburia_inulinivorans","study_condition","T2D",0.272765437746808,0.109134719443503,952,220,0.0126105984659169,0.0692386064771416
"PWY.1042..glycolysis.IV..plant.cytosol..unclassified","study_condition","T2D",-0.270302854585507,0.153086015198956,952,887,0.0777696215032044,0.247059766037326
"PWY.6386..UDP.N.acetylmuramoyl.pentapeptide.biosynthesis.II..lysine.containing..g__Dialister.s__Dialister_invisus","study_condition","T2D",-0.270299579150967,0.144381161338128,952,194,0.0614973295791672,0.213882278777345
"GLUTORN.PWY..L.ornithine.biosynthesis.unclassified","study_condition","T2D",-0.269711106106951,0.12227034811675,952,856,0.0276334129861642,0.124121035508393
"PWY.6123..inosine.5..phosphate.biosynthesis.I.g__Barnesiella.s__Barnesiella_intestinihominis","study_condition","T2D",-0.269307377787633,0.118242650929642,952,194,0.02297365182978,0.107891445144195
"PWY.7221..guanosine.ribonucleotides.de.novo.biosynthesis.g__Akkermansia.s__Akkermansia_muciniphila","study_condition","T2D",0.269080715211533,0.149941816459746,952,214,0.073041469982072,0.237975594448737
"PWY.7323..superpathway.of.GDP.mannose.derived.O.antigen.building.blocks.biosynthesis.unclassified","study_condition","T2D",0.267378259145854,0.120205136498007,952,289,0.0263600099353075,0.119680244421118
"PWY.7197..pyrimidine.deoxyribonucleotide.phosphorylation.g__Dialister.s__Dialister_invisus_CAG_218","study_condition","T2D",-0.267168257888807,0.130386959321604,952,195,0.0407332067046543,0.161861773472483
"PWY.6168..flavin.biosynthesis.III..fungi..g__Dialister.s__Dialister_invisus","study_condition","T2D",-0.267106451957617,0.142954234533587,952,196,0.0620044341737152,0.215300080170158
"PANTO.PWY..phosphopantothenate.biosynthesis.I.g__Barnesiella.s__Barnesiella_intestinihominis","study_condition","T2D",-0.265017486493573,0.11123664439554,952,205,0.0173936322648347,0.0868252820574352
"X1CMET2.PWY..N10.formyl.tetrahydrofolate.biosynthesis.g__Akkermansia.s__Akkermansia_muciniphila","study_condition","T2D",0.264094512425331,0.125500388629406,952,177,0.0356125464255202,0.147774150476763
"PWY.6572..chondroitin.sulfate.degradation.I..bacterial..g__Bacteroides.s__Bacteroides_thetaiotaomicron","study_condition","T2D",0.26363797015319,0.136594870593612,952,228,0.0538962558375616,0.195207685300411
"PWY.621..sucrose.degradation.III..sucrose.invertase..g__Bacteroides.s__Bacteroides_thetaiotaomicron","study_condition","T2D",0.260969718984665,0.128988516607323,952,221,0.0433329255861487,0.169113625766583
"PWY.5188..tetrapyrrole.biosynthesis.I..from.glutamate..g__Akkermansia.s__Akkermansia_muciniphila","study_condition","T2D",0.260905888685658,0.145205022510631,952,198,0.0726842941402367,0.236990206044597
"PWY.6737..starch.degradation.V.unclassified","study_condition","T2D",-0.260063113170075,0.114011411816029,952,906,0.0227681865224873,0.107042614161097
"PWY.5667..CDP.diacylglycerol.biosynthesis.I.unclassified","study_condition","T2D",-0.258798573236054,0.128032624042489,952,876,0.0435245804880406,0.169268011486139
"PWY0.1319..CDP.diacylglycerol.biosynthesis.II.unclassified","study_condition","T2D",-0.258793797697263,0.128032871934787,952,876,0.0435288523764008,0.169268011486139
"ANAEROFRUCAT.PWY..homolactic.fermentation.unclassified","study_condition","T2D",0.257077641962881,0.142115840139352,952,626,0.0707788693588359,0.233770026181357
"THISYN.PWY..superpathway.of.thiamin.diphosphate.biosynthesis.I.unclassified","study_condition","T2D",0.256214000624021,0.136757339664049,952,339,0.0613080575828547,0.213481213778658
"COLANSYN.PWY..colanic.acid.building.blocks.biosynthesis","study_condition","T2D",0.256117983072317,0.0847611154826996,952,892,0.00258164215959204,0.0212924010495877
"PWY.5695..urate.biosynthesis.inosine.5..phosphate.degradation.g__Barnesiella.s__Barnesiella_intestinihominis","study_condition","T2D",-0.255349001592615,0.103947811331909,952,207,0.0142078617859481,0.0756238986271118
"ARGSYNBSUB.PWY..L.arginine.biosynthesis.II..acetyl.cycle..g__Akkermansia.s__Akkermansia_muciniphila","study_condition","T2D",0.25520493379099,0.137091683808429,952,195,0.0629742170521966,0.21718706478376
"PWY.7111..pyruvate.fermentation.to.isobutanol..engineered..g__Barnesiella.s__Barnesiella_intestinihominis","study_condition","T2D",-0.253265937125499,0.123209509142138,952,240,0.0400975883679451,0.160268320045015
"VALSYN.PWY..L.valine.biosynthesis.g__Barnesiella.s__Barnesiella_intestinihominis","study_condition","T2D",-0.253265937125499,0.123209509142138,952,240,0.0400975883679451,0.160268320045015
"GLCMANNANAUT.PWY..superpathway.of.N.acetylglucosamine..N.acetylmannosamine.and.N.acetylneuraminate.degradation.g__Roseburia.s__Roseburia_inulinivorans","study_condition","T2D",0.253146517860887,0.124645163882868,952,215,0.0425402705733023,0.166964022188561
"PANTO.PWY..phosphopantothenate.biosynthesis.I.g__Akkermansia.s__Akkermansia_muciniphila","study_condition","T2D",0.252772007029375,0.137758769284195,952,225,0.0668357125565255,0.225476147541687
"PWY.6892..thiazole.biosynthesis.I..E..coli.","study_condition","T2D",0.252393737104606,0.0793826902440416,952,920,0.00152342914406932,0.0143713468274949
"PWY.5667..CDP.diacylglycerol.biosynthesis.I.g__Dialister.s__Dialister_invisus","study_condition","T2D",-0.251497020071562,0.129947309876503,952,201,0.0532414906832072,0.194544856251719
"PWY0.1319..CDP.diacylglycerol.biosynthesis.II.g__Dialister.s__Dialister_invisus","study_condition","T2D",-0.251497020071562,0.129947309876503,952,201,0.0532414906832072,0.194544856251719
"PWY.7400..L.arginine.biosynthesis.IV..archaebacteria..unclassified","study_condition","T2D",-0.250463668103935,0.12605113815064,952,839,0.0472101142948091,0.178843224279729
"PWY.6897..thiamin.salvage.II.g__Dialister.s__Dialister_invisus_CAG_218","study_condition","T2D",-0.248638869336471,0.128324569680639,952,194,0.0529717557396884,0.194074508210167
"PWY.5104..L.isoleucine.biosynthesis.IV","study_condition","T2D",0.248632654669948,0.137830289731719,952,869,0.0715639810380199,0.234359447219194
"HEMESYN2.PWY..heme.biosynthesis.II..anaerobic..unclassified","study_condition","T2D",0.247935107690017,0.128273630973508,952,316,0.0535511904289036,0.195052596973802
"PWY.3841..folate.transformations.II.g__Akkermansia.s__Akkermansia_muciniphila","study_condition","T2D",0.246577657565606,0.126332320951752,952,203,0.0512542981092892,0.190009512682553
"HSERMETANA.PWY..L.methionine.biosynthesis.III.g__Akkermansia.s__Akkermansia_muciniphila","study_condition","T2D",0.24526037025595,0.128824779608683,952,220,0.0572353306363602,0.203974470498304
"PWY.5484..glycolysis.II..from.fructose.6.phosphate.","study_condition","T2D",0.241593655836177,0.055375375525389,952,935,1.42479974507251e-05,0.00037965433207163
"PWY.6703..preQ0.biosynthesis.g__Akkermansia.s__Akkermansia_muciniphila","study_condition","T2D",0.241484535794593,0.135442307275968,952,198,0.0749174773517412,0.240935785811925
"PWY.5097..L.lysine.biosynthesis.VI.g__Akkermansia.s__Akkermansia_muciniphila","study_condition","T2D",0.236729220698938,0.124536133271539,952,185,0.057620088566992,0.204839887926991
"COA.PWY.1..coenzyme.A.biosynthesis.II..mammalian..g__Akkermansia.s__Akkermansia_muciniphila","study_condition","T2D",0.230575976596376,0.122982203246345,952,194,0.0611178236262599,0.213075826329875
"PANTOSYN.PWY..pantothenate.and.coenzyme.A.biosynthesis.I.g__Alistipes.s__Alistipes_finegoldii","study_condition","T2D",0.228720321027789,0.12983574314634,952,189,0.0784573629326966,0.2484163459419
"DTDPRHAMSYN.PWY..dTDP.L.rhamnose.biosynthesis.I.unclassified","study_condition","T2D",-0.226902155536466,0.0950144015509611,952,930,0.0171316999828972,0.0861559360347791
"GLYCOLYSIS..glycolysis.I..from.glucose.6.phosphate.","study_condition","T2D",0.224994947610799,0.052840746684983,952,935,2.26834994160701e-05,0.000557793880529752
"PWY0.1261..anhydromuropeptides.recycling","study_condition","T2D",0.224965930410233,0.086925535832963,952,889,0.0098004897536994,0.0575795395298757
"GLYCOGENSYNTH.PWY..glycogen.biosynthesis.I..from.ADP.D.Glucose..g__Eubacterium.s__Eubacterium_eligens","study_condition","T2D",-0.22293391365288,0.125308452237876,952,235,0.0755471360210905,0.241683855907885
"PWY.5686..UMP.biosynthesis.g__Barnesiella.s__Barnesiella_intestinihominis","study_condition","T2D",-0.221512329276038,0.0880996950493405,952,194,0.0120904361751209,0.0674199467331275
"PWY.724..superpathway.of.L.lysine..L.threonine.and.L.methionine.biosynthesis.II.unclassified","study_condition","T2D",-0.216374706312513,0.120970659695166,952,833,0.0739900445960657,0.240206405292387
"UDPNAGSYN.PWY..UDP.N.acetyl.D.glucosamine.biosynthesis.I","study_condition","T2D",0.201416327566104,0.0673750660087907,952,926,0.00286676241862815,0.0231803571851725
"PWY0.162..superpathway.of.pyrimidine.ribonucleotides.de.novo.biosynthesis","study_condition","T2D",0.182340344563445,0.0908246719121055,952,906,0.0449686399996637,0.172848833731508
"PWY.5188..tetrapyrrole.biosynthesis.I..from.glutamate.","study_condition","T2D",0.16653406979738,0.081120848135115,952,920,0.0403552878346297,0.160900917425365
"SER.GLYSYN.PWY..superpathway.of.L.serine.and.glycine.biosynthesis.I","study_condition","T2D",0.162252898561942,0.0497266993015533,952,943,0.00114225753923716,0.0117342233568135
"PWY.6936..seleno.amino.acid.biosynthesis","study_condition","T2D",0.161237128932751,0.0549120454845927,952,943,0.00340211271064504,0.0264235839230368
"NONOXIPENT.PWY..pentose.phosphate.pathway..non.oxidative.branch.","study_condition","T2D",0.15819336268686,0.0577141137722008,952,944,0.00624091732591537,0.0412882689399749
"RHAMCAT.PWY..L.rhamnose.degradation.I","study_condition","T2D",0.158015397508896,0.0709201539114381,952,938,0.0261097252549007,0.119082608658509
"PWY0.1586..peptidoglycan.maturation..meso.diaminopimelate.containing.","study_condition","T2D",0.155787460696928,0.0399060436398014,952,948,0.000101381902575327,0.00182529579272833
"OANTIGEN.PWY..O.antigen.building.blocks.biosynthesis..E..coli.","study_condition","T2D",0.144131788181343,0.0568030175967174,952,926,0.0113274506538768,0.064156783951977
"PWY0.1296..purine.ribonucleosides.degradation","study_condition","T2D",-0.135379474040767,0.0676584052961168,952,938,0.0456853676875804,0.174519313707299
"ARGSYNBSUB.PWY..L.arginine.biosynthesis.II..acetyl.cycle.","study_condition","T2D",-0.134155444435064,0.0554236616258145,952,942,0.015684497931192,0.0810428115060398
"THISYN.PWY..superpathway.of.thiamin.diphosphate.biosynthesis.I","study_condition","T2D",0.129265625763799,0.0499694360285291,952,919,0.00983264260918262,0.057651106970563
"PWY4FS.7..phosphatidylglycerol.biosynthesis.I..plastidic.","study_condition","T2D",0.123120884155,0.0663461407385663,952,932,0.0638017887512678,0.21911473285629
"PWY4FS.8..phosphatidylglycerol.biosynthesis.II..non.plastidic.","study_condition","T2D",0.123116266506977,0.0663460776203986,952,932,0.0638114730096492,0.21911473285629
"PWY.6125..superpathway.of.guanosine.nucleotides.de.novo.biosynthesis.II","study_condition","T2D",0.121440291290558,0.0445413353955633,952,942,0.00651996090470983,0.0424852230510061
"PWY.7228..superpathway.of.guanosine.nucleotides.de.novo.biosynthesis.I","study_condition","T2D",0.119030217155499,0.0447281558648362,952,944,0.00791824319307557,0.0492261206403693
"ASPASN.PWY..superpathway.of.L.aspartate.and.L.asparagine.biosynthesis","study_condition","T2D",0.118330252157343,0.0359341473092709,952,946,0.00102803215020276,0.0108043184717911
"PWY.6147..6.hydroxymethyl.dihydropterin.diphosphate.biosynthesis.I","study_condition","T2D",0.115670918436372,0.0576002372761911,952,941,0.0449090779977865,0.172696543277456
"PWY.7400..L.arginine.biosynthesis.IV..archaebacteria.","study_condition","T2D",-0.115127744028241,0.0505128425262084,952,940,0.0228782954225658,0.107501919891166
"PHOSLIPSYN.PWY..superpathway.of.phospholipid.biosynthesis.I..bacteria.","study_condition","T2D",0.114803619677584,0.0603592324338811,952,929,0.057473572068783,0.204486908017938
"PWY.6609..adenine.and.adenosine.salvage.III","study_condition","T2D",-0.114256211300703,0.0268495181407757,952,950,2.29389835183781e-05,0.000559581964138463
"ARGSYN.PWY..L.arginine.biosynthesis.I..via.L.ornithine.","study_condition","T2D",-0.114000392144611,0.049324880977271,952,940,0.0210349515126418,0.100697998949407
"PWY.7539..6.hydroxymethyl.dihydropterin.diphosphate.biosynthesis.III..Chlamydia.","study_condition","T2D",0.108416965993912,0.0571768457047,952,941,0.0582418566173337,0.206288130186548
"PWY.7184..pyrimidine.deoxyribonucleotides.de.novo.biosynthesis.I","study_condition","T2D",0.106401694384919,0.0531264097034104,952,937,0.0454831623055746,0.17405399273808
"PWY.6151..S.adenosyl.L.methionine.cycle.I","study_condition","T2D",-0.103575927564224,0.0329727843682736,952,951,0.00173447320248026,0.0160395750042612
"ANAEROFRUCAT.PWY..homolactic.fermentation","study_condition","T2D",0.101868069881245,0.0448544790205015,952,931,0.0233659557936821,0.109555591322841
"TRNA.CHARGING.PWY..tRNA.charging","study_condition","T2D",-0.0874116332518557,0.0265220049240535,952,947,0.00101781293793428,0.0107099149969755
"PWY.7208..superpathway.of.pyrimidine.nucleobases.salvage","study_condition","T2D",0.0837288798782331,0.0464150463095683,952,943,0.0715620287668911,0.234359447219194
"PWY.7219..adenosine.ribonucleotides.de.novo.biosynthesis","study_condition","T2D",-0.0783027258087935,0.0271343945305037,952,951,0.00399364109515754,0.0297376886363408
"PWY.5686..UMP.biosynthesis","study_condition","T2D",-0.0764948072082764,0.0269471034246177,952,950,0.00462659345381795,0.03298244026255
"PWY.1042..glycolysis.IV..plant.cytosol.","study_condition","T2D",-0.0764878971343738,0.0249107507887338,952,949,0.00219813130885658,0.0188847392209305
"PWY.3841..folate.transformations.II","study_condition","T2D",-0.0705107014593514,0.0274298281419862,952,947,0.0103044866688732,0.0597701637993586
"PWY.7221..guanosine.ribonucleotides.de.novo.biosynthesis","study_condition","T2D",-0.0668721601701557,0.0251850762477477,952,949,0.00805851210139035,0.0499189662360804
"PWY.4242..pantothenate.and.coenzyme.A.biosynthesis.III","study_condition","T2D",-0.0581471578022575,0.0325747726258688,952,946,0.074575388512129,0.240805706951769
"PWY.6700..queuosine.biosynthesis","study_condition","T2D",-0.0581148997360816,0.0269810207796884,952,950,0.0314983776577781,0.136113734414365
"PEPTIDOGLYCANSYN.PWY..peptidoglycan.biosynthesis.I..meso.diaminopimelate.containing.","study_condition","T2D",-0.0539518112910192,0.0266864663948799,952,948,0.0434890226714481,0.169268011486139
"PWY.6387..UDP.N.acetylmuramoyl.pentapeptide.biosynthesis.I..meso.diaminopimelate.containing.","study_condition","T2D",-0.0529433544575292,0.0262874847305774,952,948,0.0442904852218258,0.171153771539943
"COA.PWY.1..coenzyme.A.biosynthesis.II..mammalian.","study_condition","T2D",-0.050255024893697,0.0277777143372553,952,948,0.0707392587760332,0.233728340709823
"PWY.7199..pyrimidine.deoxyribonucleosides.salvage","study_condition","T2D",-0.0473794464694486,0.0258660932394359,952,947,0.0673070826354396,0.226185229190108
